id,tipo,estado,oferta,precio,moneda,nro_ambientes,nro_banios,zona,ciudad,area_m2,latitud,longitud,precio_log,precio_win,area_m2_log,area_m2_win,nro_ambientes_log,nro_ambientes_win,nro_banios_log,nro_banios_win,estado_cod,oferta_cod,moneda_cod,tipo_cod,ciudad_cod,zona_cod,area_m2_win_std,nro_ambientes_win_std,nro_banios_win_std,tipo_cod_std,estado_cod_std,oferta_cod_std,zona_cod_std,ciudad_cod_std,latitud_std,longitud_std
CAS00001,casa,disponible,alquiler,2500.0,dolar,4,6,Aranjuez,La Paz,450.0,-16.556362,-68.109787,7.824445930877619,7.824445930877619,6.111467339502679,6.111467339502679,1.6094379124341003,1.6094379124341003,1.9459101490553132,1.9459101490553132,1,0,0,293318.67804873566,215530.76107594935,254486.02420655577,0.5024574412363376,0.6137811675983271,1.1391207070245153,0.11763177455760256,-0.016114366641495355,-1.222499172317344,-0.0052426654242366715,-0.9483664637200454,0.8910302723488064,-1.0019054548652389
DEP00001,departamento,disponible,alquiler,650.0,dolar,3,3,Calacoto,La Paz,160.0,-16.541677,-68.083839,6.478509642208569,6.478509642208569,5.081404364984463,5.081404364984463,1.3862943611198906,1.3862943611198906,1.3862943611198906,1.3862943611198906,1,0,0,71095.44020000269,215530.76107594935,88304.6800232977,-0.33334601519448065,0.2826249270494829,0.2859237748832662,-0.8037047775075877,-0.016114366641495355,-1.222499172317344,-1.1908548128524579,-0.9483664637200454,0.9129941380914897,-0.9912289875213643
TER00001,terreno,disponible,venta,85500.0,dolar,0,0,Mallasilla,La Paz,310.0,-16.566319,-68.100128,11.356283350762888,11.356283350762888,5.739792912179234,5.739792912179234,0.0,0.0,0.0,0.0,1,2,0,687663.6869501647,215530.76107594935,272561.5281283459,0.20087707313391476,-1.7747055502094886,-1.8276372100843195,1.7525844210160881,-0.016114366641495355,0.8280415687087431,0.12371607615946424,-0.9483664637200454,0.8761379188452384,-0.9979311987347288
CAS00002,casa,disponible,venta,280000.0,dolar,4,5,Mallasa,La Paz,350.0,-16.58375,-68.078125,12.54254845357358,12.54254845357358,5.860786223465865,5.860786223465865,1.6094379124341003,1.6094379124341003,1.791759469228055,1.791759469228055,1,2,0,293318.67804873566,215530.76107594935,283544.2424833193,0.29905226269033564,0.6137811675983271,0.9041007344799207,0.11763177455760256,-0.016114366641495355,0.8280415687087431,0.20207167988253602,-0.9483664637200454,0.8500669522970139,-0.9888779263835937
PAR00001,parqueo,disponible,venta,9000.0,dolar,0,0,San Jorge,La Paz,10.0,-16.513435,-68.120384,9.105090961257085,9.105090961257085,2.3978952727983707,3.4011973816621555,0.0,0.0,0.0,0.0,1,2,0,218605.7220172926,215530.76107594935,232957.16613209486,-1.6966828585916696,-1.7747055502094886,-1.8276372100843195,-0.1921278076129368,-0.016114366641495355,0.8280415687087431,-0.15883918240264788,-0.9483664637200454,0.9552347575198066,-1.0062656569788155
CAS00003,casa,disponible,alquiler,2500.0,dolar,5,4,Obrajes,La Paz,260.0,-16.524572,-68.113152,7.824445930877619,7.824445930877619,5.564520407322694,5.564520407322694,1.791759469228055,1.791759469228055,1.6094379124341003,1.6094379124341003,1,0,0,293318.67804873566,215530.76107594935,214249.3211053662,0.05865920005202667,0.8843555174431118,0.6261311055427021,0.11763177455760256,-0.016114366641495355,-1.222499172317344,-0.2923093286751119,-0.9483664637200454,0.9385775172898972,-1.003290005220263
CAS00004,casa,disponible,venta,768000.0,dolar,5,6,Auquisamaña,La Paz,475.0,-16.548054,-68.069832,13.551546314212295,13.551546314212295,6.16541785423142,6.16541785423142,1.791759469228055,1.791759469228055,1.9459101490553132,1.9459101490553132,1,2,0,293318.67804873566,215530.76107594935,340279.9913660373,0.5462334314446982,0.8843555174431118,1.1391207070245153,0.11763177455760256,-0.016114366641495355,0.8280415687087431,0.60684992619765,-0.9483664637200454,0.9034562714356434,-0.9854657195205331
DEP00002,departamento,disponible,alquiler,570.0,dolar,2,3,Calacoto,La Paz,150.0,-16.539167,-68.074059,6.3473892096560105,6.3473892096560105,5.017279836814924,5.017279836814924,1.0986122886681098,1.0986122886681098,1.3862943611198906,1.3862943611198906,1,0,0,71095.44020000269,215530.76107594935,88304.6800232977,-0.38537730222444483,-0.1443097211863738,0.2859237748832662,-0.8037047775075877,-0.016114366641495355,-1.222499172317344,-1.1908548128524579,-0.9483664637200454,0.9167482615517658,-0.9872049451819545
CAS00005,casa,disponible,venta,350000.0,dolar,4,5,Río Abajo,La Paz,393.0,-16.594164,-68.071121,12.765691290604371,12.765691290604371,5.976350909297934,5.976350909297934,1.6094379124341003,1.6094379124341003,1.791759469228055,1.791759469228055,1,2,0,293318.67804873566,215530.76107594935,286386.1732485499,0.3928226109595388,0.6137811675983271,0.9041007344799207,0.11763177455760256,-0.016114366641495355,0.8280415687087431,0.2223472869548421,-0.9483664637200454,0.8344910791036655,-0.9859960866550426
DEP00003,departamento,disponible,venta,155000.0,dolar,3,3,Achumani,La Paz,103.0,-16.519627,-68.06356,11.951186847493476,11.951186847493476,4.6443908991413725,4.6443908991413725,1.3862943611198906,1.3862943611198906,1.3862943611198906,1.3862943611198906,1,2,0,71095.44020000269,215530.76107594935,165865.41974652268,-0.6879431362387604,0.2826249270494829,0.2859237748832662,-0.8037047775075877,-0.016114366641495355,0.8280415687087431,-0.6375017536909693,-0.9483664637200454,0.9459735892066526,-0.9828850657830239
CAS00006,casa,disponible,venta,460000.0,dolar,3,3,Achumani,La Paz,547.0,-16.517569,-68.062363,13.038983942375959,13.038983942375959,6.306275286948016,6.306275286948016,1.3862943611198906,1.3862943611198906,1.3862943611198906,1.3862943611198906,1,2,0,293318.67804873566,215530.76107594935,165865.41974652268,0.6605265688944415,0.2826249270494829,0.2859237748832662,0.11763177455760256,-0.016114366641495355,0.8280415687087431,-0.6375017536909693,-0.9483664637200454,0.9490516713107318,-0.9823925526255353
DEP00004,departamento,disponible,alquiler,1500.0,dolar,3,5,Achumani,La Paz,220.0,-16.529913,-68.073952,7.313886831633462,7.313886831633462,5.3981627015177525,5.3981627015177525,1.3862943611198906,1.3862943611198906,1.791759469228055,1.791759469228055,1,0,0,71095.44020000269,215530.76107594935,165865.41974652268,-0.07632511542703853,0.2826249270494829,0.9041007344799207,-0.8037047775075877,-0.016114366641495355,-1.222499172317344,-0.6375017536909693,-0.9483664637200454,0.9305891613531113,-0.9871609193608586
OFI00001,oficina,disponible,venta,220000.0,dolar,5,3,Sopocachi,La Paz,221.0,-16.512682,-68.12532,12.301387370778713,12.301387370778713,5.402677381872279,5.402677381872279,1.791759469228055,1.791759469228055,1.3862943611198906,1.3862943611198906,1,2,0,127588.56880770384,215530.76107594935,476606.72866823,-0.07266185838514869,0.8843555174431118,0.2859237748832662,-0.5694845184983812,-0.016114366641495355,0.8280415687087431,1.5794659352876712,-0.9483664637200454,0.9563609945578884,-1.0082966051370308
LOC00001,local comercial,disponible,venta,224000.0,dolar,2,4,Achumani,La Paz,168.0,-16.518681,-68.056099,12.319405795112926,12.319405795112926,5.1298987149230735,5.1298987149230735,1.0986122886681098,1.0986122886681098,1.6094379124341003,1.6094379124341003,1,2,0,225639.55594352554,215530.76107594935,165865.41974652268,-0.29399721196716944,-0.1443097211863738,0.6261311055427021,-0.16296556355542782,-0.016114366641495355,0.8280415687087431,-0.6375017536909693,-0.9483664637200454,0.9473884899211611,-0.9798151905382049
CAS00007,casa,disponible,venta,160000.0,dolar,5,5,Achumani,La Paz,367.0,-16.51189,-68.065796,11.982935344196433,11.982935344196433,5.908082938168931,5.908082938168931,1.791759469228055,1.791759469228055,1.791759469228055,1.791759469228055,1,2,0,293318.67804873566,215530.76107594935,165865.41974652268,0.3374292926434161,0.8843555174431118,0.9041007344799207,0.11763177455760256,-0.016114366641495355,0.8280415687087431,-0.6375017536909693,-0.9483664637200454,0.957545562597944,-0.9838050820070495
DEP00005,departamento,disponible,alquiler,550.0,dolar,3,4,Calacoto,La Paz,157.0,-16.538263,-68.079208,6.311734809152915,6.311734809152915,5.062595033026967,5.062595033026967,1.3862943611198906,1.3862943611198906,1.6094379124341003,1.6094379124341003,1,0,0,71095.44020000269,215530.76107594935,88304.6800232977,-0.3486080963022722,0.2826249270494829,0.6261311055427021,-0.8037047775075877,-0.016114366641495355,-1.222499172317344,-1.1908548128524579,-0.9483664637200454,0.9181003442641493,-0.9893235335260846
DEP00006,departamento,disponible,venta,136400.0,dolar,3,3,Achumani,La Paz,125.0,-16.513908,-68.05912,11.823354355742923,11.823354355742923,4.836281906951478,4.836281906951478,1.3862943611198906,1.3862943611198906,1.3862943611198906,1.3862943611198906,1,2,0,71095.44020000269,215530.76107594935,165865.41974652268,-0.5322408427351091,0.2826249270494829,0.2859237748832662,-0.8037047775075877,-0.016114366641495355,0.8280415687087431,-0.6375017536909693,-0.9483664637200454,0.9545273071625523,-0.981058199935682
OFI00002,oficina,disponible,alquiler,980.0,dolar,1,1,San Jorge,La Paz,157.0,-16.509956,-68.124435,6.8885724595653635,6.8885724595653635,5.062595033026967,5.062595033026967,0.6931471805599453,0.6931471805599453,0.6931471805599453,0.6931471805599453,1,0,0,127588.56880770384,215530.76107594935,232957.16613209486,-0.3486080963022722,-0.7460403115800028,-0.7708567176005267,-0.5694845184983812,-0.016114366641495355,-1.222499172317344,-0.15883918240264788,-0.9483664637200454,0.9604381820290911,-1.0079324663363798
CAS00008,casa,disponible,alquiler,1300.0,dolar,3,4,Auquisamaña,La Paz,320.0,-16.548332,-68.069252,7.170888478512505,7.170888478512505,5.771441123130016,5.771441123130016,1.3862943611198906,1.3862943611198906,1.6094379124341003,1.6094379124341003,1,0,0,293318.67804873566,215530.76107594935,340279.9913660373,0.22655674977202245,0.2826249270494829,0.6261311055427021,0.11763177455760256,-0.016114366641495355,-1.222499172317344,0.60684992619765,-0.9483664637200454,0.9030404760882534,-0.9852270748828177
DEP00007,departamento,disponible,alquiler,570.0,dolar,2,2,Calacoto,La Paz,120.0,-16.539497,-68.078262,6.3473892096560105,6.3473892096560105,4.795790545596741,4.795790545596741,1.0986122886681098,1.0986122886681098,1.0986122886681098,1.0986122886681098,1,0,0,71095.44020000269,215530.76107594935,88304.6800232977,-0.5650959405428011,-0.1443097211863738,-0.152679758003872,-0.8037047775075877,-0.016114366641495355,-1.222499172317344,-1.1908548128524579,-0.9483664637200454,0.9162546915350738,-0.9889342958928452
CAS00009,casa,disponible,alquiler,500.0,dolar,2,2,Achumani,La Paz,120.0,-16.510698,-68.058052,6.2166061010848646,6.2166061010848646,4.795790545596741,4.795790545596741,1.0986122886681098,1.0986122886681098,1.0986122886681098,1.0986122886681098,1,0,0,293318.67804873566,215530.76107594935,165865.41974652268,-0.5650959405428011,-0.1443097211863738,-0.152679758003872,0.11763177455760256,-0.016114366641495355,-1.222499172317344,-0.6375017536909693,-0.9483664637200454,0.9593283973248946,-0.9806187646372719
DEP00008,departamento,disponible,alquiler,2200.0,dolar,4,5,Achumani,La Paz,241.0,-16.526087,-68.065689,7.696667081526462,7.696667081526462,5.488937726156687,5.488937726156687,1.6094379124341003,1.6094379124341003,1.791759469228055,1.791759469228055,1,0,0,71095.44020000269,215530.76107594935,165865.41974652268,-0.002669347549059839,0.6137811675983271,0.9041007344799207,-0.8037047775075877,-0.016114366641495355,-1.222499172317344,-0.6375017536909693,-0.9483664637200454,0.9363115822132754,-0.9837610561859538
LOC00002,local comercial,disponible,alquiler,2100.0,dolar,1,3,Calacoto,La Paz,196.0,-16.54501,-68.084526,7.650168700845001,7.650168700845001,5.2832037287379885,5.2832037287379885,0.6931471805599453,0.6931471805599453,1.3862943611198906,1.3862943611198906,1,0,0,225639.55594352554,215530.76107594935,88304.6800232977,-0.1696039820342024,-0.7460403115800028,0.2859237748832662,-0.16296556355542782,-0.016114366641495355,-1.222499172317344,-1.1908548128524579,-0.9483664637200454,0.9080090809229237,-0.9915116579801756
DEP00009,departamento,disponible,venta,172000.0,dolar,4,3,Sopocachi,La Paz,155.0,-16.51082,-68.126396,12.055255569732177,12.055255569732177,5.049856007249537,5.049856007249537,1.6094379124341003,1.6094379124341003,1.3862943611198906,1.3862943611198906,1,2,0,71095.44020000269,215530.76107594935,476606.72866823,-0.3589446699290615,0.6137811675983271,0.2859237748832662,-0.8037047775075877,-0.016114366641495355,0.8280415687087431,1.5794659352876712,-0.9483664637200454,0.9591459259853949,-1.0087393320856197
OFI00003,oficina,disponible,alquiler,430.0,dolar,1,1,San Jorge,La Paz,60.0,-16.51193,-68.121948,6.066108090103747,6.066108090103747,4.110873864173311,4.110873864173311,0.6931471805599453,0.6931471805599453,0.6931471805599453,0.6931471805599453,1,0,0,127588.56880770384,215530.76107594935,232957.16613209486,-1.1208442237665324,-0.7460403115800028,-0.7708567176005267,-0.5694845184983812,-0.016114366641495355,-1.222499172317344,-0.15883918240264788,-0.9483664637200454,0.9574857359292566,-1.0069091745881047
CAS00010,casa,disponible,alquiler,700.0,dolar,1,1,Achumani,La Paz,20.0,-16.53018,-68.069916,6.55250788703459,6.55250788703459,3.044522437723423,3.4011973816621555,0.6931471805599453,0.6931471805599453,0.6931471805599453,0.6931471805599453,1,0,0,293318.67804873566,215530.76107594935,165865.41974652268,-1.6966828585916696,-0.7460403115800028,-0.7708567176005267,0.11763177455760256,-0.016114366641495355,-1.222499172317344,-0.6375017536909693,-0.9483664637200454,0.9301898183396067,-0.9855002818473751
CAS00011,casa,disponible,alquiler,2000.0,dolar,4,6,Irpavi,La Paz,430.0,-16.521395,-68.087128,7.601402334583733,7.601402334583733,6.066108090103747,6.066108090103747,1.6094379124341003,1.6094379124341003,1.9459101490553132,1.9459101490553132,1,0,0,293318.67804873566,215530.76107594935,145975.06199191516,0.4656524901152993,0.6137811675983271,1.1391207070245153,0.11763177455760256,-0.016114366641495355,-1.222499172317344,-0.7794084754500027,-0.9483664637200454,0.943329250450573,-0.9925822671997251
DEP00010,departamento,disponible,venta,135000.0,dolar,2,3,San Miguel,La Paz,115.0,-16.542953,-68.079849,11.813037464800539,11.813037464800539,4.7535901911063645,4.7535901911063645,1.0986122886681098,1.0986122886681098,1.3862943611198906,1.3862943611198906,1,2,0,71095.44020000269,215530.76107594935,138042.37744274875,-0.5993377325673712,-0.1443097211863738,0.2859237748832662,-0.8037047775075877,-0.016114366641495355,0.8280415687087431,-0.8360038003309732,-0.9483664637200454,0.9110856673602892,-0.9895872769963884
DEP00011,departamento,disponible,venta,107900.0,dolar,2,2,Cota Cota,La Paz,102.0,-16.541842,-68.066032,11.588969419043872,11.588969419043872,4.634728988229636,4.634728988229636,1.0986122886681098,1.0986122886681098,1.0986122886681098,1.0986122886681098,1,2,0,71095.44020000269,215530.76107594935,359218.9313947517,-0.6957829079182863,-0.1443097211863738,-0.152679758003872,-0.8037047775075877,-0.016114366641495355,0.8280415687087431,0.7419688077292422,-0.9483664637200454,0.9127473530831464,-0.983902185687224
OFI00004,oficina,disponible,venta,184000.0,dolar,5,2,Centro,La Paz,122.0,-16.500656,-68.133301,12.122696471358964,12.122696471358964,4.812184355372417,4.812184355372417,1.791759469228055,1.791759469228055,1.0986122886681098,1.0986122886681098,1,2,0,127588.56880770384,215530.76107594935,288595.4885427981,-0.5517938384252215,0.8843555174431118,-0.152679758003872,-0.5694845184983812,-0.016114366641495355,0.8280415687087431,0.2381095318881303,-0.9483664637200454,0.9743478824994314,-1.0115804376432538
DEP00012,departamento,disponible,alquiler,350.0,dolar,1,1,Calacoto,La Paz,64.0,-16.538921,-68.07328,5.860786223465865,5.860786223465865,4.174387269895637,4.174387269895637,0.6931471805599453,0.6931471805599453,0.6931471805599453,0.6931471805599453,1,0,0,71095.44020000269,215530.76107594935,88304.6800232977,-1.0693088076360366,-0.7460403115800028,-0.7708567176005267,-0.8037047775075877,-0.016114366641495355,-1.222499172317344,-1.1908548128524579,-0.9483664637200454,0.9171161955642081,-0.9868844207461224
CAS00012,casa,disponible,alquiler,1200.0,dolar,3,6,Achumani,La Paz,400.0,-16.521067,-68.064873,7.0909098220799835,7.0909098220799835,5.993961427306569,5.993961427306569,1.3862943611198906,1.3862943611198906,1.9459101490553132,1.9459101490553132,1,0,0,293318.67804873566,215530.76107594935,165865.41974652268,0.40711196237326097,0.2826249270494829,1.1391207070245153,0.11763177455760256,-0.016114366641495355,-1.222499172317344,-0.6375017536909693,-0.9483664637200454,0.9438198291338276,-0.9834253078680639
DEP00013,departamento,disponible,alquiler,1500.0,dolar,3,5,Calacoto,La Paz,235.0,-16.54044,-68.088104,7.313886831633462,7.313886831633462,5.4638318050256105,5.4638318050256105,1.3862943611198906,1.3862943611198906,1.791759469228055,1.791759469228055,1,0,0,71095.44020000269,215530.76107594935,88304.6800232977,-0.023040544434422664,0.2826249270494829,0.9041007344799207,-0.8037047775075877,-0.016114366641495355,-1.222499172317344,-1.1908548128524579,-0.9483664637200454,0.9148442778207163,-0.9929838485211202
DEP00014,departamento,disponible,alquiler,1800.0,dolar,3,4,Calacoto,La Paz,260.0,-16.541471,-68.087105,7.496097345175956,7.496097345175956,5.564520407322694,5.564520407322694,1.3862943611198906,1.3862943611198906,1.6094379124341003,1.6094379124341003,1,0,0,71095.44020000269,215530.76107594935,88304.6800232977,0.05865920005202667,0.2826249270494829,0.6261311055427021,-0.8037047775075877,-0.016114366641495355,-1.222499172317344,-1.1908548128524579,-0.9483664637200454,0.9133022454352393,-0.9925728037054655
CAS00013,casa,disponible,alquiler,1100.0,dolar,3,4,Achumani,La Paz,230.0,-16.523331,-68.065109,7.00397413672268,7.00397413672268,5.442417710521793,5.442417710521793,1.3862943611198906,1.3862943611198906,1.6094379124341003,1.6094379124341003,1,0,0,293318.67804873566,215530.76107594935,165865.41974652268,-0.04041615606729196,0.2826249270494829,0.6261311055427021,0.11763177455760256,-0.016114366641495355,-1.222499172317344,-0.6375017536909693,-0.9483664637200454,0.9404336396859937,-0.9835224115482384
CAS00014,casa,disponible,venta,125000.0,dolar,3,3,Río Abajo,La Paz,220.0,-16.602203,-68.065567,11.736077016252437,11.736077016252437,5.3981627015177525,5.3981627015177525,1.3862943611198906,1.3862943611198906,1.3862943611198906,1.3862943611198906,1,2,0,293318.67804873566,215530.76107594935,286386.1732485499,-0.07632511542703853,0.2826249270494829,0.2859237748832662,0.11763177455760256,-0.016114366641495355,0.8280415687087431,0.2223472869548421,-0.9483664637200454,0.8224674143637654,-0.9837108585207772
CAS00015,casa,disponible,venta,695000.0,dolar,7,6,Achumani,La Paz,791.0,-16.518805,-68.063904,13.451668563394815,13.451668563394815,6.674561391814426,6.674561391814426,2.0794415416798357,2.0794415416798357,1.9459101490553132,1.9459101490553132,1,2,0,293318.67804873566,215530.76107594935,165865.41974652268,0.9593576180803037,1.3112901656789684,1.1391207070245153,0.11763177455760256,-0.016114366641495355,0.8280415687087431,-0.6375017536909693,-0.9483664637200454,0.9472030272482239,-0.9830266067405651
TER00002,terreno,disponible,venta,265000.0,dolar,0,0,Irpavi,La Paz,2000.0,-16.502714,-68.080948,12.487488878546145,12.487488878546145,7.601402334583733,7.601402334583733,0.0,0.0,0.0,0.0,1,2,0,687663.6869501647,215530.76107594935,145975.06199191516,1.7114056798898358,-1.7747055502094886,-1.8276372100843195,1.7525844210160881,-0.016114366641495355,0.8280415687087431,-0.7794084754500027,-0.9483664637200454,0.9712698003953469,-0.9900394674392368
CAS00016,casa,disponible,venta,190000.0,dolar,3,3,Koani,La Paz,240.0,-16.527349,-68.078781,12.154784614286667,12.154784614286667,5.484796933490655,5.484796933490655,1.3862943611198906,1.3862943611198906,1.3862943611198906,1.3862943611198906,1,2,0,293318.67804873566,215530.76107594935,267866.7550229507,-0.006029228360474918,0.2826249270494829,0.2859237748832662,0.11763177455760256,-0.016114366641495355,0.8280415687087431,0.09022146188412354,-0.9483664637200454,0.9344240508161165,-0.9891478416979782
CAS00017,casa,disponible,venta,510000.0,dolar,5,4,Achumani,La Paz,383.0,-16.536989,-68.081161,13.1421679654829,13.1421679654829,5.950642552587727,5.950642552587727,1.791759469228055,1.791759469228055,1.6094379124341003,1.6094379124341003,1,2,0,293318.67804873566,215530.76107594935,165865.41974652268,0.37196259178683005,0.8843555174431118,0.6261311055427021,0.11763177455760256,-0.016114366641495355,0.8280415687087431,-0.6375017536909693,-0.9483664637200454,0.9200058236619176,-0.9901271076251517
DEP00015,departamento,disponible,alquiler,850.0,dolar,2,2,Calacoto,La Paz,106.0,-16.537645,-68.078308,6.7464121285733745,6.7464121285733745,4.672828834461906,4.672828834461906,1.0986122886681098,1.0986122886681098,1.0986122886681098,1.0986122886681098,1,0,0,71095.44020000269,215530.76107594935,88304.6800232977,-0.6648683095314177,-0.1443097211863738,-0.152679758003872,-0.8037047775075877,-0.016114366641495355,-1.222499172317344,-1.1908548128524579,-0.9483664637200454,0.9190246662954032,-0.9889532228813586
DEP00016,departamento,disponible,venta,98000.0,dolar,2,2,Sopocachi,La Paz,89.0,-16.516087,-68.129997,11.49273296168228,11.49273296168228,4.499809670330265,4.499809670330265,1.0986122886681098,1.0986122886681098,1.0986122886681098,1.0986122886681098,1,2,0,71095.44020000269,215530.76107594935,476606.72866823,-0.8052577992882298,-0.1443097211863738,-0.152679758003872,-0.8037047775075877,-0.016114366641495355,0.8280415687087431,1.5794659352876712,-0.9483664637200454,0.9512682493856871,-1.010220986120818
DEP00017,departamento,disponible,venta,105000.0,dolar,1,1,La Florida,La Paz,65.0,-16.548426,-68.087814,11.561725152903833,11.561725152903833,4.189654742026425,4.189654742026425,0.6931471805599453,0.6931471805599453,0.6931471805599453,0.6931471805599453,1,2,0,71095.44020000269,215530.76107594935,307658.8642004635,-1.0569206272106189,-0.7460403115800028,-0.7708567176005267,-0.8037047775075877,-0.016114366641495355,0.8280415687087431,0.3741161929354213,-0.9483664637200454,0.9028998834168318,-0.9928645262022596
CAS00018,casa,disponible,venta,1000000.0,dolar,5,9,Río Abajo,La Paz,993.0,-16.60766,-68.070366,13.815511557963774,13.815511557963774,6.901737206656574,6.901737206656574,1.791759469228055,1.791759469228055,2.302585092994046,2.302585092994046,1,2,0,293318.67804873566,215530.76107594935,286386.1732485499,1.1436903588541034,0.8843555174431118,1.6829115980264955,0.11763177455760256,-0.016114366641495355,0.8280415687087431,0.2223472869548421,-0.9483664637200454,0.8143055610877818,-0.9856854371697411
DEP00018,departamento,disponible,venta,135000.0,dolar,3,3,Miraflores,La Paz,118.0,-16.488476,-68.125191,11.813037464800539,11.813037464800539,4.77912349311153,4.77912349311153,1.3862943611198906,1.3862943611198906,1.3862943611198906,1.3862943611198906,1,2,0,71095.44020000269,215530.76107594935,387897.8094654558,-0.5786197545427844,0.2826249270494829,0.2859237748832662,-0.8037047775075877,-0.016114366641495355,0.8280415687087431,0.9465767700871803,-0.9483664637200454,0.9925651031154271,-1.0082435272779522
LOC00003,local comercial,disponible,venta,213000.0,dolar,2,4,Achumani,La Paz,165.0,-16.518517,-68.055687,12.269052139516223,12.269052139516223,5.111987788356544,5.111987788356544,1.0986122886681098,1.0986122886681098,1.6094379124341003,1.6094379124341003,1,2,0,225639.55594352554,215530.76107594935,165865.41974652268,-0.30853031790584856,-0.1443097211863738,0.6261311055427021,-0.16296556355542782,-0.016114366641495355,0.8280415687087431,-0.6375017536909693,-0.9483664637200454,0.947633779262791,-0.9796456705541735
DEP00019,departamento,disponible,alquiler,500.0,dolar,1,1,Los Pinos,La Paz,48.0,-16.538921,-68.076202,6.2166061010848646,6.2166061010848646,3.8918202981106265,3.8918202981106265,0.6931471805599453,0.6931471805599453,0.6931471805599453,0.6931471805599453,1,0,0,71095.44020000269,215530.76107594935,208233.91537402666,-1.2985864901986621,-0.7460403115800028,-0.7708567176005267,-0.8037047775075877,-0.016114366641495355,-1.222499172317344,-0.3352259276582124,-0.9483664637200454,0.9171161955642081,-0.9880866959726825
OFI00005,oficina,disponible,alquiler,2500.0,dolar,12,6,Obrajes,La Paz,300.0,-16.529707,-68.101433,7.824445930877619,7.824445930877619,5.707110264748875,5.707110264748875,2.5649493574615367,2.5649493574615367,1.9459101490553132,1.9459101490553132,1,0,0,127588.56880770384,215530.76107594935,214249.3211053662,0.1743580443333893,2.031808155486145,1.1391207070245153,-0.5694845184983812,-0.016114366641495355,-1.222499172317344,-0.2923093286751119,-0.9483664637200454,0.9308972686968662,-0.99846814916959
DEP00020,departamento,disponible,venta,200000.0,dolar,3,4,Obrajes,La Paz,131.0,-16.528753,-68.102844,12.206077645517674,12.206077645517674,4.882801922586371,4.882801922586371,1.3862943611198906,1.3862943611198906,1.6094379124341003,1.6094379124341003,1,2,0,71095.44020000269,215530.76107594935,214249.3211053662,-0.49449403421687765,0.2826249270494829,0.6261311055427021,-0.8037047775075877,-0.016114366641495355,0.8280415687087431,-0.2923093286751119,-0.9483664637200454,0.9323241347451142,-0.9990487139692761
DEP00021,departamento,disponible,venta,44444.0,dolar,1,1,Chasquipampa,La Paz,33.0,-16.537891,-68.039955,10.702007748675776,10.702007748675776,3.5263605246161616,3.5263605246161616,0.6931471805599453,0.6931471805599453,0.6931471805599453,0.6931471805599453,1,2,0,71095.44020000269,215530.76107594935,250244.68167065695,-1.5951242256861113,-0.7460403115800028,-0.7708567176005267,-0.8037047775075877,-0.016114366641495355,0.8280415687087431,-0.03550230291050186,-0.9483664637200454,0.9186567322829663,-0.9731726404842709
TER00003,terreno,disponible,venta,62000.0,dolar,0,0,Seguencoma,La Paz,300.0,-16.548979,-68.09787,11.034905792929415,11.034905792929415,5.707110264748875,5.707110264748875,0.0,0.0,0.0,0.0,1,2,0,687663.6869501647,215530.76107594935,222577.85210455372,0.1743580443333893,-1.7747055502094886,-1.8276372100843195,1.7525844210160881,-0.016114366641495355,0.8280415687087431,-0.23288985790720107,-0.9483664637200454,0.9020727797221975,-0.9970021304727261
DEP00022,departamento,disponible,venta,59500.0,dolar,2,1,Pampahasi,La Paz,70.0,-16.48971,-68.096176,10.993748398115178,10.993748398115178,4.2626798770413155,4.2626798770413155,1.0986122886681098,1.0986122886681098,0.6931471805599453,0.6931471805599453,1,2,0,71095.44020000269,215530.76107594935,235072.0807814988,-0.9976672982767061,-0.1443097211863738,-0.7708567176005267,-0.8037047775075877,-0.016114366641495355,0.8280415687087431,-0.14375043395479514,-0.9483664637200454,0.9907194503863516,-0.9963051235480873
CAS00019,casa,disponible,venta,470000.0,dolar,4,6,Achumani,La Paz,536.0,-16.523247,-68.068283,13.060490101343552,13.060490101343552,6.285998094508865,6.285998094508865,1.6094379124341003,1.6094379124341003,1.9459101490553132,1.9459101490553132,1,2,0,293318.67804873566,215530.76107594935,165865.41974652268,0.6440734510301847,0.6137811675983271,1.1391207070245153,0.11763177455760256,-0.016114366641495355,0.8280415687087431,-0.6375017536909693,-0.9483664637200454,0.9405592756902382,-0.9848283737553187
CAS00020,casa,disponible,venta,980000.0,dolar,4,6,San Alberto,La Paz,591.0,-16.529499,-68.091774,13.795308871054397,13.795308871054397,6.3835066348840055,6.3835066348840055,1.6094379124341003,1.6094379124341003,1.9459101490553132,1.9459101490553132,1,2,0,293318.67804873566,215530.76107594935,440202.7221345401,0.7231928612926348,0.6137811675983271,1.1391207070245153,0.11763177455760256,-0.016114366641495355,0.8280415687087431,1.3197434461386917,-0.9483664637200454,0.931208367374048,-0.9944938930390799
DEP00023,departamento,disponible,venta,110000.0,dolar,2,2,Achumani,La Paz,93.0,-16.516253,-68.063477,11.608244735642321,11.608244735642321,4.543294782270004,4.543294782270004,1.0986122886681098,1.0986122886681098,1.0986122886681098,1.0986122886681098,1,2,0,71095.44020000269,215530.76107594935,165865.41974652268,-0.7699735421489863,-0.1443097211863738,-0.152679758003872,-0.8037047775075877,-0.016114366641495355,0.8280415687087431,-0.6375017536909693,-0.9483664637200454,0.9510199687106249,-0.9828509149124587
DEP00024,departamento,disponible,venta,125000.0,dolar,2,2,Irpavi,La Paz,85.0,-16.529705,-68.087044,11.736077016252437,11.736077016252437,4.454347296253507,4.454347296253507,1.0986122886681098,1.0986122886681098,1.0986122886681098,1.0986122886681098,1,2,0,71095.44020000269,215530.76107594935,145975.06199191516,-0.8421464268099377,-0.1443097211863738,-0.152679758003872,-0.8037047775075877,-0.016114366641495355,0.8280415687087431,-0.7794084754500027,-0.9483664637200454,0.9309002600302984,-0.9925477048728831
DEP00025,departamento,disponible,alquiler,419.0,dolar,2,2,San Jorge,La Paz,116.0,-16.514585,-68.119461,6.040254711277414,6.040254711277414,4.762173934797756,4.762173934797756,1.0986122886681098,1.0986122886681098,1.0986122886681098,1.0986122886681098,1,0,0,71095.44020000269,215530.76107594935,232957.16613209486,-0.5923727966131038,-0.1443097211863738,-0.152679758003872,-0.8037047775075877,-0.016114366641495355,-1.222499172317344,-0.15883918240264788,-0.9483664637200454,0.9535147407949808,-1.0058858828398298
DEP00026,departamento,disponible,alquiler,380.0,dolar,3,3,San Miguel,La Paz,122.0,-16.540249,-68.079994,5.942799375126701,5.942799375126701,4.812184355372417,4.812184355372417,1.3862943611198906,1.3862943611198906,1.3862943611198906,1.3862943611198906,1,0,0,71095.44020000269,215530.76107594935,138042.37744274875,-0.5517938384252215,0.2826249270494829,0.2859237748832662,-0.8037047775075877,-0.016114366641495355,-1.222499172317344,-0.8360038003309732,-0.9483664637200454,0.9151299501637108,-0.9896469381558187
DEP00027,departamento,disponible,alquiler,750.0,dolar,3,4,Calacoto,La Paz,153.0,-16.539621,-68.084335,6.621405651764134,6.621405651764134,5.0369526024136295,5.0369526024136295,1.3862943611198906,1.3862943611198906,1.6094379124341003,1.6094379124341003,1,0,0,71095.44020000269,215530.76107594935,88304.6800232977,-0.36941462237699013,0.2826249270494829,0.6261311055427021,-0.8037047775075877,-0.016114366641495355,-1.222499172317344,-1.1908548128524579,-0.9483664637200454,0.9160692288621365,-0.9914330698322378
DEP00028,departamento,disponible,venta,120000.0,dolar,2,3,Obrajes,La Paz,95.0,-16.525839,-68.108131,11.695255355062795,11.695255355062795,4.564348191467836,4.564348191467836,1.0986122886681098,1.0986122886681098,1.3862943611198906,1.3862943611198906,1,2,0,71095.44020000269,215530.76107594935,214249.3211053662,-0.7528905942006524,-0.1443097211863738,0.2859237748832662,-0.8037047775075877,-0.016114366641495355,0.8280415687087431,-0.2923093286751119,-0.9483664637200454,0.9366825075591498,-1.0012240832789345
DEP00029,departamento,disponible,venta,434000.0,dolar,4,5,Calacoto,La Paz,365.0,-16.539722,-68.082428,12.980802117227352,12.980802117227352,5.902633333401366,5.902633333401366,1.6094379124341003,1.6094379124341003,1.791759469228055,1.791759469228055,1,2,0,71095.44020000269,215530.76107594935,88304.6800232977,0.33300742853064824,0.6137811675983271,0.9041007344799207,-0.8037047775075877,-0.016114366641495355,0.8280415687087431,-1.1908548128524579,-0.9483664637200454,0.915918166523694,-0.9906484227216783
CAS00021,casa,disponible,venta,595000.0,dolar,4,7,Calacoto,La Paz,526.0,-16.538263,-68.076462,13.296318365198623,13.296318365198623,6.267200548541362,6.267200548541362,1.6094379124341003,1.6094379124341003,2.0794415416798357,2.0794415416798357,1,2,0,293318.67804873566,215530.76107594935,88304.6800232977,0.6288209331932008,0.6137811675983271,1.3427042673670588,0.11763177455760256,-0.016114366641495355,0.8280415687087431,-1.1908548128524579,-0.9483664637200454,0.9181003442641493,-0.9881936746033874
DEP00030,departamento,disponible,alquiler,900.0,dolar,3,3,Calacoto,La Paz,110.0,-16.540319,-68.086159,6.803505257608338,6.803505257608338,4.709530201312334,4.709530201312334,1.3862943611198906,1.3862943611198906,1.3862943611198906,1.3862943611198906,1,0,0,71095.44020000269,215530.76107594935,88304.6800232977,-0.6350884513788899,0.2826249270494829,0.2859237748832662,-0.8037047775075877,-0.016114366641495355,-1.222499172317344,-1.1908548128524579,-0.9483664637200454,0.9150252534935025,-0.9921835660722261
DEP00031,departamento,disponible,alquiler,460.0,dolar,2,3,Calacoto,La Paz,88.0,-16.537727,-68.074402,6.133398042996649,6.133398042996649,4.48863636973214,4.48863636973214,1.0986122886681098,1.0986122886681098,1.3862943611198906,1.3862943611198906,1,0,0,71095.44020000269,215530.76107594935,88304.6800232977,-0.814323927758697,-0.1443097211863738,0.2859237748832662,-0.8037047775075877,-0.016114366641495355,-1.222499172317344,-1.1908548128524579,-0.9483664637200454,0.918902021624591,-0.9873460746832246
DEP00032,departamento,disponible,venta,192300.0,dolar,3,4,Calacoto,La Paz,177.0,-16.543858,-68.083328,12.166817131771358,12.166817131771358,5.181783550292085,5.181783550292085,1.3862943611198906,1.3862943611198906,1.6094379124341003,1.6094379124341003,1,2,0,71095.44020000269,215530.76107594935,88304.6800232977,-0.25189733476495574,0.2826249270494829,0.6261311055427021,-0.8037047775075877,-0.016114366641495355,0.8280415687087431,-1.1908548128524579,-0.9483664637200454,0.909732088981187,-0.9910187333664101
DEP00033,departamento,disponible,alquiler,570.0,dolar,3,4,Los Pinos,La Paz,120.0,-16.54431,-68.073204,6.3473892096560105,6.3473892096560105,4.795790545596741,4.795790545596741,1.3862943611198906,1.3862943611198906,1.6094379124341003,1.6094379124341003,1,0,0,71095.44020000269,215530.76107594935,208233.91537402666,-0.5650959405428011,0.2826249270494829,0.6261311055427021,-0.8037047775075877,-0.016114366641495355,-1.222499172317344,-0.3352259276582124,-0.9483664637200454,0.9090560476249951,-0.9868531500694592
DEP00034,departamento,disponible,alquiler,600.0,dolar,2,2,San Miguel,La Paz,98.0,-16.544024,-68.077873,6.398594934535208,6.398594934535208,4.59511985013459,4.59511985013459,1.0986122886681098,1.0986122886681098,1.0986122886681098,1.0986122886681098,1,0,0,71095.44020000269,215530.76107594935,138042.37744274875,-0.72792216090092,-0.1443097211863738,-0.152679758003872,-0.8037047775075877,-0.016114366641495355,-1.222499172317344,-0.8360038003309732,-0.9483664637200454,0.9094838083061247,-0.9887742394030676
TER00004,terreno,disponible,venta,76169.0,dolar,0,0,Irpavi,La Paz,1000.0,-16.503023,-68.089081,11.240722963366833,11.240722963366833,6.90875477931522,6.90875477931522,0.0,0.0,0.0,0.0,1,2,0,687663.6869501647,215530.76107594935,145975.06199191516,1.1493844878820825,-1.7747055502094886,-1.8276372100843195,1.7525844210160881,-0.016114366641495355,0.8280415687087431,-0.7794084754500027,-0.9483664637200454,0.9708076393797227,-0.9933858412987863
DEP00035,departamento,disponible,venta,44444.0,dolar,1,1,El Pedregal,La Paz,333.0,-16.547882,-68.051529,10.702007748675776,10.702007748675776,5.811140992976701,5.811140992976701,0.6931471805599453,0.6931471805599453,0.6931471805599453,0.6931471805599453,1,2,0,71095.44020000269,215530.76107594935,250512.5827885035,0.2587696234103868,-0.7460403115800028,-0.7708567176005267,-0.8037047775075877,-0.016114366641495355,0.8280415687087431,-0.0335909763341673,-0.9483664637200454,0.9037135261110076,-0.9779348353755134
LOC00004,local comercial,disponible,venta,40824.0,dolar,1,1,Achumani,La Paz,46.0,-16.519587,-68.053566,10.617049917838665,10.617049917838665,3.8501476017100584,3.8501476017100584,0.6931471805599453,0.6931471805599453,0.6931471805599453,0.6931471805599453,1,2,0,225639.55594352554,215530.76107594935,165865.41974652268,-1.3324001351427275,-0.7460403115800028,-0.7708567176005267,-0.16296556355542782,-0.016114366641495355,0.8280415687087431,-0.6375017536909693,-0.9483664637200454,0.9460334158753401,-0.9787729718014224
DEP00036,departamento,disponible,anticretico,85000.0,dolar,3,3,Centro,La Paz,155.0,-16.48745,-68.140129,11.350418300109132,11.350418300109132,5.049856007249537,5.049856007249537,1.3862943611198906,1.3862943611198906,1.3862943611198906,1.3862943611198906,1,1,0,71095.44020000269,215530.76107594935,288595.4885427981,-0.3589446699290615,0.2826249270494829,0.2859237748832662,-0.8037047775075877,-0.016114366641495355,-0.1972288018043005,0.2381095318881303,-0.9483664637200454,0.9940996571673156,-1.0143898610679478
EDI00001,edificio,disponible,venta,3500000.0,dolar,10,10,Centro,La Paz,2510.0,-16.496975,-68.135017,15.068273812173887,15.068273812173887,7.828436359157585,7.828436359157585,2.3978952727983707,2.3978952727983707,2.3978952727983707,2.3978952727983707,1,2,0,1171175.6402570198,215530.76107594935,288595.4885427981,1.895623370614015,1.783891501298435,1.8282226395732084,3.757222820917717,-0.016114366641495355,0.8280415687087431,0.2381095318881303,-0.9483664637200454,0.9798534316855957,-1.0122864966058756
CAS00022,casa,disponible,alquiler,1150.0,dolar,4,6,Mallasilla,La Paz,450.0,-16.56739,-68.103432,7.048386408721883,7.048386408721883,6.111467339502679,6.111467339502679,1.6094379124341003,1.6094379124341003,1.9459101490553132,1.9459101490553132,1,0,0,293318.67804873566,215530.76107594935,272561.5281283459,0.5024574412363376,0.6137811675983271,1.1391207070245153,0.11763177455760256,-0.016114366641495355,-1.222499172317344,0.12371607615946424,-0.9483664637200454,0.8745360597910738,-0.9992906502571645
DEP00037,departamento,disponible,alquiler,600.0,dolar,2,2,San Jorge,La Paz,80.0,-16.51226,-68.122375,6.398594934535208,6.398594934535208,4.394449154672439,4.394449154672439,1.0986122886681098,1.0986122886681098,1.0986122886681098,1.0986122886681098,1,0,0,71095.44020000269,215530.76107594935,232957.16613209486,-0.8907483812590382,-0.1443097211863738,-0.152679758003872,-0.8037047775075877,-0.016114366641495355,-1.222499172317344,-0.15883918240264788,-0.9483664637200454,0.9569921659125645,-1.007084866416217
DEP00038,departamento,disponible,alquiler,790.0,dolar,3,3,Calacoto,La Paz,110.0,-16.540319,-68.083755,6.673297967767654,6.673297967767654,4.709530201312334,4.709530201312334,1.3862943611198906,1.3862943611198906,1.3862943611198906,1.3862943611198906,1,0,0,71095.44020000269,215530.76107594935,88304.6800232977,-0.6350884513788899,0.2826249270494829,0.2859237748832662,-0.8037047775075877,-0.016114366641495355,-1.222499172317344,-1.1908548128524579,-0.9483664637200454,0.9150252534935025,-0.9911944251945224
DEP00039,departamento,disponible,venta,245000.0,dolar,3,4,Achumani,La Paz,153.0,-16.523638,-68.068024,12.409017571151187,12.409017571151187,5.0369526024136295,5.0369526024136295,1.3862943611198906,1.3862943611198906,1.6094379124341003,1.6094379124341003,1,2,0,71095.44020000269,215530.76107594935,165865.41974652268,-0.36941462237699013,0.2826249270494829,0.6261311055427021,-0.8037047775075877,-0.016114366641495355,0.8280415687087431,-0.6375017536909693,-0.9483664637200454,0.9399744700038016,-0.9847218065808906
DEP00040,departamento,disponible,venta,72500.0,dolar,3,2,Seguencoma,La Paz,103.0,-16.537479,-68.097122,11.19135563385109,11.19135563385109,4.6443908991413725,4.6443908991413725,1.3862943611198906,1.3862943611198906,1.0986122886681098,1.0986122886681098,1,2,0,71095.44020000269,215530.76107594935,222577.85210455372,-0.6879431362387604,0.2826249270494829,-0.152679758003872,-0.8037047775075877,-0.016114366641495355,0.8280415687087431,-0.23288985790720107,-0.9483664637200454,0.9192729469704655,-0.9966943611813266
CAS00023,casa,disponible,alquiler,1500.0,dolar,4,8,Achumani,La Paz,450.0,-16.509586,-68.055412,7.313886831633462,7.313886831633462,6.111467339502679,6.111467339502679,1.6094379124341003,1.6094379124341003,2.1972245773362196,2.1972245773362196,1,0,0,293318.67804873566,215530.76107594935,165865.41974652268,0.5024574412363376,0.6137811675983271,1.5222776940765754,0.11763177455760256,-0.016114366641495355,-1.222499172317344,-0.6375017536909693,-0.9483664637200454,0.9609915787144706,-0.9795325200793937
DEP00041,departamento,disponible,alquiler,950.0,dolar,3,3,Calacoto,La Paz,231.0,-16.540937,-68.087143,6.85751406254539,6.85751406254539,5.44673737166631,5.44673737166631,1.3862943611198906,1.3862943611198906,1.3862943611198906,1.3862943611198906,1,0,0,71095.44020000269,215530.76107594935,88304.6800232977,-0.036911139573629924,0.2826249270494829,0.2859237748832662,-0.8037047775075877,-0.016114366641495355,-1.222499172317344,-1.1908548128524579,-0.9483664637200454,0.9141009314622486,-0.9925884390438001
DEP00042,departamento,disponible,venta,85000.0,dolar,2,1,Achumani,La Paz,60.0,-16.523413,-68.054382,11.350418300109132,11.350418300109132,4.110873864173311,4.110873864173311,1.0986122886681098,1.0986122886681098,0.6931471805599453,0.6931471805599453,1,2,0,71095.44020000269,215530.76107594935,165865.41974652268,-1.1208442237665324,-0.1443097211863738,-0.7708567176005267,-0.8037047775075877,-0.016114366641495355,0.8280415687087431,-0.6375017536909693,-0.9483664637200454,0.940310995015176,-0.9791087201193123
CAS00024,casa,disponible,venta,800000.0,dolar,6,7,Cota Cota,La Paz,770.0,-16.539701,-68.057274,13.592368256649284,13.592368256649284,6.647688373563329,6.647688373563329,1.9459101490553132,1.9459101490553132,2.0794415416798357,2.0794415416798357,1,2,0,293318.67804873566,215530.76107594935,359218.9313947517,0.9375525808208095,1.1131228706065581,1.3427042673670588,0.11763177455760256,-0.016114366641495355,0.8280415687087431,0.7419688077292422,-0.9483664637200454,0.9159495755247564,-0.9802986516577166
DEP00043,departamento,disponible,venta,499000.0,dolar,4,5,Obrajes,La Paz,312.0,-16.525263,-68.112938,13.120363378739663,13.120363378739663,5.746203190540153,5.746203190540153,1.6094379124341003,1.6094379124341003,1.791759469228055,1.791759469228055,1,2,0,71095.44020000269,215530.76107594935,214249.3211053662,0.20607843746141688,0.6137811675983271,0.9041007344799207,-0.8037047775075877,-0.016114366641495355,0.8280415687087431,-0.2923093286751119,-0.9483664637200454,0.937544011588284,-1.0032019535780714
DEP00044,departamento,disponible,alquiler,500.0,dolar,3,3,Sopocachi,La Paz,105.0,-16.511799,-68.126427,6.2166061010848646,6.2166061010848646,4.663439094112067,4.663439094112067,1.3862943611198906,1.3862943611198906,1.3862943611198906,1.3862943611198906,1,0,0,71095.44020000269,215530.76107594935,476606.72866823,-0.6724872392799157,0.2826249270494829,0.2859237748832662,-0.8037047775075877,-0.016114366641495355,-1.222499172317344,1.5794659352876712,-0.9483664637200454,0.9576816682692146,-1.0087520872300522
CAS00025,casa,disponible,venta,490000.0,dolar,4,5,Río Abajo,La Paz,520.0,-16.621616,-68.056526,13.102162710901053,13.102162710901053,6.255750041753367,6.255750041753367,1.6094379124341003,1.6094379124341003,1.791759469228055,1.791759469228055,1,2,0,293318.67804873566,215530.76107594935,286386.1732485499,0.6195298768325278,0.6137811675983271,0.9041007344799207,0.11763177455760256,-0.016114366641495355,0.8280415687087431,0.2223472869548421,-0.9483664637200454,0.7934320363819668,-0.9799908823663172
DEP00045,departamento,disponible,venta,250000.0,dolar,4,4,Achumani,La Paz,220.0,-16.516705,-68.060944,12.429220196836383,12.429220196836383,5.3981627015177525,5.3981627015177525,1.6094379124341003,1.6094379124341003,1.6094379124341003,1.6094379124341003,1,2,0,71095.44020000269,215530.76107594935,165865.41974652268,-0.07632511542703853,0.6137811675983271,0.6261311055427021,-0.8037047775075877,-0.016114366641495355,0.8280415687087431,-0.6375017536909693,-0.9483664637200454,0.9503439273544279,-0.9818086961756762
TER00005,terreno,disponible,venta,77000.0,dolar,0,0,Achumani,La Paz,352.0,-16.520285,-68.051888,11.251573687764477,11.251573687764477,5.8664680569332965,5.8664680569332965,0.0,0.0,0.0,0.0,1,2,0,687663.6869501647,215530.76107594935,165865.41974652268,0.30366255950560017,-1.7747055502094886,-1.8276372100843195,1.7525844210160881,-0.016114366641495355,0.8280415687087431,-0.6375017536909693,-0.9483664637200454,0.9449894405067061,-0.9780825481771352
CAS00026,casa,disponible,alquiler,4000.0,dolar,5,2,San Miguel,La Paz,409.0,-16.542604,-68.077896,8.294299608857235,8.294299608857235,6.016157159698354,6.016157159698354,1.791759469228055,1.791759469228055,1.0986122886681098,1.0986122886681098,1,0,0,293318.67804873566,215530.76107594935,138042.37744274875,0.4251218028490278,0.8843555174431118,-0.152679758003872,0.11763177455760256,-0.016114366641495355,-1.222499172317344,-0.8360038003309732,-0.9483664637200454,0.9116076550446062,-0.9887837028973213
DEP00046,departamento,disponible,venta,128000.0,dolar,3,3,Bella Vista,La Paz,131.0,-16.534395,-68.09446,11.759793355371237,11.759793355371237,4.882801922586371,4.882801922586371,1.3862943611198906,1.3862943611198906,1.3862943611198906,1.3862943611198906,1,2,0,71095.44020000269,215530.76107594935,250130.32602673557,-0.49449403421687765,0.2826249270494829,0.2859237748832662,-0.8037047775075877,-0.016114366641495355,0.8280415687087431,-0.03631816729784644,-0.9483664637200454,0.9238855831264383,-0.9955990645854655
DEP00047,departamento,disponible,venta,55555.0,dolar,1,1,Centro,La Paz,55.0,-16.4858,-68.137001,10.92514680003611,10.92514680003611,4.02535169073515,4.02535169073515,0.6931471805599453,0.6931471805599453,0.6931471805599453,0.6931471805599453,1,2,0,71095.44020000269,215530.76107594935,288595.4885427981,-1.1902377753545061,-0.7460403115800028,-0.7708567176005267,-0.8037047775075877,-0.016114366641495355,0.8280415687087431,0.2381095318881303,-0.9483664637200454,0.99656750725076,-1.013102825849369
DEP00048,departamento,disponible,venta,112600.0,dolar,2,2,Los Pinos,La Paz,82.0,-16.543591,-68.071548,11.631605875642963,11.631605875642963,4.418840607796598,4.418840607796598,1.0986122886681098,1.0986122886681098,1.0986122886681098,1.0986122886681098,1,2,0,71095.44020000269,215530.76107594935,208233.91537402666,-0.8709569108995898,-0.1443097211863738,-0.152679758003872,-0.8037047775075877,-0.016114366641495355,0.8280415687087431,-0.3352259276582124,-0.9483664637200454,0.9101314319946916,-0.9861717784831548
OFI00006,oficina,disponible,alquiler,800.0,dolar,5,2,San Miguel,La Paz,120.0,-16.541225,-68.079292,6.68586094706836,6.68586094706836,4.795790545596741,4.795790545596741,1.791759469228055,1.791759469228055,1.0986122886681098,1.0986122886681098,1,0,0,127588.56880770384,215530.76107594935,138042.37744274875,-0.5650959405428011,0.8843555174431118,-0.152679758003872,-0.5694845184983812,-0.016114366641495355,-1.222499172317344,-0.8360038003309732,-0.9483664637200454,0.9136701794476815,-0.9893580958529267
CAS00027,casa,disponible,venta,320000.0,dolar,7,5,Achumani,La Paz,524.0,-16.521355,-68.059059,12.676079399771027,12.676079399771027,6.263398262591624,6.263398262591624,2.0794415416798357,2.0794415416798357,1.791759469228055,1.791759469228055,1,2,0,293318.67804873566,215530.76107594935,165865.41974652268,0.6257357201356045,1.3112901656789684,0.9041007344799207,0.11763177455760256,-0.016114366641495355,0.8280415687087431,-0.6375017536909693,-0.9483664637200454,0.9433890771192603,-0.9810331011030996
CAS00028,casa,disponible,alquiler,2400.0,dolar,6,4,Achumani,La Paz,520.0,-16.530653,-68.074036,7.783640596221253,7.783640596221253,6.255750041753367,6.255750041753367,1.9459101490553132,1.9459101490553132,1.6094379124341003,1.6094379124341003,1,0,0,293318.67804873566,215530.76107594935,165865.41974652268,0.6195298768325278,1.1131228706065581,0.6261311055427021,0.11763177455760256,-0.016114366641495355,-1.222499172317344,-0.6375017536909693,-0.9483664637200454,0.9294823679823524,-0.9871954816877007
DEP00049,departamento,disponible,venta,122500.0,dolar,2,2,San Miguel,La Paz,95.0,-16.545258,-68.078819,11.715874472198905,11.715874472198905,4.564348191467836,4.564348191467836,1.0986122886681098,1.0986122886681098,1.0986122886681098,1.0986122886681098,1,2,0,71095.44020000269,215530.76107594935,138042.37744274875,-0.7528905942006524,-0.1443097211863738,-0.152679758003872,-0.8037047775075877,-0.016114366641495355,0.8280415687087431,-0.8360038003309732,-0.9483664637200454,0.9076381555770492,-0.9891634770363069
CAS00029,casa,disponible,venta,130000.0,dolar,3,2,Los Pinos,La Paz,103.0,-16.542992,-68.074318,11.775297421715827,11.775297421715827,4.6443908991413725,4.6443908991413725,1.3862943611198906,1.3862943611198906,1.0986122886681098,1.0986122886681098,1,2,0,293318.67804873566,215530.76107594935,208233.91537402666,-0.6879431362387604,0.2826249270494829,-0.152679758003872,0.11763177455760256,-0.016114366641495355,0.8280415687087431,-0.3352259276582124,-0.9483664637200454,0.9110273363583153,-0.9873115123563826
DEP00050,departamento,disponible,alquiler,325.0,dolar,1,1,San Miguel,La Paz,46.0,-16.544518,-68.078903,5.786897381366708,5.786897381366708,3.8501476017100584,3.8501476017100584,0.6931471805599453,0.6931471805599453,0.6931471805599453,0.6931471805599453,1,0,0,71095.44020000269,215530.76107594935,138042.37744274875,-1.3324001351427275,-0.7460403115800028,-0.7708567176005267,-0.8037047775075877,-0.016114366641495355,-1.222499172317344,-0.8360038003309732,-0.9483664637200454,0.9087449489478081,-0.989198039363149
CAS00030,casa,disponible,alquiler,1600.0,dolar,3,6,Achumani,La Paz,421.0,-16.512035,-68.059189,7.3783837129967145,7.3783837129967145,6.045005314036012,6.045005314036012,1.3862943611198906,1.3862943611198906,1.9459101490553132,1.9459101490553132,1,0,0,293318.67804873566,215530.76107594935,165865.41974652268,0.44852948539226445,0.2826249270494829,1.1391207070245153,0.11763177455760256,-0.016114366641495355,-1.222499172317344,-0.6375017536909693,-0.9483664637200454,0.9573286909239443,-0.981086590418449
CAS00031,casa,disponible,venta,650000.0,dolar,4,7,Auquisamaña,La Paz,554.0,-16.549206,-68.074097,13.384729180332174,13.384729180332174,6.318968113746434,6.318968113746434,1.6094379124341003,1.6094379124341003,2.0794415416798357,2.0794415416798357,1,2,0,293318.67804873566,215530.76107594935,340279.9913660373,0.6708256562050575,0.6137811675983271,1.3427042673670588,0.11763177455760256,-0.016114366641495355,0.8280415687087431,0.60684992619765,-0.9483664637200454,0.9017332633773801,-0.9872205805202832
DEP00051,departamento,disponible,anticretico,35000.0,dolar,3,2,Irpavi,La Paz,92.0,-16.50477,-68.083435,10.463131911491967,10.463131911491967,4.532599493153256,4.532599493153256,1.3862943611198906,1.3862943611198906,1.0986122886681098,1.0986122886681098,1,1,0,71095.44020000269,215530.76107594935,145975.06199191516,-0.7786518072963047,0.2826249270494829,-0.152679758003872,-0.8037047775075877,-0.016114366641495355,-0.1972288018043005,-0.7794084754500027,-0.9483664637200454,0.9681947096247002,-0.991062759187506
CAS00032,casa,disponible,venta,620000.0,dolar,9,7,Sopocachi,La Paz,455.0,-16.514194,-68.133347,13.3374763699232,13.3374763699232,6.1224928095143865,6.1224928095143865,2.302585092994046,2.302585092994046,2.0794415416798357,2.0794415416798357,1,2,0,293318.67804873566,215530.76107594935,476606.72866823,0.5114036184823161,1.6424464062278135,1.3427042673670588,0.11763177455760256,-0.016114366641495355,0.8280415687087431,1.5794659352876712,-0.9483664637200454,0.9540995464814227,-1.0115993646317614
DEP00052,departamento,disponible,venta,135000.0,dolar,2,2,Achumani,La Paz,95.0,-16.514606,-68.059273,11.813037464800539,11.813037464800539,4.564348191467836,4.564348191467836,1.0986122886681098,1.0986122886681098,1.0986122886681098,1.0986122886681098,1,2,0,71095.44020000269,215530.76107594935,165865.41974652268,-0.7528905942006524,-0.1443097211863738,-0.152679758003872,-0.8037047775075877,-0.016114366641495355,0.8280415687087431,-0.6375017536909693,-0.9483664637200454,0.9534833317939183,-0.9811211527452911
TER00006,terreno,disponible,venta,431000.0,dolar,0,0,Sopocachi,La Paz,344.0,-16.513639,-68.129417,12.973865689268807,12.973865689268807,5.84354441703136,5.84354441703136,0.0,0.0,0.0,0.0,1,2,0,687663.6869501647,215530.76107594935,476606.72866823,0.2850620875558388,-1.7747055502094886,-1.8276372100843195,1.7525844210160881,-0.016114366641495355,0.8280415687087431,1.5794659352876712,-0.9483664637200454,0.9549296415094892,-1.0099823414831026
DEP00053,departamento,disponible,alquiler,500.0,dolar,3,4,Calacoto,La Paz,155.0,-16.538509,-68.073799,6.2166061010848646,6.2166061010848646,5.049856007249537,5.049856007249537,1.3862943611198906,1.3862943611198906,1.6094379124341003,1.6094379124341003,1,0,0,71095.44020000269,215530.76107594935,88304.6800232977,-0.3589446699290615,0.2826249270494829,0.6261311055427021,-0.8037047775075877,-0.016114366641495355,-1.222499172317344,-1.1908548128524579,-0.9483664637200454,0.9177324102517072,-0.9870979665512496
CAS00033,casa,disponible,venta,499000.0,dolar,6,8,Calacoto,La Paz,405.0,-16.539249,-68.074059,13.120363378739663,13.120363378739663,6.0063531596017325,6.0063531596017325,1.9459101490553132,1.9459101490553132,2.1972245773362196,2.1972245773362196,1,2,0,293318.67804873566,215530.76107594935,88304.6800232977,0.41716673857595576,1.1131228706065581,1.5222776940765754,0.11763177455760256,-0.016114366641495355,0.8280415687087431,-1.1908548128524579,-0.9483664637200454,0.9166256168809482,-0.9872049451819545
DEP00054,departamento,disponible,venta,98500.0,dolar,2,1,Irpavi,La Paz,112.0,-16.526249,-68.086182,11.49782197939291,11.49782197939291,4.727387818712341,4.727387818712341,1.0986122886681098,1.0986122886681098,0.6931471805599453,0.6931471805599453,1,2,0,71095.44020000269,215530.76107594935,145975.06199191516,-0.6205986010340352,-0.1443097211863738,-0.7708567176005267,-0.8037047775075877,-0.016114366641495355,0.8280415687087431,-0.7794084754500027,-0.9483664637200454,0.936069284205083,-0.9921930295664799
TER00007,terreno,disponible,venta,95000.0,dolar,0,0,Calacoto,La Paz,300.0,-16.539333,-68.073975,11.461642696843066,11.461642696843066,5.707110264748875,5.707110264748875,0.0,0.0,0.0,0.0,1,2,0,687663.6869501647,215530.76107594935,88304.6800232977,0.1743580443333893,-1.7747055502094886,-1.8276372100843195,1.7525844210160881,-0.016114366641495355,0.8280415687087431,-1.1908548128524579,-0.9483664637200454,0.9164999808767037,-0.9871703828551124
DEP00055,departamento,disponible,venta,265000.0,dolar,4,5,San Miguel,La Paz,264.0,-16.543468,-68.078346,12.487488878546145,12.487488878546145,5.579729825986222,5.579729825986222,1.6094379124341003,1.6094379124341003,1.791759469228055,1.791759469228055,1,2,0,71095.44020000269,215530.76107594935,138042.37744274875,0.07100027531029046,0.6137811675983271,0.9041007344799207,-0.8037047775075877,-0.016114366641495355,0.8280415687087431,-0.8360038003309732,-0.9483664637200454,0.9103153990009101,-0.9889688582196873
DEP00056,departamento,disponible,venta,285000.0,dolar,3,3,Obrajes,La Paz,232.0,-16.523947,-68.110794,12.560247968016562,12.560247968016562,5.4510384535657,5.4510384535657,1.3862943611198906,1.3862943611198906,1.3862943611198906,1.3862943611198906,1,2,0,71095.44020000269,215530.76107594935,214249.3211053662,-0.03342119846630703,0.2826249270494829,0.2859237748832662,-0.8037047775075877,-0.016114366641495355,0.8280415687087431,-0.2923093286751119,-0.9483664637200454,0.939512308988172,-1.0023197913310666
DEP00057,departamento,disponible,alquiler,480.0,dolar,1,1,San Jorge,La Paz,35.0,-16.513803,-68.121765,6.175867270105761,6.175867270105761,3.58351893845611,3.58351893845611,0.6931471805599453,0.6931471805599453,0.6931471805599453,0.6931471805599453,1,0,0,71095.44020000269,215530.76107594935,232957.16613209486,-1.548745313878436,-0.7460403115800028,-0.7708567176005267,-0.8037047775075877,-0.016114366641495355,-1.222499172317344,-0.15883918240264788,-0.9483664637200454,0.9546843521678646,-1.0068338780903399
CAS00034,casa,disponible,alquiler,1800.0,dolar,4,6,Achumani,La Paz,450.0,-16.510059,-68.053673,7.496097345175956,7.496097345175956,6.111467339502679,6.111467339502679,1.6094379124341003,1.6094379124341003,1.9459101490553132,1.9459101490553132,1,0,0,293318.67804873566,215530.76107594935,165865.41974652268,0.5024574412363376,0.6137811675983271,1.1391207070245153,0.11763177455760256,-0.016114366641495355,-1.222499172317344,-0.6375017536909693,-0.9483664637200454,0.9602841283572163,-0.9788169976225183
DEP00058,departamento,disponible,alquiler,1150.0,dolar,3,4,Calacoto,La Paz,153.0,-16.540731,-68.087448,7.048386408721883,7.048386408721883,5.0369526024136295,5.0369526024136295,1.3862943611198906,1.3862943611198906,1.6094379124341003,1.6094379124341003,1,0,0,71095.44020000269,215530.76107594935,88304.6800232977,-0.36941462237699013,0.2826249270494829,0.6261311055427021,-0.8037047775075877,-0.016114366641495355,-1.222499172317344,-1.1908548128524579,-0.9483664637200454,0.9144090388059981,-0.9927139332067357
DEP00059,departamento,disponible,venta,33333.0,dolar,1,1,Cota Cota,La Paz,33.0,-16.541842,-68.06826,10.414333176102122,10.414333176102122,3.5263605246161616,3.5263605246161616,0.6931471805599453,0.6931471805599453,0.6931471805599453,0.6931471805599453,1,2,0,71095.44020000269,215530.76107594935,359218.9313947517,-1.5951242256861113,-0.7460403115800028,-0.7708567176005267,-0.8037047775075877,-0.016114366641495355,0.8280415687087431,0.7419688077292422,-0.9483664637200454,0.9127473530831464,-0.9848189102610649
CAS00035,casa,disponible,alquiler,1800.0,dolar,4,5,Achumani,La Paz,530.0,-16.50934,-68.054207,7.496097345175956,7.496097345175956,6.274762021241939,6.274762021241939,1.6094379124341003,1.6094379124341003,1.791759469228055,1.791759469228055,1,0,0,293318.67804873566,215530.76107594935,165865.41974652268,0.6349563881849745,0.6137811675983271,0.9041007344799207,0.11763177455760256,-0.016114366641495355,-1.222499172317344,-0.6375017536909693,-0.9483664637200454,0.9613595127269075,-0.9790367152717262
OFI00007,oficina,disponible,alquiler,3835.0,dolar,5,2,Calacoto,La Paz,451.0,-16.541143,-68.084953,8.252185436003328,8.252185436003328,6.113682179832232,6.113682179832232,1.791759469228055,1.791759469228055,1.0986122886681098,1.0986122886681098,1,0,0,127588.56880770384,215530.76107594935,88304.6800232977,0.5042545849534473,0.8843555174431118,-0.152679758003872,-0.5694845184983812,-0.016114366641495355,-1.222499172317344,-1.1908548128524579,-0.9483664637200454,0.9137928241184937,-0.9916873498082878
CAS00036,casa,disponible,alquiler,1400.0,dolar,3,2,Calacoto,La Paz,150.0,-16.54213,-68.087013,7.244941546337007,7.244941546337007,5.017279836814924,5.017279836814924,1.3862943611198906,1.3862943611198906,1.0986122886681098,1.0986122886681098,1,0,0,293318.67804873566,215530.76107594935,88304.6800232977,-0.38537730222444483,0.2826249270494829,-0.152679758003872,0.11763177455760256,-0.016114366641495355,-1.222499172317344,-1.1908548128524579,-0.9483664637200454,0.9123166010685791,-0.9925349497284506
DEP00060,departamento,disponible,venta,277000.0,dolar,4,6,Calacoto,La Paz,216.0,-16.540525,-68.088478,12.531776395271262,12.531776395271262,5.37989735354046,5.37989735354046,1.6094379124341003,1.6094379124341003,1.9459101490553132,1.9459101490553132,1,2,0,71095.44020000269,215530.76107594935,88304.6800232977,-0.09114580246267662,0.6137811675983271,1.1391207070245153,-0.8037047775075877,-0.016114366641495355,0.8280415687087431,-1.1908548128524579,-0.9483664637200454,0.914717146149753,-0.9931377331668171
DEP00061,departamento,disponible,alquiler,550.0,dolar,2,3,San Jorge,La Paz,142.0,-16.511848,-68.122208,6.311734809152915,6.311734809152915,4.962844630259907,4.962844630259907,1.0986122886681098,1.0986122886681098,1.3862943611198906,1.3862943611198906,1,0,0,71095.44020000269,215530.76107594935,232957.16613209486,-0.4295465762549856,-0.1443097211863738,0.2859237748832662,-0.8037047775075877,-0.016114366641495355,-1.222499172317344,-0.15883918240264788,-0.9483664637200454,0.9576083806000689,-1.0070161532188038
DEP00062,departamento,disponible,venta,125000.0,dolar,3,3,Obrajes,La Paz,116.0,-16.524029,-68.111137,11.736077016252437,11.736077016252437,4.762173934797756,4.762173934797756,1.3862943611198906,1.3862943611198906,1.3862943611198906,1.3862943611198906,1,2,0,71095.44020000269,215530.76107594935,214249.3211053662,-0.5923727966131038,0.2826249270494829,0.2859237748832662,-0.8037047775075877,-0.016114366641495355,0.8280415687087431,-0.2923093286751119,-0.9483664637200454,0.9393896643173597,-1.0024609208323367
DEP00063,departamento,disponible,alquiler,650.0,dolar,3,4,Obrajes,La Paz,130.0,-16.528616,-68.101952,6.478509642208569,6.478509642208569,4.875197323201151,4.875197323201151,1.3862943611198906,1.3862943611198906,1.6094379124341003,1.6094379124341003,1,0,0,71095.44020000269,215530.76107594935,214249.3211053662,-0.5006644826342774,0.2826249270494829,0.6261311055427021,-0.8037047775075877,-0.016114366641495355,-1.222499172317344,-0.2923093286751119,-0.9483664637200454,0.9325290410853743,-0.9986816949747171
CAS00037,casa,disponible,anticretico,165000.0,dolar,4,5,Calacoto,La Paz,400.0,-16.537172,-68.077621,12.013706813470414,12.013706813470414,5.993961427306569,5.993961427306569,1.6094379124341003,1.6094379124341003,1.791759469228055,1.791759469228055,1,1,0,293318.67804873566,215530.76107594935,88304.6800232977,0.40711196237326097,0.6137811675983271,0.9041007344799207,0.11763177455760256,-0.016114366641495355,-0.1972288018043005,-1.1908548128524579,-0.9483664637200454,0.9197321166526574,-0.9886705524225415
DEP00064,departamento,disponible,venta,114400.0,dolar,2,2,Achumani,La Paz,148.0,-16.513887,-68.059166,11.647465099148372,11.647465099148372,5.003946305945459,5.003946305945459,1.0986122886681098,1.0986122886681098,1.0986122886681098,1.0986122886681098,1,2,0,71095.44020000269,215530.76107594935,165865.41974652268,-0.3961962632615973,-0.1443097211863738,-0.152679758003872,-0.8037047775075877,-0.016114366641495355,0.8280415687087431,-0.6375017536909693,-0.9483664637200454,0.9545587161636148,-0.9810771269241954
OFI00008,oficina,disponible,venta,205000.0,dolar,5,2,San Miguel,La Paz,138.0,-16.542131,-68.079163,12.230770136157428,12.230770136157428,4.9344739331306915,4.9344739331306915,1.791759469228055,1.791759469228055,1.0986122886681098,1.0986122886681098,1,2,0,127588.56880770384,215530.76107594935,138042.37744274875,-0.452566845217707,0.8843555174431118,-0.152679758003872,-0.5694845184983812,-0.016114366641495355,0.8280415687087431,-0.8360038003309732,-0.9483664637200454,0.9123151054018604,-0.9893050179938481
DEP00065,departamento,disponible,venta,115000.0,dolar,2,3,Achumani,La Paz,100.0,-16.507954,-68.054138,11.652696102959753,11.652696102959753,4.61512051684126,4.61512051684126,1.0986122886681098,1.0986122886681098,1.3862943611198906,1.3862943611198906,1,2,0,71095.44020000269,215530.76107594935,165865.41974652268,-0.7116934187969003,-0.1443097211863738,0.2859237748832662,-0.8037047775075877,-0.016114366641495355,0.8280415687087431,-0.6375017536909693,-0.9483664637200454,0.9634325067970035,-0.9790083247889592
DEP00066,departamento,disponible,alquiler,350.0,dolar,1,1,San Jorge,La Paz,79.0,-16.510654,-68.122742,5.860786223465865,5.860786223465865,4.382026634673881,4.382026634673881,0.6931471805599453,0.6931471805599453,0.6931471805599453,0.6931471805599453,1,0,0,71095.44020000269,215530.76107594935,232957.16613209486,-0.9008281389138864,-0.7460403115800028,-0.7708567176005267,-0.8037047775075877,-0.016114366641495355,-1.222499172317344,-0.15883918240264788,-0.9483664637200454,0.9593942066604572,-1.0072358708680118
OFI00009,oficina,disponible,alquiler,1500.0,dolar,16,7,Irpavi,La Paz,430.0,-16.525879,-68.086182,7.313886831633462,7.313886831633462,6.066108090103747,6.066108090103747,2.833213344056216,2.833213344056216,2.0794415416798357,2.0794415416798357,1,0,0,127588.56880770384,215530.76107594935,145975.06199191516,0.4656524901152993,2.4299253887744476,1.3427042673670588,-0.5694845184983812,-0.016114366641495355,-1.222499172317344,-0.7794084754500027,-0.9483664637200454,0.9366226808904624,-0.9921930295664799
DEP00067,departamento,disponible,alquiler,1200.0,dolar,3,5,Calacoto,La Paz,211.0,-16.541471,-68.084808,7.0909098220799835,7.0909098220799835,5.356586274672012,5.356586274672012,1.3862943611198906,1.3862943611198906,1.791759469228055,1.791759469228055,1,0,0,71095.44020000269,215530.76107594935,88304.6800232977,-0.11006064628617453,0.2826249270494829,0.9041007344799207,-0.8037047775075877,-0.016114366641495355,-1.222499172317344,-1.1908548128524579,-0.9483664637200454,0.9133022454352393,-0.9916276886488575
OFI00010,oficina,disponible,venta,300000.0,dolar,10,5,Obrajes,La Paz,298.0,-16.527472,-68.106056,12.611541086966115,12.611541086966115,5.700443573390687,5.700443573390687,2.3978952727983707,2.3978952727983707,1.791759469228055,1.791759469228055,1,2,0,127588.56880770384,215530.76107594935,214249.3211053662,0.16894862392126586,1.783891501298435,0.9041007344799207,-0.5694845184983812,-0.016114366641495355,0.8280415687087431,-0.2923093286751119,-0.9483664637200454,0.934240083809898,-1.000370311514691
DEP00068,departamento,disponible,venta,140000.0,dolar,3,3,Seguencoma,La Paz,140.0,-16.544146,-68.095856,11.849404844423074,11.849404844423074,4.948759890378168,4.948759890378168,1.3862943611198906,1.3862943611198906,1.3862943611198906,1.3862943611198906,1,2,0,71095.44020000269,215530.76107594935,222577.85210455372,-0.44097507583928736,0.2826249270494829,0.2859237748832662,-0.8037047775075877,-0.016114366641495355,0.8280415687087431,-0.23288985790720107,-0.9483664637200454,0.9093013369666197,-0.9961734575410709
CAS00038,casa,disponible,venta,650000.0,dolar,4,6,Auquisamaña,La Paz,469.0,-16.548136,-68.069206,13.384729180332174,13.384729180332174,6.152732694704104,6.152732694704104,1.6094379124341003,1.6094379124341003,1.9459101490553132,1.9459101490553132,1,2,0,293318.67804873566,215530.76107594935,340279.9913660373,0.5359405654349612,0.6137811675983271,1.1391207070245153,0.11763177455760256,-0.016114366641495355,0.8280415687087431,0.60684992619765,-0.9483664637200454,0.9033336267648312,-0.9852081478943043
CAS00039,casa,disponible,venta,820000.0,dolar,4,5,Auquisamaña,La Paz,513.0,-16.548796,-68.063499,13.617060838751888,13.617060838751888,6.2422232654551655,6.2422232654551655,1.6094379124341003,1.6094379124341003,1.791759469228055,1.791759469228055,1,2,0,293318.67804873566,215530.76107594935,340279.9913660373,0.6085541145111113,0.6137811675983271,0.9041007344799207,0.11763177455760256,-0.016114366641495355,0.8280415687087431,0.60684992619765,-0.9483664637200454,0.9023464867314523,-0.9828599669504356
DEP00069,departamento,disponible,alquiler,370.0,dolar,2,2,San Jorge,La Paz,75.0,-16.512342,-68.122208,5.916202062607435,5.916202062607435,4.330733340286331,4.330733340286331,1.0986122886681098,1.0986122886681098,1.0986122886681098,1.0986122886681098,1,0,0,71095.44020000269,215530.76107594935,232957.16613209486,-0.9424480338148653,-0.1443097211863738,-0.152679758003872,-0.8037047775075877,-0.016114366641495355,-1.222499172317344,-0.15883918240264788,-0.9483664637200454,0.9568695212417523,-1.0070161532188038
EDI00002,edificio,disponible,venta,4700000.0,dolar,44,26,Sopocachi,La Paz,6000.0,-16.513618,-68.128456,15.363073279446223,15.363073279446223,8.699681400989514,8.699681400989514,3.8066624897703196,3.713572066704308,3.295836866004329,3.044522437723423,1,2,0,1171175.6402570198,215530.76107594935,476606.72866823,2.6025603592985465,3.7364219610908527,2.814078159104963,3.757222820917717,-0.016114366641495355,0.8280415687087431,1.5794659352876712,-0.9483664637200454,0.9549610505105517,-1.0095869320057824
CAS00040,casa,disponible,venta,550000.0,dolar,4,4,Obrajes,La Paz,430.0,-16.52693,-68.102036,13.217675375388819,13.217675375388819,6.066108090103747,6.066108090103747,1.6094379124341003,1.6094379124341003,1.6094379124341003,1.6094379124341003,1,2,0,293318.67804873566,215530.76107594935,214249.3211053662,0.4656524901152993,0.6137811675983271,0.6261311055427021,0.11763177455760256,-0.016114366641495355,0.8280415687087431,-0.2923093286751119,-0.9483664637200454,0.9350507351706416,-0.9987162573015592
DEP00070,departamento,disponible,alquiler,1200.0,dolar,2,2,Calacoto,La Paz,106.0,-16.541471,-68.088692,7.0909098220799835,7.0909098220799835,4.672828834461906,4.672828834461906,1.0986122886681098,1.0986122886681098,1.0986122886681098,1.0986122886681098,1,0,0,71095.44020000269,215530.76107594935,88304.6800232977,-0.6648683095314177,-0.1443097211863738,-0.152679758003872,-0.8037047775075877,-0.016114366641495355,-1.222499172317344,-1.1908548128524579,-0.9483664637200454,0.9133022454352393,-0.9932257848090086
CAS00041,casa,disponible,venta,770000.0,dolar,12,12,Miraflores,La Paz,997.0,-16.488312,-68.122551,13.554147092530322,13.554147092530322,6.905753276311464,6.905753276311464,2.5649493574615367,2.5649493574615367,2.5649493574615367,2.5649493574615367,1,2,0,293318.67804873566,215530.76107594935,387897.8094654558,1.1469490381599912,2.031808155486145,2.0829152976594116,0.11763177455760256,-0.016114366641495355,0.8280415687087431,0.9465767700871803,-0.9483664637200454,0.9928103924570517,-1.0071572827200739
DEP00071,departamento,disponible,venta,98100.0,dolar,2,2,Achumani,La Paz,72.0,-16.50894,-68.05143,11.493752839181418,11.493752839181418,4.290459441148391,4.290459441148391,1.0986122886681098,1.0986122886681098,1.0986122886681098,1.0986122886681098,1,2,0,71095.44020000269,215530.76107594935,165865.41974652268,-0.9751266805929233,-0.1443097211863738,-0.152679758003872,-0.8037047775075877,-0.016114366641495355,0.8280415687087431,-0.6375017536909693,-0.9483664637200454,0.9619577794138078,-0.9778941012045905
DEP00072,departamento,disponible,anticretico,20000.0,dolar,1,1,Irpavi,La Paz,50.0,-16.515511,-68.086098,9.90353755128617,9.90353755128617,3.9318256327243257,3.9318256327243257,0.6931471805599453,0.6931471805599453,0.6931471805599453,0.6931471805599453,1,1,0,71095.44020000269,215530.76107594935,145975.06199191516,-1.2661257593764128,-0.7460403115800028,-0.7708567176005267,-0.8037047775075877,-0.016114366641495355,-0.1972288018043005,-0.7794084754500027,-0.9483664637200454,0.9521297534148161,-0.9921584672396437
DEP00073,departamento,disponible,venta,165000.0,dolar,3,3,Sopocachi,La Paz,109.0,-16.515759,-68.126648,12.013706813470414,12.013706813470414,4.700480365792417,4.700480365792417,1.3862943611198906,1.3862943611198906,1.3862943611198906,1.3862943611198906,1,2,0,71095.44020000269,215530.76107594935,476606.72866823,-0.6424315789301108,0.2826249270494829,0.2859237748832662,-0.8037047775075877,-0.016114366641495355,0.8280415687087431,1.5794659352876712,-0.9483664637200454,0.9517588280689416,-1.0088430190661457
CAS00042,casa,disponible,alquiler,1600.0,dolar,5,6,Achumani,La Paz,500.0,-16.511932,-68.056374,7.3783837129967145,7.3783837129967145,6.2166061010848646,6.2166061010848646,1.791759469228055,1.791759469228055,1.9459101490553132,1.9459101490553132,1,0,0,293318.67804873566,215530.76107594935,165865.41974652268,0.587768089720085,0.8843555174431118,1.1391207070245153,0.11763177455760256,-0.016114366641495355,-1.222499172317344,-0.6375017536909693,-0.9483664637200454,0.9574827445958191,-0.9799283410129848
DEP00074,departamento,disponible,venta,135700.0,dolar,3,4,Achumani,La Paz,119.0,-16.509113,-68.051331,11.818209214992565,11.818209214992565,4.787491742782046,4.787491742782046,1.3862943611198906,1.3862943611198906,1.6094379124341003,1.6094379124341003,1,2,0,71095.44020000269,215530.76107594935,165865.41974652268,-0.5718296726041875,0.2826249270494829,0.6261311055427021,-0.8037047775075877,-0.016114366641495355,0.8280415687087431,-0.6375017536909693,-0.9483664637200454,0.9616990290717248,-0.9778533670336735
CAS00043,casa,disponible,venta,750000.0,dolar,5,6,Achumani,La Paz,467.0,-16.519554,-68.064049,13.527829818844937,13.527829818844937,6.148468295917647,6.148468295917647,1.791759469228055,1.791759469228055,1.9459101490553132,1.9459101490553132,1,2,0,293318.67804873566,215530.76107594935,165865.41974652268,0.5324803893743787,0.8843555174431118,1.1391207070245153,0.11763177455760256,-0.016114366641495355,0.8280415687087431,-0.6375017536909693,-0.9483664637200454,0.9460827728770119,-0.9830862678999953
LOC00005,local comercial,disponible,alquiler,300.0,dolar,1,1,Obrajes,La Paz,30.0,-16.525675,-68.109764,5.707110264748875,5.707110264748875,3.4339872044851463,3.4339872044851463,0.6931471805599453,0.6931471805599453,0.6931471805599453,0.6931471805599453,1,0,0,225639.55594352554,215530.76107594935,214249.3211053662,-1.6700768665997447,-0.7460403115800028,-0.7708567176005267,-0.16296556355542782,-0.016114366641495355,-1.222499172317344,-0.2923093286751119,-0.9483664637200454,0.9369277969007797,-1.001895991370985
DEP00075,departamento,disponible,venta,139000.0,dolar,3,3,Achumani,La Paz,127.0,-16.529749,-68.074547,11.842236406331555,11.842236406331555,4.852030263919617,4.852030263919617,1.3862943611198906,1.3862943611198906,1.3862943611198906,1.3862943611198906,1,2,0,71095.44020000269,215530.76107594935,165865.41974652268,-0.5194624675166101,0.2826249270494829,0.2859237748832662,-0.8037047775075877,-0.016114366641495355,0.8280415687087431,-0.6375017536909693,-0.9483664637200454,0.9308344506947412,-0.987405735842649
DEP00076,departamento,disponible,alquiler,400.0,dolar,1,2,Calacoto,La Paz,80.0,-16.540731,-68.084267,5.993961427306569,5.993961427306569,4.394449154672439,4.394449154672439,0.6931471805599453,0.6931471805599453,1.0986122886681098,1.0986122886681098,1,0,0,71095.44020000269,215530.76107594935,88304.6800232977,-0.8907483812590382,-0.7460403115800028,-0.152679758003872,-0.8037047775075877,-0.016114366641495355,-1.222499172317344,-1.1908548128524579,-0.9483664637200454,0.9144090388059981,-0.9914050908057475
DEP00077,departamento,disponible,alquiler,510.0,dolar,3,4,Achumani,La Paz,149.0,-16.524647,-68.067574,6.236369590203704,6.236369590203704,5.0106352940962555,5.0106352940962555,1.3862943611198906,1.3862943611198906,1.6094379124341003,1.6094379124341003,1,0,0,71095.44020000269,215530.76107594935,165865.41974652268,-0.39076875100772246,0.2826249270494829,0.6261311055427021,-0.8037047775075877,-0.016114366641495355,-1.222499172317344,-0.6375017536909693,-0.9483664637200454,0.9384653422861005,-0.9845366512585246
DEP00078,departamento,disponible,anticretico,35000.0,dolar,3,3,Irpavi,La Paz,92.0,-16.505152,-68.084114,10.463131911491967,10.463131911491967,4.532599493153256,4.532599493153256,1.3862943611198906,1.3862943611198906,1.3862943611198906,1.3862943611198906,1,1,0,71095.44020000269,215530.76107594935,145975.06199191516,-0.7786518072963047,0.2826249270494829,0.2859237748832662,-0.8037047775075877,-0.016114366641495355,-0.1972288018043005,-0.7794084754500027,-0.9483664637200454,0.9676233649387166,-0.9913421379961442
CAS00044,casa,disponible,venta,250000.0,dolar,3,4,Cota Cota,La Paz,259.0,-16.540165,-68.071465,12.429220196836383,12.429220196836383,5.560681631015528,5.560681631015528,1.3862943611198906,1.3862943611198906,1.6094379124341003,1.6094379124341003,1,2,0,293318.67804873566,215530.76107594935,359218.9313947517,0.05554437835144584,0.2826249270494829,0.6261311055427021,0.11763177455760256,-0.016114366641495355,0.8280415687087431,0.7419688077292422,-0.9483664637200454,0.9152555861679607,-0.9861376276125837
CAS00045,casa,disponible,alquiler,1500.0,dolar,4,6,Achumani,La Paz,470.0,-16.534149,-68.074173,7.313886831633462,7.313886831633462,6.154858094016418,6.154858094016418,1.6094379124341003,1.6094379124341003,1.9459101490553132,1.9459101490553132,1,0,0,293318.67804873566,215530.76107594935,165865.41974652268,0.5376651358112123,0.6137811675983271,1.1391207070245153,0.11763177455760256,-0.016114366641495355,-1.222499172317344,-0.6375017536909693,-0.9483664637200454,0.9242535171388805,-0.9872518511969522
DEP00079,departamento,disponible,alquiler,470.0,dolar,2,3,Calacoto,La Paz,88.0,-16.539249,-68.090439,6.154858094016418,6.154858094016418,4.48863636973214,4.48863636973214,1.0986122886681098,1.0986122886681098,1.3862943611198906,1.3862943611198906,1,0,0,71095.44020000269,215530.76107594935,88304.6800232977,-0.814323927758697,-0.1443097211863738,0.2859237748832662,-0.8037047775075877,-0.016114366641495355,-1.222499172317344,-1.1908548128524579,-0.9483664637200454,0.9166256168809482,-0.9939445989160629
DEP00080,departamento,disponible,alquiler,1200.0,dolar,3,4,Achumani,La Paz,160.0,-16.527836,-68.070305,7.0909098220799835,7.0909098220799835,5.081404364984463,5.081404364984463,1.3862943611198906,1.3862943611198906,1.6094379124341003,1.6094379124341003,1,0,0,71095.44020000269,215530.76107594935,165865.41974652268,-0.33334601519448065,0.2826249270494829,0.6261311055427021,-0.8037047775075877,-0.016114366641495355,-1.222499172317344,-0.6375017536909693,-0.9483664637200454,0.9336956611248206,-0.9856603383371527
DEP00081,departamento,disponible,venta,98200.0,dolar,3,2,Achumani,La Paz,110.0,-16.524698,-68.055344,11.494771677590096,11.494771677590096,4.709530201312334,4.709530201312334,1.3862943611198906,1.3862943611198906,1.0986122886681098,1.0986122886681098,1,2,0,71095.44020000269,215530.76107594935,165865.41974652268,-0.6350884513788899,0.2826249270494829,-0.152679758003872,-0.8037047775075877,-0.016114366641495355,0.8280415687087431,-0.6375017536909693,-0.9483664637200454,0.9383890632835225,-0.9795045410529033
TER00008,terreno,disponible,venta,155000.0,dolar,0,0,Río Abajo,La Paz,1287.0,-16.607428,-68.07061,11.951186847493476,11.951186847493476,7.160845906664299,7.160845906664299,0.0,0.0,0.0,0.0,1,2,0,687663.6869501647,215530.76107594935,286386.1732485499,1.353933763786743,-1.7747055502094886,-1.8276372100843195,1.7525844210160881,-0.016114366641495355,0.8280415687087431,0.2223472869548421,-0.9483664637200454,0.8146525557661823,-0.9857858325000883
DEP00082,departamento,disponible,venta,55555.0,dolar,1,1,Centro,La Paz,55.0,-16.485556,-68.1409,10.92514680003611,10.92514680003611,4.02535169073515,4.02535169073515,0.6931471805599453,0.6931471805599453,0.6931471805599453,0.6931471805599453,1,2,0,71095.44020000269,215530.76107594935,288595.4885427981,-1.1902377753545061,-0.7460403115800028,-0.7708567176005267,-0.8037047775075877,-0.016114366641495355,0.8280415687087431,0.2381095318881303,-0.9483664637200454,0.99693244992977,-1.0147070938536011
OFI00011,oficina,disponible,venta,50000.0,dolar,2,1,San Miguel,La Paz,43.0,-16.540588,-68.07943,10.819798284210286,10.819798284210286,3.784189633918261,3.784189633918261,1.0986122886681098,1.0986122886681098,0.6931471805599453,0.6931471805599453,1,2,0,127588.56880770384,215530.76107594935,138042.37744274875,-1.3859190935203174,-0.1443097211863738,-0.7708567176005267,-0.5694845184983812,-0.016114366641495355,0.8280415687087431,-0.8360038003309732,-0.9483664637200454,0.9146229191465656,-0.989414876818455
CAS00046,casa,disponible,venta,890000.0,dolar,8,11,Obrajes,La Paz,1019.0,-16.524975,-68.10849,13.698977865303197,13.698977865303197,6.927557906278317,6.927557906278317,2.1972245773362196,2.1972245773362196,2.4849066497880004,2.4849066497880004,1,2,0,293318.67804873566,215530.76107594935,214249.3211053662,1.164641534195017,1.4860861078367409,1.9608812269637137,0.11763177455760256,-0.016114366641495355,0.8280415687087431,-0.2923093286751119,-0.9483664637200454,0.9379747636028459,-1.0013717960805564
LOC00006,local comercial,disponible,alquiler,4000.0,dolar,2,5,San Miguel,La Paz,409.0,-16.543324,-68.077789,8.294299608857235,8.294299608857235,6.016157159698354,6.016157159698354,1.0986122886681098,1.0986122886681098,1.791759469228055,1.791759469228055,1,0,0,225639.55594352554,215530.76107594935,138042.37744274875,0.4251218028490278,-0.1443097211863738,0.9041007344799207,-0.16296556355542782,-0.016114366641495355,-1.222499172317344,-0.8360038003309732,-0.9483664637200454,0.9105307750081962,-0.9887396770762256
CAS00047,casa,disponible,alquiler,1500.0,dolar,4,4,Achumani,La Paz,530.0,-16.518805,-68.065842,7.313886831633462,7.313886831633462,6.274762021241939,6.274762021241939,1.6094379124341003,1.6094379124341003,1.6094379124341003,1.6094379124341003,1,0,0,293318.67804873566,215530.76107594935,165865.41974652268,0.6349563881849745,0.6137811675983271,0.6261311055427021,0.11763177455760256,-0.016114366641495355,-1.222499172317344,-0.6375017536909693,-0.9483664637200454,0.9472030272482239,-0.9838240089955571
DEP00083,departamento,disponible,alquiler,350.0,dolar,3,3,Calacoto,La Paz,130.0,-16.538591,-68.074394,5.860786223465865,5.860786223465865,4.875197323201151,4.875197323201151,1.3862943611198906,1.3862943611198906,1.3862943611198906,1.3862943611198906,1,0,0,71095.44020000269,215530.76107594935,88304.6800232977,-0.5006644826342774,0.2826249270494829,0.2859237748832662,-0.8037047775075877,-0.016114366641495355,-1.222499172317344,-1.1908548128524579,-0.9483664637200454,0.9176097655808948,-0.9873427830330458
CAS00048,casa,disponible,venta,918267.0,dolar,22,16,Centro,La Paz,754.0,-16.495802,-68.133797,13.730244565994552,13.730244565994552,6.626717749249025,6.626717749249025,3.1354942159291497,3.1354942159291497,2.833213344056216,2.833213344056216,1,2,0,293318.67804873566,215530.76107594935,288595.4885427981,0.9205368053595027,2.878525388773162,2.491913784301418,0.11763177455760256,-0.016114366641495355,0.8280415687087431,0.2381095318881303,-0.9483664637200454,0.9816078487449161,-1.011784519954127
OFI00012,oficina,disponible,alquiler,1200.0,dolar,3,5,Calacoto,La Paz,240.0,-16.539333,-68.082123,7.0909098220799835,7.0909098220799835,5.484796933490655,5.484796933490655,1.3862943611198906,1.3862943611198906,1.791759469228055,1.791759469228055,1,0,0,127588.56880770384,215530.76107594935,88304.6800232977,-0.006029228360474918,0.2826249270494829,0.9041007344799207,-0.5694845184983812,-0.016114366641495355,-1.222499172317344,-1.1908548128524579,-0.9483664637200454,0.9164999808767037,-0.9905229285587427
CAS00049,casa,disponible,venta,350000.0,dolar,3,3,Achumani,La Paz,325.0,-16.510771,-68.058167,12.765691290604371,12.765691290604371,5.786897381366708,5.786897381366708,1.3862943611198906,1.3862943611198906,1.3862943611198906,1.3862943611198906,1,2,0,293318.67804873566,215530.76107594935,165865.41974652268,0.2390981131423122,0.2826249270494829,0.2859237748832662,0.11763177455760256,-0.016114366641495355,0.8280415687087431,-0.6375017536909693,-0.9483664637200454,0.9592192136545408,-0.9806660821085406
DEP00084,departamento,disponible,venta,72500.0,dolar,1,1,Irpavi,La Paz,50.0,-16.529211,-68.085495,11.19135563385109,11.19135563385109,3.9318256327243257,3.9318256327243257,0.6931471805599453,0.6931471805599453,0.6931471805599453,0.6931471805599453,1,2,0,71095.44020000269,215530.76107594935,145975.06199191516,-1.2661257593764128,-0.7460403115800028,-0.7708567176005267,-0.8037047775075877,-0.016114366641495355,0.8280415687087431,-0.7794084754500027,-0.9483664637200454,0.9316391193886151,-0.9919103591076687
TER00009,terreno,disponible,venta,59000.0,dolar,0,0,Achumani,La Paz,305.0,-16.50502,-68.056183,10.985309671896763,10.985309671896763,5.723585101952381,5.723585101952381,0.0,0.0,0.0,0.0,1,2,0,687663.6869501647,215530.76107594935,165865.41974652268,0.18772589292076833,-1.7747055502094886,-1.8276372100843195,1.7525844210160881,-0.016114366641495355,0.8280415687087431,-0.6375017536909693,-0.9483664637200454,0.9678207929453935,-0.9798497528650469
DEP00085,departamento,disponible,venta,155000.0,dolar,3,3,San Jorge,La Paz,121.0,-16.511017,-68.123558,11.951186847493476,11.951186847493476,4.804021044733257,4.804021044733257,1.3862943611198906,1.3862943611198906,1.3862943611198906,1.3862943611198906,1,2,0,71095.44020000269,215530.76107594935,232957.16613209486,-0.5584176307727912,0.2826249270494829,0.2859237748832662,-0.8037047775075877,-0.016114366641495355,0.8280415687087431,-0.15883918240264788,-0.9483664637200454,0.9588512796420985,-1.0075716191859017
LOC00007,local comercial,disponible,venta,697.0,dolar,1,2,San Miguel,La Paz,22.0,-16.543262,-68.078003,6.548219102762372,6.548219102762372,3.1354942159291497,3.4011973816621555,0.6931471805599453,0.6931471805599453,1.0986122886681098,1.0986122886681098,1,2,0,225639.55594352554,215530.76107594935,138042.37744274875,-1.6966828585916696,-0.7460403115800028,-0.152679758003872,-0.16296556355542782,-0.016114366641495355,0.8280415687087431,-0.8360038003309732,-0.9483664637200454,0.9106235063446649,-0.9888277287184171
CAS00050,casa,disponible,anticretico,90000.0,dolar,3,5,Achumani,La Paz,333.0,-16.514606,-68.058929,11.407576060361786,11.407576060361786,5.811140992976701,5.811140992976701,1.3862943611198906,1.3862943611198906,1.791759469228055,1.791759469228055,1,1,0,293318.67804873566,215530.76107594935,165865.41974652268,0.2587696234103868,0.2826249270494829,0.9041007344799207,0.11763177455760256,-0.016114366641495355,-0.1972288018043005,-0.6375017536909693,-0.9483664637200454,0.9534833317939183,-0.9809796117877501
OFI00013,oficina,disponible,alquiler,25000.0,dolar,12,4,San Jorge,La Paz,268.0,-16.507219,-68.126373,10.12667110305036,10.12667110305036,5.594711379601839,5.594711379601839,2.5649493574615367,2.5649493574615367,1.6094379124341003,1.6094379124341003,1,0,0,127588.56880770384,215530.76107594935,232957.16613209486,0.08315645857713685,2.031808155486145,0.6261311055427021,-0.5694845184983812,-0.016114366641495355,-1.222499172317344,-0.15883918240264788,-0.9483664637200454,0.9645318218341792,-1.008729868591366
LOC00008,local comercial,disponible,venta,42552.0,dolar,1,1,Achumani,La Paz,48.0,-16.522951,-68.057465,10.658505636804035,10.658505636804035,3.8918202981106265,3.8918202981106265,0.6931471805599453,0.6931471805599453,0.6931471805599453,0.6931471805599453,1,2,0,225639.55594352554,215530.76107594935,165865.41974652268,-1.2985864901986621,-0.7460403115800028,-0.7708567176005267,-0.16296556355542782,-0.016114366641495355,0.8280415687087431,-0.6375017536909693,-0.9483664637200454,0.9410019930385449,-0.9803772398056486
DEP00086,departamento,disponible,alquiler,480.0,dolar,1,1,San Miguel,La Paz,34.0,-16.544455,-68.079758,6.175867270105761,6.175867270105761,3.5553480614894135,3.5553480614894135,0.6931471805599453,0.6931471805599453,0.6931471805599453,0.6931471805599453,1,0,0,71095.44020000269,215530.76107594935,138042.37744274875,-1.5716034467517828,-0.7460403115800028,-0.7708567176005267,-0.8037047775075877,-0.016114366641495355,-1.222499172317344,-0.8360038003309732,-0.9483664637200454,0.9088391759509955,-0.9895498344756443
DEP00087,departamento,disponible,venta,215000.0,dolar,3,5,Sopocachi,La Paz,198.0,-16.512754,-68.123688,12.278397958261774,12.278397958261774,5.293304824724492,5.293304824724492,1.3862943611198906,1.3862943611198906,1.791759469228055,1.791759469228055,1,2,0,71095.44020000269,215530.76107594935,476606.72866823,-0.1614078511683123,0.2826249270494829,0.9041007344799207,-0.8037047775075877,-0.016114366641495355,0.8280415687087431,1.5794659352876712,-0.9483664637200454,0.9562533065542479,-1.007625108501251
CAS00051,casa,disponible,alquiler,1600.0,dolar,3,4,Achumani,La Paz,300.0,-16.528555,-68.069054,7.3783837129967145,7.3783837129967145,5.707110264748875,5.707110264748875,1.3862943611198906,1.3862943611198906,1.6094379124341003,1.6094379124341003,1,0,0,293318.67804873566,215530.76107594935,165865.41974652268,0.1743580443333893,0.2826249270494829,0.6261311055427021,0.11763177455760256,-0.016114366641495355,-1.222499172317344,-0.6375017536909693,-0.9483664637200454,0.9326202767551242,-0.9851456065409719
DEP00088,departamento,disponible,venta,155000.0,dolar,2,3,Los Pinos,La Paz,106.0,-16.54501,-68.07045,11.951186847493476,11.951186847493476,4.672828834461906,4.672828834461906,1.0986122886681098,1.0986122886681098,1.3862943611198906,1.3862943611198906,1,2,0,71095.44020000269,215530.76107594935,208233.91537402666,-0.6648683095314177,-0.1443097211863738,0.2859237748832662,-0.8037047775075877,-0.016114366641495355,0.8280415687087431,-0.3352259276582124,-0.9483664637200454,0.9080090809229237,-0.9857199994965773
CAS00052,casa,disponible,alquiler,2200.0,dolar,4,6,Irpavi,La Paz,410.0,-16.525673,-68.087128,7.696667081526462,7.696667081526462,6.018593214496234,6.018593214496234,1.6094379124341003,1.6094379124341003,1.9459101490553132,1.9459101490553132,1,0,0,293318.67804873566,215530.76107594935,145975.06199191516,0.4270984422103985,0.6137811675983271,1.1391207070245153,0.11763177455760256,-0.016114366641495355,-1.222499172317344,-0.7794084754500027,-0.9483664637200454,0.9369307882342119,-0.9925822671997251
EDI00003,edificio,disponible,venta,4770000.0,dolar,25,12,Miraflores,La Paz,3270.0,-16.494236,-68.121117,15.377857072508109,15.377857072508109,8.092851027538384,8.092851027538384,3.258096538021482,3.258096538021482,2.5649493574615367,2.5649493574615367,1,2,0,1171175.6402570198,215530.76107594935,387897.8094654558,2.1101720916444413,3.060473394115631,2.0829152976594116,3.757222820917717,-0.016114366641495355,0.8280415687087431,0.9465767700871803,-0.9483664637200454,0.983950062824116,-1.0065672544261342
DEP00089,departamento,disponible,venta,260000.0,dolar,3,5,Auquisamaña,La Paz,202.0,-16.547087,-68.076591,12.468440756144114,12.468440756144114,5.313205979041787,5.313205979041787,1.3862943611198906,1.3862943611198906,1.791759469228055,1.791759469228055,1,2,0,71095.44020000269,215530.76107594935,340279.9913660373,-0.14525985441778547,0.2826249270494829,0.9041007344799207,-0.8037047775075877,-0.016114366641495355,0.8280415687087431,0.60684992619765,-0.9483664637200454,0.9049025811512144,-0.9882467524624601
DEP00090,departamento,disponible,alquiler,850.0,dolar,2,3,Los Pinos,La Paz,127.0,-16.539703,-68.076202,6.7464121285733745,6.7464121285733745,4.852030263919617,4.852030263919617,1.0986122886681098,1.0986122886681098,1.3862943611198906,1.3862943611198906,1,0,0,71095.44020000269,215530.76107594935,208233.91537402666,-0.5194624675166101,-0.1443097211863738,0.2859237748832662,-0.8037047775075877,-0.016114366641495355,-1.222499172317344,-0.3352259276582124,-0.9483664637200454,0.9159465841913242,-0.9880866959726825
DEP00091,departamento,disponible,alquiler,480.0,dolar,1,1,Calacoto,La Paz,45.0,-16.538366,-68.076202,6.175867270105761,6.175867270105761,3.828641396489095,3.828641396489095,0.6931471805599453,0.6931471805599453,0.6931471805599453,0.6931471805599453,1,0,0,71095.44020000269,215530.76107594935,88304.6800232977,-1.3498504863378076,-0.7460403115800028,-0.7708567176005267,-0.8037047775075877,-0.016114366641495355,-1.222499172317344,-1.1908548128524579,-0.9483664637200454,0.9179462905922746,-0.9880866959726825
OFI00014,oficina,disponible,venta,180000.0,dolar,8,3,San Miguel,La Paz,178.0,-16.541759,-68.078781,12.100717685412471,12.100717685412471,5.187385805840755,5.187385805840755,2.1972245773362196,2.1972245773362196,1.3862943611198906,1.3862943611198906,1,2,0,127588.56880770384,215530.76107594935,138042.37744274875,-0.24735160827325547,1.4860861078367409,0.2859237748832662,-0.5694845184983812,-0.016114366641495355,0.8280415687087431,-0.8360038003309732,-0.9483664637200454,0.9128714934206774,-0.9891478416979782
DEP00092,departamento,disponible,alquiler,2500.0,dolar,4,5,Auquisamaña,La Paz,350.0,-16.547354,-68.07383,7.824445930877619,7.824445930877619,5.860786223465865,5.860786223465865,1.6094379124341003,1.6094379124341003,1.791759469228055,1.791759469228055,1,0,0,71095.44020000269,215530.76107594935,340279.9913660373,0.29905226269033564,0.6137811675983271,0.9041007344799207,-0.8037047775075877,-0.016114366641495355,-1.222499172317344,0.60684992619765,-0.9483664637200454,0.9045032381377149,-0.987110721695682
DEP00093,departamento,disponible,venta,115000.0,dolar,2,2,Irpavi,La Paz,95.0,-16.502035,-68.083138,11.652696102959753,11.652696102959753,4.564348191467836,4.564348191467836,1.0986122886681098,1.0986122886681098,1.0986122886681098,1.0986122886681098,1,2,0,71095.44020000269,215530.76107594935,145975.06199191516,-0.7528905942006524,-0.1443097211863738,-0.152679758003872,-0.8037047775075877,-0.016114366641495355,0.8280415687087431,-0.7794084754500027,-0.9483664637200454,0.9722853580963561,-0.9909405566747491
DEP00094,departamento,disponible,venta,222000.0,dolar,3,4,Obrajes,La Paz,130.0,-16.524893,-68.111649,12.310437165348775,12.310437165348775,4.875197323201151,4.875197323201151,1.3862943611198906,1.3862943611198906,1.6094379124341003,1.6094379124341003,1,2,0,71095.44020000269,215530.76107594935,214249.3211053662,-0.5006644826342774,0.2826249270494829,0.6261311055427021,-0.8037047775075877,-0.016114366641495355,0.8280415687087431,-0.2923093286751119,-0.9483664637200454,0.9380974082736635,-1.0026715864435618
DEP00095,departamento,disponible,venta,106000.0,dolar,2,2,Achumani,La Paz,83.0,-16.516335,-68.063904,11.571203807011969,11.571203807011969,4.430816798843313,4.430816798843313,1.0986122886681098,1.0986122886681098,1.0986122886681098,1.0986122886681098,1,2,0,71095.44020000269,215530.76107594935,165865.41974652268,-0.8612393090448079,-0.1443097211863738,-0.152679758003872,-0.8037047775075877,-0.016114366641495355,0.8280415687087431,-0.6375017536909693,-0.9483664637200454,0.9508973240398073,-0.9830266067405651
CAS00053,casa,disponible,alquiler,2000.0,dolar,4,5,Achumani,La Paz,460.0,-16.531712,-68.063744,7.601402334583733,7.601402334583733,6.133398042996649,6.133398042996649,1.6094379124341003,1.6094379124341003,1.791759469228055,1.791759469228055,1,0,0,293318.67804873566,215530.76107594935,165865.41974652268,0.5202522345991345,0.6137811675983271,0.9041007344799207,0.11763177455760256,-0.016114366641495355,-1.222499172317344,-0.6375017536909693,-0.9483664637200454,0.9278984569287974,-0.9829607737370597
DEP00096,departamento,disponible,alquiler,1500.0,dolar,3,5,Auquisamaña,La Paz,205.0,-16.548466,-68.075752,7.313886831633462,7.313886831633462,5.327876168789581,5.327876168789581,1.3862943611198906,1.3862943611198906,1.791759469228055,1.791759469228055,1,0,0,71095.44020000269,215530.76107594935,340279.9913660373,-0.13335631492454506,0.2826249270494829,0.9041007344799207,-0.8037047775075877,-0.016114366641495355,-1.222499172317344,0.60684992619765,-0.9483664637200454,0.902840056748139,-0.9879015406503165
TER00010,terreno,disponible,venta,1350000.0,dolar,0,0,San Miguel,La Paz,630.0,-16.542953,-68.078217,14.115615891155079,14.115615891155079,6.447305862541213,6.447305862541213,0.0,0.0,0.0,0.0,1,2,0,687663.6869501647,215530.76107594935,138042.37744274875,0.7749601962154838,-1.7747055502094886,-1.8276372100843195,1.7525844210160881,-0.016114366641495355,0.8280415687087431,-0.8360038003309732,-0.9483664637200454,0.9110856673602892,-0.9889157803606087
OFI00015,oficina,disponible,alquiler,5000.0,dolar,3,4,San Miguel,La Paz,580.0,-16.543036,-68.079376,8.517393171418904,8.517393171418904,6.364750756851911,6.364750756851911,1.3862943611198906,1.3862943611198906,1.6094379124341003,1.6094379124341003,1,0,0,127588.56880770384,215530.76107594935,138042.37744274875,0.7079741532374777,0.2826249270494829,0.6261311055427021,-0.5694845184983812,-0.016114366641495355,-1.222499172317344,-0.8360038003309732,-0.9483664637200454,0.9109615270227581,-0.9893926581797686
OFI00016,oficina,disponible,alquiler,4600.0,dolar,3,2,Sopocachi,La Paz,72.0,-16.51156,-68.128113,8.434028950155469,8.434028950155469,4.290459441148391,4.290459441148391,1.3862943611198906,1.3862943611198906,1.0986122886681098,1.0986122886681098,1,0,0,127588.56880770384,215530.76107594935,476606.72866823,-0.9751266805929233,0.2826249270494829,-0.152679758003872,-0.5694845184983812,-0.016114366641495355,-1.222499172317344,1.5794659352876712,-0.9483664637200454,0.958039132614636,-1.0094458025045123
DEP00097,departamento,disponible,alquiler,300.0,dolar,3,3,Irpavi,La Paz,130.0,-16.521065,-68.087555,5.707110264748875,5.707110264748875,4.875197323201151,4.875197323201151,1.3862943611198906,1.3862943611198906,1.3862943611198906,1.3862943611198906,1,0,0,71095.44020000269,215530.76107594935,145975.06199191516,-0.5006644826342774,0.2826249270494829,0.2859237748832662,-0.8037047775075877,-0.016114366641495355,-1.222499172317344,-0.7794084754500027,-0.9483664637200454,0.9438228204672597,-0.9927579590278315
CAS00054,casa,disponible,alquiler,2500.0,dolar,4,7,Achumani,La Paz,361.0,-16.533831,-68.070122,7.824445930877619,7.824445930877619,5.8916442118257715,5.8916442118257715,1.6094379124341003,1.6094379124341003,2.0794415416798357,2.0794415416798357,1,0,0,293318.67804873566,215530.76107594935,165865.41974652268,0.32409074477127303,0.6137811675983271,1.3427042673670588,0.11763177455760256,-0.016114366641495355,-1.222499172317344,-0.6375017536909693,-0.9483664637200454,0.9247291391549631,-0.9855850418393879
OFI00017,oficina,disponible,alquiler,330.0,dolar,3,2,San Jorge,La Paz,70.0,-16.511602,-68.122459,5.802118375377063,5.802118375377063,4.2626798770413155,4.2626798770413155,1.3862943611198906,1.3862943611198906,1.0986122886681098,1.0986122886681098,1,0,0,127588.56880770384,215530.76107594935,232957.16613209486,-0.9976672982767061,0.2826249270494829,-0.152679758003872,-0.5694845184983812,-0.016114366641495355,-1.222499172317344,-0.15883918240264788,-0.9483664637200454,0.9579763146125111,-1.007119428743059
LOC00009,local comercial,disponible,venta,42552.0,dolar,1,1,Achumani,La Paz,48.0,-16.518887,-68.056953,10.658505636804035,10.658505636804035,3.8918202981106265,3.8918202981106265,0.6931471805599453,0.6931471805599453,0.6931471805599453,0.6931471805599453,1,2,0,225639.55594352554,215530.76107594935,165865.41974652268,-1.2985864901986621,-0.7460403115800028,-0.7708567176005267,-0.16296556355542782,-0.016114366641495355,0.8280415687087431,-0.6375017536909693,-0.9483664637200454,0.9470803825774116,-0.9801665741944234
CAS00055,casa,disponible,venta,130747.0,dolar,3,4,Achocalla,La Paz,430.0,-16.588949,-68.146523,11.781027085443066,11.781027085443066,6.066108090103747,6.066108090103747,1.3862943611198906,1.3862943611198906,1.6094379124341003,1.6094379124341003,1,2,0,293318.67804873566,215530.76107594935,286307.98504829593,0.4656524901152993,0.2826249270494829,0.6261311055427021,0.11763177455760256,-0.016114366641495355,0.8280415687087431,0.22178945731119415,-0.9483664637200454,0.8422909810340766,-1.0170207124706276
DEP00098,departamento,disponible,venta,230000.0,dolar,3,5,Obrajes,La Paz,248.0,-16.528152,-68.105728,12.345838935721968,12.345838935721968,5.517452896464707,5.517452896464707,1.3862943611198906,1.3862943611198906,1.791759469228055,1.791759469228055,1,2,0,71095.44020000269,215530.76107594935,214249.3211053662,0.020468148403849622,0.2826249270494829,0.9041007344799207,-0.8037047775075877,-0.016114366641495355,0.8280415687087431,-0.2923093286751119,-0.9483664637200454,0.9332230304421755,-1.0002353538575017
CAS00056,casa,disponible,alquiler,800.0,dolar,3,4,Cota Cota,La Paz,280.0,-16.539448,-68.057892,6.68586094706836,6.68586094706836,5.638354669333745,5.638354669333745,1.3862943611198906,1.3862943611198906,1.6094379124341003,1.6094379124341003,1,0,0,293318.67804873566,215530.76107594935,359218.9313947517,0.1185690627676721,0.2826249270494829,0.6261311055427021,0.11763177455760256,-0.016114366641495355,-1.222499172317344,0.7419688077292422,-0.9483664637200454,0.9163279792042195,-0.9805529316337608
DEP00099,departamento,disponible,venta,82000.0,dolar,3,3,Achumani,La Paz,91.0,-16.518599,-68.06105,11.314486721293981,11.314486721293981,4.5217885770490405,4.5217885770490405,1.3862943611198906,1.3862943611198906,1.3862943611198906,1.3862943611198906,1,2,0,71095.44020000269,215530.76107594935,165865.41974652268,-0.7874238933440664,0.2826249270494829,0.2859237748832662,-0.8037047775075877,-0.016114366641495355,0.8280415687087431,-0.6375017536909693,-0.9483664637200454,0.9475111345919787,-0.9818523105404953
CAS00057,casa,disponible,alquiler,600.0,dolar,4,6,Achumani,La Paz,260.0,-16.515594,-68.056099,6.398594934535208,6.398594934535208,5.564520407322694,5.564520407322694,1.6094379124341003,1.6094379124341003,1.9459101490553132,1.9459101490553132,1,0,0,293318.67804873566,215530.76107594935,165865.41974652268,0.05865920005202667,0.6137811675983271,1.1391207070245153,0.11763177455760256,-0.016114366641495355,-1.222499172317344,-0.6375017536909693,-0.9483664637200454,0.9520056130772849,-0.9798151905382049
DEP00100,departamento,disponible,venta,312500.0,dolar,3,4,Obrajes,La Paz,180.0,-16.525017,-68.112511,12.652362948153474,12.652362948153474,5.198497031265826,5.198497031265826,1.3862943611198906,1.3862943611198906,1.6094379124341003,1.6094379124341003,1,2,0,71095.44020000269,215530.76107594935,214249.3211053662,-0.2383358482224682,0.2826249270494829,0.6261311055427021,-0.8037047775075877,-0.016114366641495355,0.8280415687087431,-0.2923093286751119,-0.9483664637200454,0.9379119456007263,-1.0030262617499592
DEP00101,departamento,disponible,venta,203000.0,dolar,3,4,Obrajes,La Paz,114.0,-16.525593,-68.112335,12.220966184120165,12.220966184120165,4.74493212836325,4.74493212836325,1.3862943611198906,1.3862943611198906,1.6094379124341003,1.6094379124341003,1,2,0,71095.44020000269,215530.76107594935,214249.3211053662,-0.6063629717476013,0.2826249270494829,0.6261311055427021,-0.8037047775075877,-0.016114366641495355,0.8280415687087431,-0.2923093286751119,-0.9483664637200454,0.937050441571592,-1.0029538454461022
CAS00058,casa,disponible,venta,400000.0,dolar,4,4,Achumani,La Paz,351.0,-16.514236,-68.059189,12.899222326086994,12.899222326086994,5.863631175598097,5.863631175598097,1.6094379124341003,1.6094379124341003,1.6094379124341003,1.6094379124341003,1,2,0,293318.67804873566,215530.76107594935,165865.41974652268,0.3013606854609059,0.6137811675983271,0.6261311055427021,0.11763177455760256,-0.016114366641495355,0.8280415687087431,-0.6375017536909693,-0.9483664637200454,0.9540367284792978,-0.981086590418449
DEP00102,departamento,disponible,venta,200000.0,dolar,3,2,Sopocachi,La Paz,87.0,-16.507931,-68.128159,12.206077645517674,12.206077645517674,4.477336814478207,4.477336814478207,1.3862943611198906,1.3862943611198906,1.0986122886681098,1.0986122886681098,1,2,0,71095.44020000269,215530.76107594935,476606.72866823,-0.8234925005265759,0.2826249270494829,-0.152679758003872,-0.8037047775075877,-0.016114366641495355,0.8280415687087431,1.5794659352876712,-0.9483664637200454,0.9634669071315036,-1.0094647294930197
LOC00010,local comercial,disponible,alquiler,14000.0,dolar,2,1,Achumani,La Paz,186.0,-16.534428,-68.075462,9.546884034617925,9.546884034617925,5.231108616854587,5.231108616854587,1.0986122886681098,1.0986122886681098,0.6931471805599453,0.6931471805599453,1,0,0,225639.55594352554,215530.76107594935,165865.41974652268,-0.21187447971485399,-0.1443097211863738,-0.7708567176005267,-0.16296556355542782,-0.016114366641495355,-1.222499172317344,-0.6375017536909693,-0.9483664637200454,0.9238362261247717,-0.9877822183314617
DEP00103,departamento,disponible,venta,185000.0,dolar,4,3,Sopocachi,La Paz,167.0,-16.5137,-68.130516,12.128116509451258,12.128116509451258,5.123963979403259,5.123963979403259,1.6094379124341003,1.6094379124341003,1.3862943611198906,1.3862943611198906,1,2,0,71095.44020000269,215530.76107594935,476606.72866823,-0.29881271605106674,0.6137811675983271,0.2859237748832662,-0.8037047775075877,-0.016114366641495355,0.8280415687087431,1.5794659352876712,-0.9483664637200454,0.9548384058397394,-1.0104345319259451
LOC00011,local comercial,disponible,alquiler,450.0,dolar,1,2,Calacoto,La Paz,79.0,-16.541183,-68.088341,6.111467339502679,6.111467339502679,4.382026634673881,4.382026634673881,0.6931471805599453,0.6931471805599453,1.0986122886681098,1.0986122886681098,1,0,0,225639.55594352554,215530.76107594935,88304.6800232977,-0.9008281389138864,-0.7460403115800028,-0.152679758003872,-0.16296556355542782,-0.016114366641495355,-1.222499172317344,-1.1908548128524579,-0.9483664637200454,0.9137329974498064,-0.9930813636575655
TER00011,terreno,disponible,venta,65000.0,dolar,0,0,Irpavi,La Paz,450.0,-16.501232,-68.075623,11.082157933374816,11.082157933374816,6.111467339502679,6.111467339502679,0.0,0.0,0.0,0.0,1,2,0,687663.6869501647,215530.76107594935,145975.06199191516,0.5024574412363376,-1.7747055502094886,-1.8276372100843195,1.7525844210160881,-0.016114366641495355,0.8280415687087431,-0.7794084754500027,-0.9483664637200454,0.9734863784702971,-0.987848462791238
OFI00018,oficina,disponible,venta,52000.0,dolar,1,1,Calacoto,La Paz,71.0,-16.540649,-68.084702,10.859018228147887,10.859018228147887,4.276666119016055,4.276666119016055,0.6931471805599453,0.6931471805599453,0.6931471805599453,0.6931471805599453,1,2,0,127588.56880770384,215530.76107594935,88304.6800232977,-0.9863187208846947,-0.7460403115800028,-0.7708567176005267,-0.5694845184983812,-0.016114366641495355,0.8280415687087431,-1.1908548128524579,-0.9483664637200454,0.9145316834768158,-0.9915840742840326
CAS00059,casa,disponible,venta,332000.0,dolar,3,3,Río Abajo,La Paz,320.0,-16.61084,-68.070152,12.712893259942282,12.712893259942282,5.771441123130016,5.771441123130016,1.3862943611198906,1.3862943611198906,1.3862943611198906,1.3862943611198906,1,2,0,293318.67804873566,215530.76107594935,286386.1732485499,0.22655674977202245,0.2826249270494829,0.2859237748832662,0.11763177455760256,-0.016114366641495355,0.8280415687087431,0.2223472869548421,-0.9483664637200454,0.809549340926955,-0.9855973855275437
CAS00060,casa,disponible,alquiler,2500.0,dolar,5,4,Obrajes,La Paz,260.0,-16.524214,-68.111694,7.824445930877619,7.824445930877619,5.564520407322694,5.564520407322694,1.791759469228055,1.791759469228055,1.6094379124341003,1.6094379124341003,1,0,0,293318.67804873566,215530.76107594935,214249.3211053662,0.05865920005202667,0.8843555174431118,0.6261311055427021,0.11763177455760256,-0.016114366641495355,-1.222499172317344,-0.2923093286751119,-0.9483664637200454,0.9391129659746673,-1.0026901019757983
DEP00104,departamento,disponible,venta,83900.0,dolar,2,2,Irpavi,La Paz,70.0,-16.529881,-68.088654,11.3373928113354,11.3373928113354,4.2626798770413155,4.2626798770413155,1.0986122886681098,1.0986122886681098,1.0986122886681098,1.0986122886681098,1,2,0,71095.44020000269,215530.76107594935,145975.06199191516,-0.9976672982767061,-0.1443097211863738,-0.152679758003872,-0.8037047775075877,-0.016114366641495355,0.8280415687087431,-0.7794084754500027,-0.9483664637200454,0.9306370226880644,-0.9932101494706799
OFI00019,oficina,disponible,alquiler,1400.0,dolar,2,2,San Jorge,La Paz,214.0,-16.510635,-68.124611,7.244941546337007,7.244941546337007,5.3706380281276624,5.3706380281276624,1.0986122886681098,1.0986122886681098,1.0986122886681098,1.0986122886681098,1,0,0,127588.56880770384,215530.76107594935,232957.16613209486,-0.0986589122197314,-0.1443097211863738,-0.152679758003872,-0.5694845184983812,-0.016114366641495355,-1.222499172317344,-0.15883918240264788,-0.9483664637200454,0.959422624328082,-1.0080048826402368
DEP00105,departamento,disponible,venta,93000.0,dolar,3,2,Alto Obrajes,La Paz,118.0,-16.522814,-68.106262,11.440365524765756,11.440365524765756,4.77912349311153,4.77912349311153,1.3862943611198906,1.3862943611198906,1.0986122886681098,1.0986122886681098,1,2,0,71095.44020000269,215530.76107594935,242436.33210581169,-0.5786197545427844,0.2826249270494829,-0.152679758003872,-0.8037047775075877,-0.016114366641495355,0.8280415687087431,-0.09121056631964497,-0.9483664637200454,0.9412068993788051,-1.0004550715067095
LOC00012,local comercial,disponible,alquiler,900.0,dolar,1,2,Achumani,La Paz,77.0,-16.518229,-68.063477,6.803505257608338,6.803505257608338,4.356708826689592,4.356708826689592,0.6931471805599453,0.6931471805599453,1.0986122886681098,1.0986122886681098,1,0,0,225639.55594352554,215530.76107594935,165865.41974652268,-0.9213712629228027,-0.7460403115800028,-0.152679758003872,-0.16296556355542782,-0.016114366641495355,-1.222499172317344,-0.6375017536909693,-0.9483664637200454,0.9480645312773529,-0.9828509149124587
CAS00061,casa,disponible,venta,330000.0,dolar,3,3,Irpavi,La Paz,311.0,-16.516045,-68.086098,12.706850963741102,12.706850963741102,5.7430031878094825,5.7430031878094825,1.3862943611198906,1.3862943611198906,1.3862943611198906,1.3862943611198906,1,2,0,293318.67804873566,215530.76107594935,145975.06199191516,0.20348192306467977,0.2826249270494829,0.2859237748832662,0.11763177455760256,-0.016114366641495355,0.8280415687087431,-0.7794084754500027,-0.9483664637200454,0.951331067387812,-0.9921584672396437
CAS00062,casa,disponible,alquiler,1200.0,dolar,8,3,Miraflores,La Paz,330.0,-16.49366,-68.121887,7.0909098220799835,7.0909098220799835,5.802118375377063,5.802118375377063,2.1972245773362196,2.1972245773362196,1.3862943611198906,1.3862943611198906,1,0,0,293318.67804873566,215530.76107594935,387897.8094654558,0.25144858075339965,1.4860861078367409,0.2859237748832662,0.11763177455760256,-0.016114366641495355,-1.222499172317344,0.9465767700871803,-0.9483664637200454,0.9848115668532503,-1.0068840757555164
TER00012,terreno,disponible,venta,160000.0,dolar,0,0,Obrajes,La Paz,224.0,-16.523041,-68.109589,11.982935344196433,11.982935344196433,5.41610040220442,5.41610040220442,0.0,0.0,0.0,0.0,1,2,0,687663.6869501647,215530.76107594935,214249.3211053662,-0.06177028469802355,-1.7747055502094886,-1.8276372100843195,1.7525844210160881,-0.016114366641495355,0.8280415687087431,-0.2923093286751119,-0.9483664637200454,0.9408673830339931,-1.001823986523399
CAS00063,casa,disponible,venta,850000.0,dolar,4,5,La Florida,La Paz,1000.0,-16.549154,-68.086777,13.652992804936396,13.652992804936396,6.90875477931522,6.90875477931522,1.6094379124341003,1.6094379124341003,1.791759469228055,1.791759469228055,1,2,0,293318.67804873566,215530.76107594935,307658.8642004635,1.1493844878820825,0.6137811675983271,0.9041007344799207,0.11763177455760256,-0.016114366641495355,0.8280415687087431,0.3741161929354213,-0.9483664637200454,0.901811038046677,-0.9924378460482762
DEP00106,departamento,disponible,venta,110000.0,dolar,3,2,Achumani,La Paz,124.0,-16.523672,-68.051407,11.608244735642321,11.608244735642321,4.8283137373023015,4.8283137373023015,1.3862943611198906,1.3862943611198906,1.0986122886681098,1.0986122886681098,1,2,0,71095.44020000269,215530.76107594935,165865.41974652268,-0.5387062957209556,0.2826249270494829,-0.152679758003872,-0.8037047775075877,-0.016114366641495355,0.8280415687087431,-0.6375017536909693,-0.9483664637200454,0.939923617335411,-0.9778846377103368
TER00013,terreno,disponible,venta,737360.0,dolar,0,0,Achumani,La Paz,1418.0,-16.518742,-68.058823,13.510832874856275,13.510832874856275,7.257707677160043,7.257707677160043,0.0,0.0,0.0,0.0,1,2,0,687663.6869501647,215530.76107594935,165865.41974652268,1.4325283784647598,-1.7747055502094886,-1.8276372100843195,1.7525844210160881,-0.016114366641495355,0.8280415687087431,-0.6375017536909693,-0.9483664637200454,0.9472972542514113,-0.9809359974229251
TER00014,terreno,disponible,venta,93800.0,dolar,0,0,Río Abajo,La Paz,852.0,-16.635227,-68.047943,11.448930795918299,11.448930795918299,6.748759547491679,6.748759547491679,0.0,0.0,0.0,0.0,1,2,0,687663.6869501647,215530.76107594935,286386.1732485499,1.0195627477762295,-1.7747055502094886,-1.8276372100843195,1.7525844210160881,-0.016114366641495355,0.8280415687087431,0.2223472869548421,-0.9483664637200454,0.773074516693599,-0.9764593531843958
CAS00064,casa,disponible,alquiler,2200.0,dolar,5,3,Calacoto,La Paz,188.0,-16.543694,-68.085983,7.696667081526462,7.696667081526462,5.241747015059643,5.241747015059643,1.791759469228055,1.791759469228055,1.3862943611198906,1.3862943611198906,1,0,0,293318.67804873566,215530.76107594935,88304.6800232977,-0.20324237642541015,0.8843555174431118,0.2859237748832662,0.11763177455760256,-0.016114366641495355,-1.222499172317344,-1.1908548128524579,-0.9483664637200454,0.9099773783228168,-0.9921111497683692
OFI00020,oficina,disponible,alquiler,3900.0,dolar,15,8,Calacoto,La Paz,545.0,-16.5429,-68.084435,8.268988209506656,8.268988209506656,6.302618975744905,6.302618975744905,2.772588722239781,2.772588722239781,2.1972245773362196,2.1972245773362196,1,0,0,127588.56880770384,215530.76107594935,88304.6800232977,0.6575598012142655,2.3399554043084545,1.5222776940765754,-0.5694845184983812,-0.016114366641495355,-1.222499172317344,-1.1908548128524579,-0.9483664637200454,0.9111649376963048,-0.9914742154594315
OFI00021,oficina,disponible,alquiler,1000.0,dolar,4,3,Calacoto,La Paz,143.0,-16.539888,-68.081863,6.90875477931522,6.90875477931522,4.969813299576001,4.969813299576001,1.6094379124341003,1.6094379124341003,1.3862943611198906,1.3862943611198906,1,0,0,127588.56880770384,215530.76107594935,88304.6800232977,-0.42389212789095354,0.6137811675983271,0.2859237748832662,-0.5694845184983812,-0.016114366641495355,-1.222499172317344,-1.1908548128524579,-0.9483664637200454,0.9156698858486318,-0.9904159499280436
OFI00022,oficina,disponible,alquiler,440.0,dolar,4,1,Calacoto,La Paz,97.0,-16.545504,-68.083839,6.089044875446846,6.089044875446846,4.584967478670572,4.584967478670572,1.6094379124341003,1.6094379124341003,0.6931471805599453,0.6931471805599453,1,0,0,127588.56880770384,215530.76107594935,88304.6800232977,-0.7361598972049205,0.6137811675983271,-0.7708567176005267,-0.5694845184983812,-0.016114366641495355,-1.222499172317344,-1.1908548128524579,-0.9483664637200454,0.9072702215646069,-0.9912289875213643
LOC00013,local comercial,disponible,venta,249000.0,dolar,2,4,Achumani,La Paz,215.0,-16.524399,-68.067772,12.425212191503038,12.425212191503038,5.375278407684165,5.375278407684165,1.0986122886681098,1.0986122886681098,1.6094379124341003,1.6094379124341003,1,2,0,225639.55594352554,215530.76107594935,165865.41974652268,-0.09489366158125462,-0.1443097211863738,0.6261311055427021,-0.16296556355542782,-0.016114366641495355,0.8280415687087431,-0.6375017536909693,-0.9483664637200454,0.9388362676319802,-0.9846181196003703
DEP00107,departamento,disponible,alquiler,500.0,dolar,3,3,Calacoto,La Paz,140.0,-16.538673,-68.078346,6.2166061010848646,6.2166061010848646,4.948759890378168,4.948759890378168,1.3862943611198906,1.3862943611198906,1.3862943611198906,1.3862943611198906,1,0,0,71095.44020000269,215530.76107594935,88304.6800232977,-0.44097507583928736,0.2826249270494829,0.2859237748832662,-0.8037047775075877,-0.016114366641495355,-1.222499172317344,-1.1908548128524579,-0.9483664637200454,0.9174871209100826,-0.9889688582196873
DEP00108,departamento,disponible,alquiler,800.0,dolar,3,5,Achumani,La Paz,460.0,-16.526539,-68.069656,6.68586094706836,6.68586094706836,6.133398042996649,6.133398042996649,1.3862943611198906,1.3862943611198906,1.791759469228055,1.791759469228055,1,0,0,71095.44020000269,215530.76107594935,165865.41974652268,0.5202522345991345,0.2826249270494829,0.9041007344799207,-0.8037047775075877,-0.016114366641495355,-1.222499172317344,-0.6375017536909693,-0.9483664637200454,0.9356355408570836,-0.9853933032166703
DEP00109,departamento,disponible,venta,175000.0,dolar,3,3,La Florida,La Paz,150.0,-16.550434,-68.087502,12.07254696717504,12.07254696717504,5.017279836814924,5.017279836814924,1.3862943611198906,1.3862943611198906,1.3862943611198906,1.3862943611198906,1,2,0,71095.44020000269,215530.76107594935,307658.8642004635,-0.38537730222444483,0.2826249270494829,0.2859237748832662,-0.8037047775075877,-0.016114366641495355,0.8280415687087431,0.3741161929354213,-0.9483664637200454,0.8998965846486119,-0.992736151845422
LOC00014,local comercial,disponible,venta,450000.0,dolar,3,5,Centro,La Paz,343.0,-16.500801,-68.132935,13.017005083966255,13.017005083966255,5.840641657373398,5.840641657373398,1.3862943611198906,1.3862943611198906,1.791759469228055,1.791759469228055,1,2,0,225639.55594352554,215530.76107594935,288595.4885427981,0.28270675917754484,0.2826249270494829,0.9041007344799207,-0.16296556355542782,-0.016114366641495355,0.8280415687087431,0.2381095318881303,-0.9483664637200454,0.9741310108254316,-1.01142984464773
OFI00023,oficina,disponible,alquiler,750.0,dolar,6,4,Sopocachi,La Paz,145.0,-16.508516,-68.126907,6.621405651764134,6.621405651764134,4.983606621708336,4.983606621708336,1.9459101490553132,1.9459101490553132,1.6094379124341003,1.6094379124341003,1,0,0,127588.56880770384,215530.76107594935,476606.72866823,-0.4127000875991821,1.1131228706065581,0.6261311055427021,-0.5694845184983812,-0.016114366641495355,-1.222499172317344,1.5794659352876712,-0.9483664637200454,0.9625919421019162,-1.008949586240574
DEP00110,departamento,disponible,venta,125000.0,dolar,3,4,Achumani,La Paz,152.0,-16.520451,-68.0597,11.736077016252437,11.736077016252437,5.030437921392435,5.030437921392435,1.3862943611198906,1.3862943611198906,1.6094379124341003,1.6094379124341003,1,2,0,71095.44020000269,215530.76107594935,165865.41974652268,-0.3747007000729729,0.2826249270494829,0.6261311055427021,-0.8037047775075877,-0.016114366641495355,0.8280415687087431,-0.6375017536909693,-0.9483664637200454,0.9447411598316439,-0.9812968445734033
CAS00065,casa,disponible,venta,622000.0,dolar,7,6,Obrajes,La Paz,557.0,-16.528555,-68.103493,13.340696979437066,13.340696979437066,6.324358962381311,6.324358962381311,2.0794415416798357,2.0794415416798357,1.9459101490553132,1.9459101490553132,1,2,0,293318.67804873566,215530.76107594935,214249.3211053662,0.675199845000876,1.3112901656789684,1.1391207070245153,0.11763177455760256,-0.016114366641495355,0.8280415687087431,-0.2923093286751119,-0.9483664637200454,0.9326202767551242,-0.9993157490897527
CAS00066,casa,disponible,venta,490000.0,dolar,8,7,Achumani,La Paz,573.0,-16.534355,-68.070091,13.102162710901053,13.102162710901053,6.352629396319567,6.352629396319567,2.1972245773362196,2.1972245773362196,2.0794415416798357,2.0794415416798357,1,2,0,293318.67804873566,215530.76107594935,165865.41974652268,0.6981387594021485,1.4860861078367409,1.3427042673670588,0.11763177455760256,-0.016114366641495355,0.8280415687087431,-0.6375017536909693,-0.9483664637200454,0.9239454097951256,-0.9855722866949612
OFI00024,oficina,disponible,alquiler,630.0,dolar,5,2,Los Pinos,La Paz,104.0,-16.540813,-68.07634,6.447305862541213,6.447305862541213,4.653960350157523,4.653960350157523,1.791759469228055,1.791759469228055,1.0986122886681098,1.0986122886681098,1,0,0,127588.56880770384,215530.76107594935,208233.91537402666,-0.680178387448343,0.8843555174431118,-0.152679758003872,-0.5694845184983812,-0.016114366641495355,-1.222499172317344,-0.3352259276582124,-0.9483664637200454,0.9142863941351859,-0.9881434769382108
DEP00111,departamento,disponible,alquiler,1300.0,dolar,3,5,Calacoto,La Paz,254.0,-16.540073,-68.083923,7.170888478512505,7.170888478512505,5.541263545158426,5.541263545158426,1.3862943611198906,1.3862943611198906,1.791759469228055,1.791759469228055,1,0,0,71095.44020000269,215530.76107594935,88304.6800232977,0.03978834820753441,0.2826249270494829,0.9041007344799207,-0.8037047775075877,-0.016114366641495355,-1.222499172317344,-1.1908548128524579,-0.9483664637200454,0.9153931875059448,-0.9912635498482064
CAS00067,casa,disponible,venta,1200000.0,dolar,7,8,San Pedro,La Paz,900.0,-16.504402,-68.1315,13.997832948091215,13.997832948091215,6.803505257608338,6.803505257608338,2.0794415416798357,2.0794415416798357,2.1972245773362196,2.1972245773362196,1,2,0,293318.67804873566,215530.76107594935,546458.2882347655,1.0639839675192886,1.3112901656789684,1.5222776940765754,0.11763177455760256,-0.016114366641495355,0.8280415687087431,2.0778182500190012,-0.9483664637200454,0.9687451149766474,-1.0108394048975191
CAS00068,casa,disponible,venta,600000.0,dolar,4,7,Aranjuez,La Paz,500.0,-16.557823,-68.11219,13.304686600863562,13.304686600863562,6.2166061010848646,6.2166061010848646,1.6094379124341003,1.6094379124341003,2.0794415416798357,2.0794415416798357,1,2,0,293318.67804873566,215530.76107594935,254486.02420655577,0.587768089720085,0.6137811675983271,1.3427042673670588,0.11763177455760256,-0.016114366641495355,0.8280415687087431,-0.0052426654242366715,-0.9483664637200454,0.8888451032749188,-1.0028941842866719
CAS00069,casa,disponible,venta,950000.0,dolar,6,5,Calacoto,La Paz,600.0,-16.541719,-68.089935,13.76421831620775,13.76421831620775,6.398594934535208,6.398594934535208,1.9459101490553132,1.9459101490553132,1.791759469228055,1.791759469228055,1,2,0,293318.67804873566,215530.76107594935,88304.6800232977,0.7354356593662545,1.1131228706065581,0.9041007344799207,0.11763177455760256,-0.016114366641495355,0.8280415687087431,-1.1908548128524579,-0.9483664637200454,0.9129313200893648,-0.9937372249550107
DEP00112,departamento,disponible,venta,108000.0,dolar,2,2,Irpavi,La Paz,80.0,-16.515553,-68.08799,11.58989576532275,11.58989576532275,4.394449154672439,4.394449154672439,1.0986122886681098,1.0986122886681098,1.0986122886681098,1.0986122886681098,1,2,0,71095.44020000269,215530.76107594935,145975.06199191516,-0.8907483812590382,-0.1443097211863738,-0.152679758003872,-0.8037047775075877,-0.016114366641495355,0.8280415687087431,-0.7794084754500027,-0.9483664637200454,0.9520669354126912,-0.9929369425061224
CAS00070,casa,disponible,venta,335000.0,dolar,4,5,Calacoto,La Paz,272.0,-16.543776,-68.084442,12.721888795877375,12.721888795877375,5.60947179518496,5.60947179518496,1.6094379124341003,1.6094379124341003,1.791759469228055,1.791759469228055,1,2,0,293318.67804873566,215530.76107594935,88304.6800232977,0.09513320822052423,0.6137811675983271,0.9041007344799207,0.11763177455760256,-0.016114366641495355,0.8280415687087431,-1.1908548128524579,-0.9483664637200454,0.9098547336519992,-0.9914770956533335
DEP00113,departamento,disponible,alquiler,550.0,dolar,3,3,Calacoto,La Paz,150.0,-16.538097,-68.07637,6.311734809152915,6.311734809152915,5.017279836814924,5.017279836814924,1.3862943611198906,1.3862943611198906,1.3862943611198906,1.3862943611198906,1,0,0,71095.44020000269,215530.76107594935,88304.6800232977,-0.38537730222444483,0.2826249270494829,0.2859237748832662,-0.8037047775075877,-0.016114366641495355,-1.222499172317344,-1.1908548128524579,-0.9483664637200454,0.9183486249392115,-0.9881558206263665
CAS00071,casa,disponible,venta,850000.0,dolar,4,8,Achocalla,La Paz,1020.0,-16.572857,-68.131714,13.652992804936396,13.652992804936396,6.928537818164665,6.928537818164665,1.6094379124341003,1.6094379124341003,2.1972245773362196,2.1972245773362196,1,2,0,293318.67804873566,215530.76107594935,286307.98504829593,1.1654366445541586,0.6137811675983271,1.5222776940765754,0.11763177455760256,-0.016114366641495355,0.8280415687087431,0.22178945731119415,-0.9483664637200454,0.8663592498479185,-1.0109274565397106
CAS00072,casa,disponible,alquiler,1250.0,dolar,8,4,Calacoto,La Paz,220.0,-16.542788,-68.086418,7.1316985104669115,7.1316985104669115,5.3981627015177525,5.3981627015177525,2.1972245773362196,2.1972245773362196,1.6094379124341003,1.6094379124341003,1,0,0,293318.67804873566,215530.76107594935,88304.6800232977,-0.07632511542703853,1.4860861078367409,0.6261311055427021,0.11763177455760256,-0.016114366641495355,-1.222499172317344,-1.1908548128524579,-0.9483664637200454,0.9113324523686326,-0.9922901332466543
DEP00114,departamento,disponible,alquiler,550.0,dolar,3,3,Obrajes,La Paz,116.0,-16.525181,-68.108902,6.311734809152915,6.311734809152915,4.762173934797756,4.762173934797756,1.3862943611198906,1.3862943611198906,1.3862943611198906,1.3862943611198906,1,0,0,71095.44020000269,215530.76107594935,214249.3211053662,-0.5923727966131038,0.2826249270494829,0.2859237748832662,-0.8037047775075877,-0.016114366641495355,-1.222499172317344,-0.2923093286751119,-0.9483664637200454,0.9376666562590964,-1.0015413160645878
CAS00073,casa,disponible,alquiler,1400.0,dolar,4,5,Calacoto,La Paz,320.0,-16.536926,-68.073586,7.244941546337007,7.244941546337007,5.771441123130016,5.771441123130016,1.6094379124341003,1.6094379124341003,1.791759469228055,1.791759469228055,1,0,0,293318.67804873566,215530.76107594935,88304.6800232977,0.22655674977202245,0.6137811675983271,0.9041007344799207,0.11763177455760256,-0.016114366641495355,-1.222499172317344,-1.1908548128524579,-0.9483664637200454,0.9201000506650997,-0.9870103263653347
DEP00115,departamento,disponible,alquiler,800.0,dolar,3,4,Achumani,La Paz,141.0,-16.537399,-68.079788,6.68586094706836,6.68586094706836,4.955827057601261,4.955827057601261,1.3862943611198906,1.3862943611198906,1.6094379124341003,1.6094379124341003,1,0,0,71095.44020000269,215530.76107594935,165865.41974652268,-0.4352407052829649,0.2826249270494829,0.6261311055427021,-0.8037047775075877,-0.016114366641495355,-1.222499172317344,-0.6375017536909693,-0.9483664637200454,0.9193926003078454,-0.9895621781638001
CAS00074,casa,disponible,alquiler,700.0,dolar,3,4,Chasquipampa,La Paz,250.0,-16.530407,-68.055664,6.55250788703459,6.55250788703459,5.5254529391317835,5.5254529391317835,1.3862943611198906,1.3862943611198906,1.6094379124341003,1.6094379124341003,1,0,0,293318.67804873566,215530.76107594935,250244.68167065695,0.026959463476953424,0.2826249270494829,0.6261311055427021,0.11763177455760256,-0.016114366641495355,-1.222499172317344,-0.03550230291050186,-0.9483664637200454,0.9298503019947947,-0.9796362070599139
DEP00116,departamento,disponible,venta,145000.0,dolar,3,3,Alto Irpavi,La Paz,144.0,-16.520018,-68.081352,11.884495917930655,11.884495917930655,4.976733742420574,4.976733742420574,1.3862943611198906,1.3862943611198906,1.3862943611198906,1.3862943611198906,1,2,0,71095.44020000269,215530.76107594935,245166.14990117447,-0.4182768109709062,0.2826249270494829,0.2859237748832662,-0.8037047775075877,-0.016114366641495355,0.8280415687087431,-0.07173482339341877,-0.9483664637200454,0.9453887835202107,-0.9902056957730894
CAS00075,casa,disponible,venta,550000.0,dolar,4,6,Achumani,La Paz,305.0,-16.530119,-68.068367,13.217675375388819,13.217675375388819,5.723585101952381,5.723585101952381,1.6094379124341003,1.6094379124341003,1.9459101490553132,1.9459101490553132,1,2,0,293318.67804873566,215530.76107594935,165865.41974652268,0.18772589292076833,0.6137811675983271,1.1391207070245153,0.11763177455760256,-0.016114366641495355,0.8280415687087431,-0.6375017536909693,-0.9483664637200454,0.9302810540093618,-0.9848629360821607
LOC00015,local comercial,disponible,alquiler,1800.0,dolar,1,4,Centro,La Paz,70.0,-16.495838,-68.135292,7.496097345175956,7.496097345175956,4.2626798770413155,4.2626798770413155,0.6931471805599453,0.6931471805599453,1.6094379124341003,1.6094379124341003,1,0,0,225639.55594352554,215530.76107594935,288595.4885427981,-0.9976672982767061,-0.7460403115800028,0.6261311055427021,-0.16296556355542782,-0.016114366641495355,-1.222499172317344,0.2381095318881303,-0.9483664637200454,0.9815540047430985,-1.0123996470806553
TER00015,terreno,disponible,venta,125000.0,dolar,0,0,Auquisamaña,La Paz,580.0,-16.552496,-68.06665,11.736077016252437,11.736077016252437,6.364750756851911,6.364750756851911,0.0,0.0,0.0,0.0,1,2,0,687663.6869501647,215530.76107594935,340279.9913660373,0.7079741532374777,-1.7747055502094886,-1.8276372100843195,1.7525844210160881,-0.016114366641495355,0.8280415687087431,0.60684992619765,-0.9483664637200454,0.8968125198776578,-0.9841564656632681
OFI00025,oficina,disponible,venta,180000.0,dolar,5,2,San Miguel,La Paz,120.0,-16.541204,-68.079308,12.100717685412471,12.100717685412471,4.795790545596741,4.795790545596741,1.791759469228055,1.791759469228055,1.0986122886681098,1.0986122886681098,1,2,0,127588.56880770384,215530.76107594935,138042.37744274875,-0.5650959405428011,0.8843555174431118,-0.152679758003872,-0.5694845184983812,-0.016114366641495355,0.8280415687087431,-0.8360038003309732,-0.9483664637200454,0.9137015884487439,-0.9893646791532783
EDI00004,edificio,disponible,venta,275000.0,dolar,11,10,El Pedregal,La Paz,443.0,-16.545792,-68.053482,12.524530013005734,12.524530013005734,6.095824562432225,6.095824562432225,2.4849066497880004,2.4849066497880004,2.3978952727983707,2.3978952727983707,1,2,0,1171175.6402570198,215530.76107594935,250512.5827885035,0.48976473460859254,1.9130207560725976,1.8282226395732084,3.757222820917717,-0.016114366641495355,0.8280415687087431,-0.0335909763341673,-0.9483664637200454,0.9068394695500451,-0.9787384094745805
DEP00117,departamento,disponible,venta,113000.0,dolar,3,4,Achumani,La Paz,145.0,-16.522425,-68.059616,11.635151947212842,11.635151947212842,4.983606621708336,4.983606621708336,1.3862943611198906,1.3862943611198906,1.6094379124341003,1.6094379124341003,1,2,0,71095.44020000269,215530.76107594935,165865.41974652268,-0.4127000875991821,0.2826249270494829,0.6261311055427021,-0.8037047775075877,-0.016114366641495355,0.8280415687087431,-0.6375017536909693,-0.9483664637200454,0.9417887137318147,-0.9812622822465613
DEP00118,departamento,disponible,venta,146000.0,dolar,3,2,Achumani,La Paz,146.0,-16.519381,-68.0597,11.891368749982085,11.891368749982085,4.990432586778736,4.990432586778736,1.3862943611198906,1.3862943611198906,1.0986122886681098,1.0986122886681098,1,2,0,71095.44020000269,215530.76107594935,165865.41974652268,-0.4071614308952223,0.2826249270494829,-0.152679758003872,-0.8037047775075877,-0.016114366641495355,0.8280415687087431,-0.6375017536909693,-0.9483664637200454,0.9463415232190949,-0.9812968445734033
DEP00119,departamento,disponible,alquiler,550.0,dolar,1,1,San Miguel,La Paz,70.0,-16.539909,-68.080666,6.311734809152915,6.311734809152915,4.2626798770413155,4.2626798770413155,0.6931471805599453,0.6931471805599453,0.6931471805599453,0.6931471805599453,1,0,0,71095.44020000269,215530.76107594935,138042.37744274875,-0.9976672982767061,-0.7460403115800028,-0.7708567176005267,-0.8037047775075877,-0.016114366641495355,-1.222499172317344,-0.8360038003309732,-0.9483664637200454,0.9156384768475694,-0.9899234367705491
CAS00076,casa,disponible,alquiler,2400.0,dolar,4,4,Achumani,La Paz,320.0,-16.530693,-68.075111,7.783640596221253,7.783640596221253,5.771441123130016,5.771441123130016,1.6094379124341003,1.6094379124341003,1.6094379124341003,1.6094379124341003,1,0,0,293318.67804873566,215530.76107594935,165865.41974652268,0.22655674977202245,0.6137811675983271,0.6261311055427021,0.11763177455760256,-0.016114366641495355,-1.222499172317344,-0.6375017536909693,-0.9483664637200454,0.9294225413136651,-0.9876377971800187
CAS00077,casa,disponible,venta,850000.0,dolar,4,7,Achumani,La Paz,526.0,-16.510565,-68.053787,13.652992804936396,13.652992804936396,6.267200548541362,6.267200548541362,1.6094379124341003,1.6094379124341003,2.0794415416798357,2.0794415416798357,1,2,0,293318.67804873566,215530.76107594935,165865.41974652268,0.6288209331932008,0.6137811675983271,1.3427042673670588,0.11763177455760256,-0.016114366641495355,0.8280415687087431,-0.6375017536909693,-0.9483664637200454,0.9595273209982903,-0.9788639036375161
DEP00120,departamento,disponible,venta,74000.0,dolar,2,1,Irpavi,La Paz,73.0,-16.506006,-68.081314,11.211833885608513,11.211833885608513,4.30406509320417,4.30406509320417,1.0986122886681098,1.0986122886681098,0.6931471805599453,0.6931471805599453,1,2,0,71095.44020000269,215530.76107594935,145975.06199191516,-0.9640869176885881,-0.1443097211863738,-0.7708567176005267,-0.8037047775075877,-0.016114366641495355,0.8280415687087431,-0.7794084754500027,-0.9483664637200454,0.9663460655621924,-0.9901900604347607
TER00016,terreno,disponible,venta,760000.0,dolar,0,0,Auquisamaña,La Paz,800.0,-16.548136,-68.077042,13.541075028051122,13.541075028051122,6.68586094706836,6.68586094706836,0.0,0.0,0.0,0.0,1,2,0,687663.6869501647,215530.76107594935,340279.9913660373,0.9685261908481834,-1.7747055502094886,-1.8276372100843195,1.7525844210160881,-0.016114366641495355,0.8280415687087431,0.60684992619765,-0.9483664637200454,0.9033336267648312,-0.9884323192411028
CAS00078,casa,disponible,alquiler,1300.0,dolar,4,4,Calacoto,La Paz,220.0,-16.542048,-68.089851,7.170888478512505,7.170888478512505,5.3981627015177525,5.3981627015177525,1.6094379124341003,1.6094379124341003,1.6094379124341003,1.6094379124341003,1,0,0,293318.67804873566,215530.76107594935,88304.6800232977,-0.07632511542703853,0.6137811675983271,0.6261311055427021,0.11763177455760256,-0.016114366641495355,-1.222499172317344,-1.1908548128524579,-0.9483664637200454,0.9124392457393915,-0.9937026626281686
TER00017,terreno,disponible,venta,190000.0,dolar,0,0,Cota Cota,La Paz,400.0,-16.540134,-68.065903,12.154784614286667,12.154784614286667,5.993961427306569,5.993961427306569,0.0,0.0,0.0,0.0,1,2,0,687663.6869501647,215530.76107594935,359218.9313947517,0.40711196237326097,-1.7747055502094886,-1.8276372100843195,1.7525844210160881,-0.016114366641495355,0.8280415687087431,0.7419688077292422,-0.9483664637200454,0.9153019518361949,-0.9838491078281454
CAS00079,casa,disponible,alquiler,2500.0,dolar,4,6,Achumani,La Paz,590.0,-16.524729,-68.055923,7.824445930877619,7.824445930877619,6.3818160174060985,6.3818160174060985,1.6094379124341003,1.6094379124341003,1.9459101490553132,1.9459101490553132,1,0,0,293318.67804873566,215530.76107594935,165865.41974652268,0.7218210772692377,0.6137811675983271,1.1391207070245153,0.11763177455760256,-0.016114366641495355,-1.222499172317344,-0.6375017536909693,-0.9483664637200454,0.9383426976152881,-0.979742774234348
DEP00121,departamento,disponible,alquiler,862.0,dolar,2,3,Calacoto,La Paz,110.0,-16.539497,-68.073883,6.760414691083428,6.760414691083428,4.709530201312334,4.709530201312334,1.0986122886681098,1.0986122886681098,1.3862943611198906,1.3862943611198906,1,0,0,71095.44020000269,215530.76107594935,88304.6800232977,-0.6350884513788899,-0.1443097211863738,0.2859237748832662,-0.8037047775075877,-0.016114366641495355,-1.222499172317344,-1.1908548128524579,-0.9483664637200454,0.9162546915350738,-0.9871325288780916
DEP00122,departamento,disponible,venta,157000.0,dolar,3,3,Alto Irpavi,La Paz,162.0,-16.530857,-68.085922,11.964007453736912,11.964007453736912,5.093750200806762,5.093750200806762,1.3862943611198906,1.3862943611198906,1.3862943611198906,1.3862943611198906,1,2,0,71095.44020000269,215530.76107594935,245166.14990117447,-0.32332847985142904,0.2826249270494829,0.2859237748832662,-0.8037047775075877,-0.016114366641495355,0.8280415687087431,-0.07173482339341877,-0.9483664637200454,0.9291772519720352,-0.992086050935781
OFI00026,oficina,disponible,alquiler,320.0,dolar,5,2,San Jorge,La Paz,63.0,-16.510696,-68.123085,5.771441123130016,5.771441123130016,4.1588830833596715,4.1588830833596715,1.791759469228055,1.791759469228055,1.0986122886681098,1.0986122886681098,1,0,0,127588.56880770384,215530.76107594935,232957.16613209486,-1.0818890605103513,0.8843555174431118,-0.152679758003872,-0.5694845184983812,-0.016114366641495355,-1.222499172317344,-0.15883918240264788,-0.9483664637200454,0.9593313886583322,-1.007377000369282
GAL00001,galpon,disponible,alquiler,1300.0,dolar,3,4,Sopocachi,La Paz,330.0,-16.518978,-68.128952,7.170888478512505,7.170888478512505,5.802118375377063,5.802118375377063,1.3862943611198906,1.3862943611198906,1.6094379124341003,1.6094379124341003,1,0,0,367581.7512828929,215530.76107594935,476606.72866823,0.25144858075339965,0.2826249270494829,0.6261311055427021,0.42552614465897515,-0.016114366641495355,-1.222499172317344,1.5794659352876712,-0.9483664637200454,0.9469442769061409,-1.009791014316656
DEP00123,departamento,disponible,venta,164050.0,dolar,3,3,San Miguel,La Paz,162.19,-16.545282,-68.078362,12.0079326340732,12.0079326340732,5.094915166142843,5.094915166142843,1.3862943611198906,1.3862943611198906,1.3862943611198906,1.3862943611198906,1,2,0,71095.44020000269,215530.76107594935,138042.37744274875,-0.3223832152621707,0.2826249270494829,0.2859237748832662,-0.8037047775075877,-0.016114366641495355,0.8280415687087431,-0.8360038003309732,-0.9483664637200454,0.9076022595758356,-0.988975441520039
DEP00124,departamento,disponible,alquiler,380.0,dolar,2,2,Calacoto,La Paz,160.0,-16.541636,-68.090195,5.942799375126701,5.942799375126701,5.081404364984463,5.081404364984463,1.0986122886681098,1.0986122886681098,1.0986122886681098,1.0986122886681098,1,0,0,71095.44020000269,215530.76107594935,88304.6800232977,-0.33334601519448065,-0.1443097211863738,-0.152679758003872,-0.8037047775075877,-0.016114366641495355,-1.222499172317344,-1.1908548128524579,-0.9483664637200454,0.9130554604268959,-0.9938442035857097
OFI00027,oficina,disponible,alquiler,2000.0,dolar,8,4,Calacoto,La Paz,450.0,-16.540319,-68.088303,7.601402334583733,7.601402334583733,6.111467339502679,6.111467339502679,2.1972245773362196,2.1972245773362196,1.6094379124341003,1.6094379124341003,1,0,0,127588.56880770384,215530.76107594935,88304.6800232977,0.5024574412363376,1.4860861078367409,0.6261311055427021,-0.5694845184983812,-0.016114366641495355,-1.222499172317344,-1.1908548128524579,-0.9483664637200454,0.9150252534935025,-0.993065728319231
DEP00125,departamento,disponible,venta,125000.0,dolar,3,4,Seguencoma,La Paz,127.0,-16.538713,-68.097893,11.736077016252437,11.736077016252437,4.852030263919617,4.852030263919617,1.3862943611198906,1.3862943611198906,1.6094379124341003,1.6094379124341003,1,2,0,71095.44020000269,215530.76107594935,222577.85210455372,-0.5194624675166101,0.2826249270494829,0.6261311055427021,-0.8037047775075877,-0.016114366641495355,0.8280415687087431,-0.23288985790720107,-0.9483664637200454,0.9174272942413898,-0.9970115939669799
DEP00126,departamento,disponible,venta,85000.0,dolar,2,2,Cota Cota,La Paz,98.0,-16.542171,-68.060188,11.350418300109132,11.350418300109132,4.59511985013459,4.59511985013459,1.0986122886681098,1.0986122886681098,1.0986122886681098,1.0986122886681098,1,2,0,71095.44020000269,215530.76107594935,359218.9313947517,-0.72792216090092,-0.1443097211863738,-0.152679758003872,-0.8037047775075877,-0.016114366641495355,0.8280415687087431,0.7419688077292422,-0.9483664637200454,0.912255278733173,-0.9814976352340979
OFI00028,oficina,disponible,alquiler,500.0,dolar,1,1,San Jorge,La Paz,55.0,-16.509729,-68.123375,6.2166061010848646,6.2166061010848646,4.02535169073515,4.02535169073515,0.6931471805599453,0.6931471805599453,0.6931471805599453,0.6931471805599453,1,0,0,127588.56880770384,215530.76107594935,232957.16613209486,-1.1902377753545061,-0.7460403115800028,-0.7708567176005267,-0.5694845184983812,-0.016114366641495355,-1.222499172317344,-0.15883918240264788,-0.9483664637200454,0.9607776983739031,-1.0074963226881368
CAS00080,casa,disponible,alquiler,1500.0,dolar,4,4,Achumani,La Paz,219.0,-16.534027,-68.076523,7.313886831633462,7.313886831633462,5.393627546352362,5.393627546352362,1.6094379124341003,1.6094379124341003,1.6094379124341003,1.6094379124341003,1,0,0,293318.67804873566,215530.76107594935,165865.41974652268,-0.08000498593636962,0.6137811675983271,0.6261311055427021,0.11763177455760256,-0.016114366641495355,-1.222499172317344,-0.6375017536909693,-0.9483664637200454,0.9244359884783855,-0.9882187734359698
CAS00081,casa,disponible,venta,855000.0,dolar,5,2,La Florida,La Paz,303.0,-16.547171,-68.09024,13.658857917508856,13.658857917508856,5.717027701406222,5.717027701406222,1.791759469228055,1.791759469228055,1.0986122886681098,1.0986122886681098,1,2,0,293318.67804873566,215530.76107594935,307658.8642004635,0.18240515217261713,0.8843555174431118,-0.152679758003872,0.11763177455760256,-0.016114366641495355,0.8280415687087431,0.3741161929354213,-0.9483664637200454,0.9047769451469698,-0.9938627191179463
TER00018,terreno,disponible,venta,77280.0,dolar,0,0,Río Abajo,La Paz,1288.0,-16.64386,-68.046127,11.255203408761272,11.255203408761272,7.161622002939187,7.161622002939187,0.0,0.0,0.0,0.0,1,2,0,687663.6869501647,215530.76107594935,286386.1732485499,1.3545634961090582,-1.7747055502094886,-1.8276372100843195,1.7525844210160881,-0.016114366641495355,0.8280415687087431,0.2223472869548421,-0.9483664637200454,0.7601624259236583,-0.9757121485945804
DEP00127,departamento,disponible,venta,550000.0,dolar,5,8,San Miguel,La Paz,480.0,-16.545382,-68.080154,13.217675375388819,13.217675375388819,6.175867270105761,6.175867270105761,1.791759469228055,1.791759469228055,2.1972245773362196,2.1972245773362196,1,2,0,71095.44020000269,215530.76107594935,138042.37744274875,0.5547121925704847,0.8843555174431118,1.5222776940765754,-0.8037047775075877,-0.016114366641495355,0.8280415687087431,-0.8360038003309732,-0.9483664637200454,0.9074526929041119,-0.989712771159324
DEP00128,departamento,disponible,venta,200000.0,dolar,4,5,Achumani,La Paz,168.0,-16.534849,-68.075493,12.206077645517674,12.206077645517674,5.1298987149230735,5.1298987149230735,1.6094379124341003,1.6094379124341003,1.791759469228055,1.791759469228055,1,2,0,71095.44020000269,215530.76107594935,165865.41974652268,-0.29399721196716944,0.6137811675983271,0.9041007344799207,-0.8037047775075877,-0.016114366641495355,0.8280415687087431,-0.6375017536909693,-0.9483664637200454,0.923206550436809,-0.9877949734758884
DEP00129,departamento,disponible,alquiler,650.0,dolar,2,3,San Miguel,La Paz,130.0,-16.543478,-68.079796,6.478509642208569,6.478509642208569,4.875197323201151,4.875197323201151,1.0986122886681098,1.0986122886681098,1.3862943611198906,1.3862943611198906,1,0,0,71095.44020000269,215530.76107594935,138042.37744274875,-0.5006644826342774,-0.1443097211863738,0.2859237748832662,-0.8037047775075877,-0.016114366641495355,-1.222499172317344,-0.8360038003309732,-0.9483664637200454,0.9103004423337382,-0.9895654698139789
DEP00130,departamento,disponible,venta,298000.0,dolar,6,6,Obrajes,La Paz,342.0,-16.524586,-68.111626,12.604852121186608,12.604852121186608,5.8377304471659395,5.8377304471659395,1.9459101490553132,1.9459101490553132,1.9459101490553132,1.9459101490553132,1,2,0,71095.44020000269,215530.76107594935,214249.3211053662,0.2803445739384058,1.1131228706065581,1.1391207070245153,-0.8037047775075877,-0.016114366641495355,0.8280415687087431,-0.2923093286751119,-0.9483664637200454,0.9385565779558556,-1.002662122949308
DEP00131,departamento,disponible,venta,170000.0,dolar,3,4,Achumani,La Paz,165.0,-16.519709,-68.064079,12.04355959836804,12.04355959836804,5.111987788356544,5.111987788356544,1.3862943611198906,1.3862943611198906,1.6094379124341003,1.6094379124341003,1,2,0,71095.44020000269,215530.76107594935,165865.41974652268,-0.30853031790584856,0.2826249270494829,0.6261311055427021,-0.8037047775075877,-0.016114366641495355,0.8280415687087431,-0.6375017536909693,-0.9483664637200454,0.9458509445358404,-0.9830986115881569
DEP00132,departamento,disponible,alquiler,850.0,dolar,3,3,Calacoto,La Paz,110.0,-16.540094,-68.084465,6.7464121285733745,6.7464121285733745,4.709530201312334,4.709530201312334,1.3862943611198906,1.3862943611198906,1.3862943611198906,1.3862943611198906,1,0,0,71095.44020000269,215530.76107594935,88304.6800232977,-0.6350884513788899,0.2826249270494829,0.2859237748832662,-0.8037047775075877,-0.016114366641495355,-1.222499172317344,-1.1908548128524579,-0.9483664637200454,0.9153617785048823,-0.9914865591475873
DEP00133,departamento,disponible,alquiler,1400.0,dolar,4,4,Calacoto,La Paz,228.0,-16.537687,-68.076035,7.244941546337007,7.244941546337007,5.43372200355424,5.43372200355424,1.6094379124341003,1.6094379124341003,1.6094379124341003,1.6094379124341003,1,0,0,71095.44020000269,215530.76107594935,88304.6800232977,-0.04747194014980395,0.6137811675983271,0.6261311055427021,-0.8037047775075877,-0.016114366641495355,-1.222499172317344,-1.1908548128524579,-0.9483664637200454,0.9189618482932836,-0.9880179827752752
DEP00134,departamento,disponible,alquiler,1500.0,dolar,3,4,Calacoto,La Paz,235.0,-16.539785,-68.087662,7.313886831633462,7.313886831633462,5.4638318050256105,5.4638318050256105,1.3862943611198906,1.3862943611198906,1.6094379124341003,1.6094379124341003,1,0,0,71095.44020000269,215530.76107594935,88304.6800232977,-0.023040544434422664,0.2826249270494829,0.6261311055427021,-0.8037047775075877,-0.016114366641495355,-1.222499172317344,-1.1908548128524579,-0.9483664637200454,0.9158239395205119,-0.9928019848489272
TER00019,terreno,disponible,venta,93800.0,dolar,0,0,Río Abajo,La Paz,852.0,-16.625666,-68.053818,11.448930795918299,11.448930795918299,6.748759547491679,6.748759547491679,0.0,0.0,0.0,0.0,1,2,0,687663.6869501647,215530.76107594935,286386.1732485499,1.0195627477762295,-1.7747055502094886,-1.8276372100843195,1.7525844210160881,-0.016114366641495355,0.8280415687087431,0.2223472869548421,-0.9483664637200454,0.7873745861771418,-0.9788766587819485
DEP00135,departamento,disponible,venta,128500.0,dolar,2,2,La Florida,La Paz,103.0,-16.54859,-68.088074,11.763691965388299,11.763691965388299,4.6443908991413725,4.6443908991413725,1.0986122886681098,1.0986122886681098,1.0986122886681098,1.0986122886681098,1,2,0,71095.44020000269,215530.76107594935,307658.8642004635,-0.6879431362387604,-0.1443097211863738,-0.152679758003872,-0.8037047775075877,-0.016114366641495355,0.8280415687087431,0.3741161929354213,-0.9483664637200454,0.9026545940752019,-0.9929715048329645
DEP00136,departamento,disponible,venta,139000.0,dolar,2,2,Calacoto,La Paz,91.0,-16.538921,-68.074402,11.842236406331555,11.842236406331555,4.5217885770490405,4.5217885770490405,1.0986122886681098,1.0986122886681098,1.0986122886681098,1.0986122886681098,1,2,0,71095.44020000269,215530.76107594935,88304.6800232977,-0.7874238933440664,-0.1443097211863738,-0.152679758003872,-0.8037047775075877,-0.016114366641495355,0.8280415687087431,-1.1908548128524579,-0.9483664637200454,0.9171161955642081,-0.9873460746832246
OFI00029,oficina,disponible,alquiler,500.0,dolar,1,1,San Miguel,La Paz,60.0,-16.543776,-68.079163,6.2166061010848646,6.2166061010848646,4.110873864173311,4.110873864173311,0.6931471805599453,0.6931471805599453,0.6931471805599453,0.6931471805599453,1,0,0,127588.56880770384,215530.76107594935,138042.37744274875,-1.1208442237665324,-0.7460403115800028,-0.7708567176005267,-0.5694845184983812,-0.016114366641495355,-1.222499172317344,-0.8360038003309732,-0.9483664637200454,0.9098547336519992,-0.9893050179938481
CAS00083,casa,disponible,venta,250000.0,dolar,4,3,Sopocachi,La Paz,329.0,-16.514935,-68.129997,12.429220196836383,12.429220196836383,5.799092654460526,5.799092654460526,1.6094379124341003,1.6094379124341003,1.3862943611198906,1.3862943611198906,1,2,0,293318.67804873566,215530.76107594935,476606.72866823,0.24899348037332858,0.6137811675983271,0.2859237748832662,0.11763177455760256,-0.016114366641495355,0.8280415687087431,1.5794659352876712,-0.9483664637200454,0.9529912574439451,-1.010220986120818
DEP00137,departamento,disponible,alquiler,1500.0,dolar,4,6,Calacoto,La Paz,300.0,-16.538757,-68.07457,7.313886831633462,7.313886831633462,5.707110264748875,5.707110264748875,1.6094379124341003,1.6094379124341003,1.9459101490553132,1.9459101490553132,1,0,0,71095.44020000269,215530.76107594935,88304.6800232977,0.1743580443333893,0.6137811675983271,1.1391207070245153,-0.8037047775075877,-0.016114366641495355,-1.222499172317344,-1.1908548128524579,-0.9483664637200454,0.9173614849058327,-0.9874151993369028
DEP00138,departamento,disponible,alquiler,818.0,dolar,2,2,San Miguel,La Paz,100.0,-16.542896,-68.081673,6.70808408385307,6.70808408385307,4.61512051684126,4.61512051684126,1.0986122886681098,1.0986122886681098,1.0986122886681098,1.0986122886681098,1,0,0,71095.44020000269,215530.76107594935,138042.37744274875,-0.7116934187969003,-0.1443097211863738,-0.152679758003872,-0.8037047775075877,-0.016114366641495355,-1.222499172317344,-0.8360038003309732,-0.9483664637200454,0.9111709203631746,-0.9903377732363767
DEP00139,departamento,disponible,alquiler,1700.0,dolar,4,5,Achumani,La Paz,290.0,-16.517899,-68.062706,7.438971592395862,7.438971592395862,5.673323267171493,5.673323267171493,1.6094379124341003,1.6094379124341003,1.791759469228055,1.791759469228055,1,0,0,71095.44020000269,215530.76107594935,165865.41974652268,0.1469429347175872,0.6137811675983271,0.9041007344799207,-0.8037047775075877,-0.016114366641495355,-1.222499172317344,-0.6375017536909693,-0.9483664637200454,0.9485581012940449,-0.9825336821268055
CAS00084,casa,disponible,anticretico,180000.0,dolar,5,5,Irpavi,La Paz,488.0,-16.525345,-68.08567,12.100717685412471,12.100717685412471,6.192362489474872,6.192362489474872,1.791759469228055,1.791759469228055,1.791759469228055,1.791759469228055,1,1,0,293318.67804873566,215530.76107594935,145975.06199191516,0.5680965794520111,0.8843555174431118,0.9041007344799207,0.11763177455760256,-0.016114366641495355,-0.1972288018043005,-0.7794084754500027,-0.9483664637200454,0.9374213669174665,-0.9919823639552549
DEP00140,departamento,disponible,venta,180000.0,dolar,3,3,Los Pinos,La Paz,162.0,-16.540813,-68.075516,12.100717685412471,12.100717685412471,5.093750200806762,5.093750200806762,1.3862943611198906,1.3862943611198906,1.3862943611198906,1.3862943611198906,1,2,0,71095.44020000269,215530.76107594935,208233.91537402666,-0.32332847985142904,0.2826249270494829,0.2859237748832662,-0.8037047775075877,-0.016114366641495355,0.8280415687087431,-0.3352259276582124,-0.9483664637200454,0.9142863941351859,-0.9878044369701422
DEP00141,departamento,disponible,venta,298000.0,dolar,6,4,Obrajes,La Paz,342.0,-16.524405,-68.113602,12.604852121186608,12.604852121186608,5.8377304471659395,5.8377304471659395,1.9459101490553132,1.9459101490553132,1.6094379124341003,1.6094379124341003,1,2,0,71095.44020000269,215530.76107594935,214249.3211053662,0.2803445739384058,1.1131228706065581,0.6261311055427021,-0.8037047775075877,-0.016114366641495355,0.8280415687087431,-0.2923093286751119,-0.9483664637200454,0.9388272936316728,-1.0034751605426289
CAS00085,casa,disponible,venta,235000.0,dolar,4,3,Koani,La Paz,260.0,-16.529272,-68.078903,12.367345048436391,12.367345048436391,5.564520407322694,5.564520407322694,1.6094379124341003,1.6094379124341003,1.3862943611198906,1.3862943611198906,1,2,0,293318.67804873566,215530.76107594935,267866.7550229507,0.05865920005202667,0.6137811675983271,0.2859237748832662,0.11763177455760256,-0.016114366641495355,0.8280415687087431,0.09022146188412354,-0.9483664637200454,0.9315478837188652,-0.989198039363149
EDI00005,edificio,disponible,venta,1150000.0,dolar,10,10,San Pedro,La Paz,1000.0,-16.50218,-68.144974,13.955273369904273,13.955273369904273,6.90875477931522,6.90875477931522,2.3978952727983707,2.3978952727983707,2.3978952727983707,2.3978952727983707,1,2,0,1171175.6402570198,215530.76107594935,546458.2882347655,1.1493844878820825,1.783891501298435,1.8282226395732084,3.757222820917717,-0.016114366641495355,0.8280415687087431,2.0778182500190012,-0.9483664637200454,0.9720684864223563,-1.0163833667054192
CAS00086,casa,disponible,venta,850000.0,dolar,10,11,San Miguel,La Paz,240.0,-16.542126,-68.079552,13.652992804936396,13.652992804936396,5.484796933490655,5.484796933490655,2.3978952727983707,2.3978952727983707,2.4849066497880004,2.4849066497880004,1,2,0,293318.67804873566,215530.76107594935,138042.37744274875,-0.006029228360474918,1.783891501298435,1.9608812269637137,0.11763177455760256,-0.016114366641495355,0.8280415687087431,-0.8360038003309732,-0.9483664637200454,0.9123225837354489,-0.9894650744836315
TER00020,terreno,disponible,venta,550000.0,dolar,0,0,San Jorge,La Paz,579.0,-16.514914,-68.120552,13.217675375388819,13.217675375388819,6.363028103540465,6.363028103540465,0.0,0.0,0.0,0.0,1,2,0,687663.6869501647,215530.76107594935,232957.16613209486,0.7065763750165763,-1.7747055502094886,-1.8276372100843195,1.7525844210160881,-0.016114366641495355,0.8280415687087431,-0.15883918240264788,-0.9483664637200454,0.9530226664450075,-1.0063347816324995
DEP00142,departamento,disponible,venta,260000.0,dolar,3,5,Calacoto,La Paz,201.0,-16.540731,-68.083672,12.468440756144114,12.468440756144114,5.308267697401205,5.308267697401205,1.3862943611198906,1.3862943611198906,1.791759469228055,1.791759469228055,1,2,0,71095.44020000269,215530.76107594935,88304.6800232977,-0.1492668258031591,0.2826249270494829,0.9041007344799207,-0.8037047775075877,-0.016114366641495355,0.8280415687087431,-1.1908548128524579,-0.9483664637200454,0.9144090388059981,-0.991160274323957
CAS00087,casa,disponible,alquiler,2500.0,dolar,4,4,Auquisamaña,La Paz,300.0,-16.549452,-68.075493,7.824445930877619,7.824445930877619,5.707110264748875,5.707110264748875,1.6094379124341003,1.6094379124341003,1.6094379124341003,1.6094379124341003,1,0,0,293318.67804873566,215530.76107594935,340279.9913660373,0.1743580443333893,0.6137811675983271,0.6261311055427021,0.11763177455760256,-0.016114366641495355,-1.222499172317344,0.60684992619765,-0.9483664637200454,0.9013653293649433,-0.9877949734758884
TER00021,terreno,disponible,venta,95000.0,dolar,0,0,Achumani,La Paz,352.0,-16.526157,-68.061417,11.461642696843066,11.461642696843066,5.8664680569332965,5.8664680569332965,0.0,0.0,0.0,0.0,1,2,0,687663.6869501647,215530.76107594935,165865.41974652268,0.30366255950560017,-1.7747055502094886,-1.8276372100843195,1.7525844210160881,-0.016114366641495355,0.8280415687087431,-0.6375017536909693,-0.9483664637200454,0.9362068855430671,-0.9820033149922959
DEP00143,departamento,disponible,alquiler,700.0,dolar,2,2,Auquisamaña,La Paz,85.0,-16.547003,-68.076584,6.55250788703459,6.55250788703459,4.454347296253507,4.454347296253507,1.0986122886681098,1.0986122886681098,1.0986122886681098,1.0986122886681098,1,0,0,71095.44020000269,215530.76107594935,340279.9913660373,-0.8421464268099377,-0.1443097211863738,-0.152679758003872,-0.8037047775075877,-0.016114366641495355,-1.222499172317344,0.60684992619765,-0.9483664637200454,0.9050282171554642,-0.988243872268558
OFI00030,oficina,disponible,venta,113000.0,dolar,5,2,San Jorge,La Paz,85.0,-16.51193,-68.122292,11.635151947212842,11.635151947212842,4.454347296253507,4.454347296253507,1.791759469228055,1.791759469228055,1.0986122886681098,1.0986122886681098,1,2,0,127588.56880770384,215530.76107594935,232957.16613209486,-0.8421464268099377,0.8843555174431118,-0.152679758003872,-0.5694845184983812,-0.016114366641495355,0.8280415687087431,-0.15883918240264788,-0.9483664637200454,0.9574857359292566,-1.0070507155456458
CAS00088,casa,disponible,venta,380000.0,dolar,3,4,Achumani,La Paz,300.0,-16.528339,-68.06897,12.847929163278053,12.847929163278053,5.707110264748875,5.707110264748875,1.3862943611198906,1.3862943611198906,1.6094379124341003,1.6094379124341003,1,2,0,293318.67804873566,215530.76107594935,165865.41974652268,0.1743580443333893,0.2826249270494829,0.6261311055427021,0.11763177455760256,-0.016114366641495355,0.8280415687087431,-0.6375017536909693,-0.9483664637200454,0.9329433407660508,-0.9851110442141299
DEP00144,departamento,disponible,venta,135000.0,dolar,3,3,Alto Irpavi,La Paz,131.0,-16.523556,-68.079681,11.813037464800539,11.813037464800539,4.882801922586371,4.882801922586371,1.3862943611198906,1.3862943611198906,1.3862943611198906,1.3862943611198906,1,2,0,71095.44020000269,215530.76107594935,245166.14990117447,-0.49449403421687765,0.2826249270494829,0.2859237748832662,-0.8037047775075877,-0.016114366641495355,0.8280415687087431,-0.07173482339341877,-0.9483664637200454,0.9400971146746139,-0.9895181523427042
CAS00089,casa,disponible,venta,670000.0,dolar,4,5,Achumani,La Paz,361.0,-16.535795,-68.07077,13.415034483903348,13.415034483903348,5.8916442118257715,5.8916442118257715,1.6094379124341003,1.6094379124341003,1.791759469228055,1.791759469228055,1,2,0,293318.67804873566,215530.76107594935,165865.41974652268,0.32409074477127303,0.6137811675983271,0.9041007344799207,0.11763177455760256,-0.016114366641495355,0.8280415687087431,-0.6375017536909693,-0.9483664637200454,0.9217916497223005,-0.9858516655035937
OFI00031,oficina,disponible,venta,219000.0,dolar,10,3,Sopocachi,La Paz,221.0,-16.512888,-68.125183,12.296831574998258,12.296831574998258,5.402677381872279,5.402677381872279,2.3978952727983707,2.3978952727983707,1.3862943611198906,1.3862943611198906,1,2,0,127588.56880770384,215530.76107594935,476606.72866823,-0.07266185838514869,1.783891501298435,0.2859237748832662,-0.5694845184983812,-0.016114366641495355,0.8280415687087431,1.5794659352876712,-0.9483664637200454,0.9560528872141387,-1.0082402356277793
CAS00090,casa,disponible,venta,850000.0,dolar,5,6,Cota Cota,La Paz,715.0,-16.5382,-68.054268,13.652992804936396,13.652992804936396,6.573680166960646,6.573680166960646,1.791759469228055,1.791759469228055,1.9459101490553132,1.9459101490553132,1,2,0,293318.67804873566,215530.76107594935,359218.9313947517,0.877501577714227,0.8843555174431118,1.1391207070245153,0.11763177455760256,-0.016114366641495355,0.8280415687087431,0.7419688077292422,-0.9483664637200454,0.9181945712673367,-0.9790618141043086
CAS00091,casa,disponible,venta,390000.0,dolar,4,6,Mallasilla,La Paz,325.0,-16.569096,-68.105339,12.873904582205107,12.873904582205107,5.786897381366708,5.786897381366708,1.6094379124341003,1.6094379124341003,1.9459101490553132,1.9459101490553132,1,2,0,293318.67804873566,215530.76107594935,272561.5281283459,0.2390981131423122,0.6137811675983271,1.1391207070245153,0.11763177455760256,-0.016114366641495355,0.8280415687087431,0.12371607615946424,-0.9483664637200454,0.8719844523714628,-1.000075297367724
DEP00145,departamento,disponible,anticretico,70000.0,dolar,2,2,Calacoto,La Paz,126.0,-16.539743,-68.082382,11.156264806643742,11.156264806643742,4.844187086458591,4.844187086458591,1.0986122886681098,1.0986122886681098,1.0986122886681098,1.0986122886681098,1,1,0,71095.44020000269,215530.76107594935,88304.6800232977,-0.5258265005839977,-0.1443097211863738,-0.152679758003872,-0.8037047775075877,-0.016114366641495355,-0.1972288018043005,-1.1908548128524579,-0.9483664637200454,0.9158867575226315,-0.9906294957331708
DEP00146,departamento,disponible,alquiler,800.0,dolar,3,3,Calacoto,La Paz,170.0,-16.541389,-68.084869,6.68586094706836,6.68586094706836,5.14166355650266,5.14166355650266,1.3862943611198906,1.3862943611198906,1.3862943611198906,1.3862943611198906,1,0,0,71095.44020000269,215530.76107594935,88304.6800232977,-0.2844511011954675,0.2826249270494829,0.2859237748832662,-0.8037047775075877,-0.016114366641495355,-1.222499172317344,-1.1908548128524579,-0.9483664637200454,0.9134248901060569,-0.9916527874814458
DEP00147,departamento,disponible,venta,115000.0,dolar,2,2,Los Pinos,La Paz,87.0,-16.539085,-68.075684,11.652696102959753,11.652696102959753,4.477336814478207,4.477336814478207,1.0986122886681098,1.0986122886681098,1.0986122886681098,1.0986122886681098,1,2,0,71095.44020000269,215530.76107594935,208233.91537402666,-0.8234925005265759,-0.1443097211863738,-0.152679758003872,-0.8037047775075877,-0.016114366641495355,0.8280415687087431,-0.3352259276582124,-0.9483664637200454,0.9168709062225782,-0.9878735616238262
DEP00148,departamento,disponible,venta,218000.0,dolar,3,4,Achumani,La Paz,223.0,-16.517496,-68.061409,12.292254928916668,12.292254928916668,5.4116460518550396,5.4116460518550396,1.3862943611198906,1.3862943611198906,1.6094379124341003,1.6094379124341003,1,2,0,71095.44020000269,215530.76107594935,165865.41974652268,-0.06538458936702442,0.2826249270494829,0.6261311055427021,-0.8037047775075877,-0.016114366641495355,0.8280415687087431,-0.6375017536909693,-0.9483664637200454,0.9491608549810909,-0.9820000233421171
CAS00092,casa,disponible,venta,450001.0,dolar,4,6,Auquisamaña,La Paz,350.0,-16.548218,-68.075943,13.017007306181071,13.017007306181071,5.860786223465865,5.860786223465865,1.6094379124341003,1.6094379124341003,1.9459101490553132,1.9459101490553132,1,2,0,293318.67804873566,215530.76107594935,340279.9913660373,0.29905226269033564,0.6137811675983271,1.1391207070245153,0.11763177455760256,-0.016114366641495355,0.8280415687087431,0.60684992619765,-0.9483664637200454,0.9032109820940188,-0.9879801287982544
DEP00149,departamento,disponible,alquiler,600.0,dolar,1,1,San Miguel,La Paz,51.0,-16.543283,-68.078049,6.398594934535208,6.398594934535208,3.9512437185814275,3.9512437185814275,0.6931471805599453,0.6931471805599453,0.6931471805599453,0.6931471805599453,1,0,0,71095.44020000269,215530.76107594935,138042.37744274875,-1.2503697292325013,-0.7460403115800028,-0.7708567176005267,-0.8037047775075877,-0.016114366641495355,-1.222499172317344,-0.8360038003309732,-0.9483664637200454,0.9105920973436025,-0.9888466557069246
OFI00032,oficina,disponible,alquiler,250.0,dolar,5,2,San Miguel,La Paz,60.0,-16.541965,-68.080925,5.5254529391317835,5.5254529391317835,4.110873864173311,4.110873864173311,1.791759469228055,1.791759469228055,1.0986122886681098,1.0986122886681098,1,0,0,127588.56880770384,215530.76107594935,138042.37744274875,-1.1208442237665324,0.8843555174431118,-0.152679758003872,-0.5694845184983812,-0.016114366641495355,-1.222499172317344,-0.8360038003309732,-0.9483664637200454,0.9125633860769226,-0.9900300039449772
DEP00150,departamento,disponible,venta,450000.0,dolar,3,4,La Florida,La Paz,202.0,-16.547335,-68.087555,13.017005083966255,13.017005083966255,5.313205979041787,5.313205979041787,1.3862943611198906,1.3862943611198906,1.6094379124341003,1.6094379124341003,1,2,0,71095.44020000269,215530.76107594935,307658.8642004635,-0.14525985441778547,0.2826249270494829,0.6261311055427021,-0.8037047775075877,-0.016114366641495355,0.8280415687087431,0.3741161929354213,-0.9483664637200454,0.9045316558053399,-0.9927579590278315
DEP00151,departamento,disponible,venta,115000.0,dolar,3,3,Achumani,La Paz,115.0,-16.522179,-68.062279,11.652696102959753,11.652696102959753,4.7535901911063645,4.7535901911063645,1.3862943611198906,1.3862943611198906,1.3862943611198906,1.3862943611198906,1,2,0,71095.44020000269,215530.76107594935,165865.41974652268,-0.5993377325673712,0.2826249270494829,0.2859237748832662,-0.8037047775075877,-0.016114366641495355,0.8280415687087431,-0.6375017536909693,-0.9483664637200454,0.9421566477442517,-0.9823579902986932
DEP00152,departamento,disponible,venta,286000.0,dolar,3,4,Los Pinos,La Paz,257.0,-16.541513,-68.075951,12.563750586299374,12.563750586299374,5.552959584921617,5.552959584921617,1.3862943611198906,1.3862943611198906,1.6094379124341003,1.6094379124341003,1,2,0,71095.44020000269,215530.76107594935,208233.91537402666,0.04927863249350252,0.2826249270494829,0.6261311055427021,-0.8037047775075877,-0.016114366641495355,0.8280415687087431,-0.3352259276582124,-0.9483664637200454,0.9132394274331196,-0.9879834204484331
DEP00153,departamento,disponible,venta,105000.0,dolar,3,4,Achumani,La Paz,151.0,-16.518517,-68.058716,11.561725152903833,11.561725152903833,5.0238805208462765,5.0238805208462765,1.3862943611198906,1.3862943611198906,1.6094379124341003,1.6094379124341003,1,2,0,71095.44020000269,215530.76107594935,165865.41974652268,-0.3800214408211241,0.2826249270494829,0.6261311055427021,-0.8037047775075877,-0.016114366641495355,0.8280415687087431,-0.6375017536909693,-0.9483664637200454,0.947633779262791,-0.9808919716018294
DEP00154,departamento,disponible,alquiler,2500.0,dolar,2,4,Auquisamaña,La Paz,240.0,-16.548418,-68.07576,7.824445930877619,7.824445930877619,5.484796933490655,5.484796933490655,1.0986122886681098,1.0986122886681098,1.6094379124341003,1.6094379124341003,1,0,0,71095.44020000269,215530.76107594935,340279.9913660373,-0.006029228360474918,-0.1443097211863738,0.6261311055427021,-0.8037047775075877,-0.016114366641495355,-1.222499172317344,0.60684992619765,-0.9483664637200454,0.9029118487505661,-0.9879048323004953
DEP00155,departamento,disponible,venta,235000.0,dolar,3,4,Sopocachi,La Paz,174.0,-16.515263,-68.130272,12.367345048436391,12.367345048436391,5.1647859739235145,5.1647859739235145,1.3862943611198906,1.3862943611198906,1.6094379124341003,1.6094379124341003,1,2,0,71095.44020000269,215530.76107594935,476606.72866823,-0.26568933916783494,0.2826249270494829,0.6261311055427021,-0.8037047775075877,-0.016114366641495355,0.8280415687087431,1.5794659352876712,-0.9483664637200454,0.9525006787606906,-1.010334136595598
CAS00093,casa,disponible,alquiler,1200.0,dolar,4,5,San Miguel,La Paz,313.0,-16.5446,-68.077538,7.0909098220799835,7.0909098220799835,5.749392985908253,5.749392985908253,1.6094379124341003,1.6094379124341003,1.791759469228055,1.791759469228055,1,0,0,293318.67804873566,215530.76107594935,138042.37744274875,0.20866666950151336,0.6137811675983271,0.9041007344799207,0.11763177455760256,-0.016114366641495355,-1.222499172317344,-0.8360038003309732,-0.9483664637200454,0.9086223042769958,-0.9886364015519762
DEP00156,departamento,disponible,venta,170000.0,dolar,3,2,Miraflores,La Paz,205.0,-16.49399,-68.121498,12.04355959836804,12.04355959836804,5.327876168789581,5.327876168789581,1.3862943611198906,1.3862943611198906,1.0986122886681098,1.0986122886681098,1,2,0,71095.44020000269,215530.76107594935,387897.8094654558,-0.13335631492454506,0.2826249270494829,-0.152679758003872,-0.8037047775075877,-0.016114366641495355,0.8280415687087431,0.9465767700871803,-0.9483664637200454,0.9843179968365582,-1.006724019265739
DEP00157,departamento,disponible,venta,135000.0,dolar,3,3,Obrajes,La Paz,116.0,-16.525921,-68.108299,11.813037464800539,11.813037464800539,4.762173934797756,4.762173934797756,1.3862943611198906,1.3862943611198906,1.3862943611198906,1.3862943611198906,1,2,0,71095.44020000269,215530.76107594935,214249.3211053662,-0.5923727966131038,0.2826249270494829,0.2859237748832662,-0.8037047775075877,-0.016114366641495355,0.8280415687087431,-0.2923093286751119,-0.9483664637200454,0.9365598628883375,-1.0012932079326187
DEP00158,departamento,disponible,alquiler,500.0,dolar,1,1,San Miguel,La Paz,37.0,-16.543776,-68.077103,6.2166061010848646,6.2166061010848646,3.6375861597263857,3.6375861597263857,0.6931471805599453,0.6931471805599453,0.6931471805599453,0.6931471805599453,1,0,0,71095.44020000269,215530.76107594935,138042.37744274875,-1.5048746268086066,-0.7460403115800028,-0.7708567176005267,-0.8037047775075877,-0.016114366641495355,-1.222499172317344,-0.8360038003309732,-0.9483664637200454,0.9098547336519992,-0.9884574180736853
CAS00094,casa,disponible,venta,620000.0,dolar,5,5,Cota Cota,La Paz,550.0,-16.541842,-68.067535,13.3374763699232,13.3374763699232,6.311734809152915,6.311734809152915,1.791759469228055,1.791759469228055,1.791759469228055,1.791759469228055,1,2,0,293318.67804873566,215530.76107594935,359218.9313947517,0.6649564801155974,0.8843555174431118,0.9041007344799207,0.11763177455760256,-0.016114366641495355,0.8280415687087431,0.7419688077292422,-0.9483664637200454,0.9127473530831464,-0.9845206044639251
OFI00033,oficina,disponible,alquiler,380.0,dolar,1,1,San Miguel,La Paz,40.0,-16.542562,-68.080055,5.942799375126701,5.942799375126701,3.713572066704308,3.713572066704308,0.6931471805599453,0.6931471805599453,0.6931471805599453,0.6931471805599453,1,0,0,127588.56880770384,215530.76107594935,138042.37744274875,-1.4432188977286609,-0.7460403115800028,-0.7708567176005267,-0.5694845184983812,-0.016114366641495355,-1.222499172317344,-0.8360038003309732,-0.9483664637200454,0.9116704730467311,-0.989672036988407
OFI00034,oficina,disponible,venta,285000.0,dolar,8,3,Calacoto,La Paz,172.0,-16.541595,-68.088005,12.560247968016562,12.560247968016562,5.153291594497779,5.153291594497779,2.1972245773362196,2.1972245773362196,1.3862943611198906,1.3862943611198906,1,2,0,127588.56880770384,215530.76107594935,88304.6800232977,-0.2750159942279784,1.4860861078367409,0.2859237748832662,-0.5694845184983812,-0.016114366641495355,0.8280415687087431,-1.1908548128524579,-0.9483664637200454,0.913116782762302,-0.9929431143501974
TER00022,terreno,disponible,venta,65000.0,dolar,0,0,Achocalla,La Paz,1500.0,-16.570801,-68.117981,11.082157933374816,11.082157933374816,7.313886831633462,7.313886831633462,0.0,0.0,0.0,0.0,1,2,0,687663.6869501647,215530.76107594935,286307.98504829593,1.4781127093744368,-1.7747055502094886,-1.8276372100843195,1.7525844210160881,-0.016114366641495355,0.8280415687087431,0.22178945731119415,-0.9483664637200454,0.8694343406185653,-1.0052769275573825
LOC00016,local comercial,disponible,alquiler,3500.0,dolar,4,5,Miraflores,La Paz,700.0,-16.503611,-68.123734,8.160803920954665,8.160803920954665,6.55250788703459,6.55250788703459,1.6094379124341003,1.6094379124341003,1.791759469228055,1.791759469228055,1,0,0,225639.55594352554,215530.76107594935,387897.8094654558,0.8603221768615802,0.6137811675983271,0.9041007344799207,-0.16296556355542782,-0.016114366641495355,-1.222499172317344,0.9465767700871803,-0.9483664637200454,0.9699281873499843,-1.0076440354897587
DEP00159,departamento,disponible,alquiler,500.0,dolar,1,1,Calacoto,La Paz,50.0,-16.541143,-68.083496,6.2166061010848646,6.2166061010848646,3.9318256327243257,3.9318256327243257,0.6931471805599453,0.6931471805599453,0.6931471805599453,0.6931471805599453,1,0,0,71095.44020000269,215530.76107594935,88304.6800232977,-1.2661257593764128,-0.7460403115800028,-0.7708567176005267,-0.8037047775075877,-0.016114366641495355,-1.222499172317344,-1.1908548128524579,-0.9483664637200454,0.9137928241184937,-0.9910878580200942
OFI00035,oficina,disponible,alquiler,1500.0,dolar,5,3,Sopocachi,La Paz,190.0,-16.511362,-68.124565,7.313886831633462,7.313886831633462,5.25227342804663,5.25227342804663,1.791759469228055,1.791759469228055,1.3862943611198906,1.3862943611198906,1,0,0,127588.56880770384,215530.76107594935,476606.72866823,-0.19470113906809491,0.8843555174431118,0.2859237748832662,-0.5694845184983812,-0.016114366641495355,-1.222499172317344,1.5794659352876712,-0.9483664637200454,0.9583352746246513,-1.0079859556517292
DEP00160,departamento,disponible,alquiler,400.0,dolar,2,2,Achumani,La Paz,88.0,-16.532463,-68.073433,5.993961427306569,5.993961427306569,4.48863636973214,4.48863636973214,1.0986122886681098,1.0986122886681098,1.0986122886681098,1.0986122886681098,1,0,0,71095.44020000269,215530.76107594935,165865.41974652268,-0.814323927758697,-0.1443097211863738,-0.152679758003872,-0.8037047775075877,-0.016114366641495355,-1.222499172317344,-0.6375017536909693,-0.9483664637200454,0.9267752112241479,-0.9869473735557256
CAS00095,casa,disponible,alquiler,2000.0,dolar,5,7,Achumani,La Paz,560.0,-16.495169,-68.052109,7.601402334583733,7.601402334583733,6.329720905522696,6.329720905522696,1.791759469228055,1.791759469228055,2.0794415416798357,2.0794415416798357,1,0,0,293318.67804873566,215530.76107594935,165865.41974652268,0.6795505795885854,0.8843555174431118,1.3427042673670588,0.11763177455760256,-0.016114366641495355,-1.222499172317344,-0.6375017536909693,-0.9483664637200454,0.9825546057769304,-0.9781734800132289
EDI00006,edificio,disponible,venta,2250000.0,dolar,20,15,San Jorge,La Paz,1250.0,-16.513371,-68.120255,14.626441218624949,14.626441218624949,7.1316985104669115,7.1316985104669115,3.044522437723423,3.044522437723423,2.772588722239781,2.772588722239781,1,2,0,1171175.6402570198,215530.76107594935,232957.16613209486,1.3302832733891732,2.7435186996296728,2.3994847598508517,3.757222820917717,-0.016114366641495355,0.8280415687087431,-0.15883918240264788,-0.9483664637200454,0.9553304801897127,-1.0062125791197367
OFI00036,oficina,disponible,alquiler,250.0,dolar,1,1,San Miguel,La Paz,60.0,-16.542213,-68.080025,5.5254529391317835,5.5254529391317835,4.110873864173311,4.110873864173311,0.6931471805599453,0.6931471805599453,0.6931471805599453,0.6931471805599453,1,0,0,127588.56880770384,215530.76107594935,138042.37744274875,-1.1208442237665324,-0.7460403115800028,-0.7708567176005267,-0.5694845184983812,-0.016114366641495355,-1.222499172317344,-0.8360038003309732,-0.9483664637200454,0.9121924607310481,-0.9896596933002512
CAS00096,casa,disponible,venta,920000.0,dolar,3,5,Calacoto,La Paz,300.0,-16.541883,-68.087532,13.732130035981154,13.732130035981154,5.707110264748875,5.707110264748875,1.3862943611198906,1.3862943611198906,1.791759469228055,1.791759469228055,1,2,0,293318.67804873566,215530.76107594935,88304.6800232977,0.1743580443333893,0.2826249270494829,0.9041007344799207,0.11763177455760256,-0.016114366641495355,0.8280415687087431,-1.1908548128524579,-0.9483664637200454,0.9126860307477401,-0.9927484955335777
OFI00037,oficina,disponible,venta,220000.0,dolar,3,3,Sopocachi,La Paz,190.0,-16.513384,-68.131889,12.301387370778713,12.301387370778713,5.25227342804663,5.25227342804663,1.3862943611198906,1.3862943611198906,1.3862943611198906,1.3862943611198906,1,2,0,127588.56880770384,215530.76107594935,476606.72866823,-0.19470113906809491,0.2826249270494829,0.2859237748832662,-0.5694845184983812,-0.016114366641495355,0.8280415687087431,1.5794659352876712,-0.9483664637200454,0.9553110365223898,-1.0109994613872968
CAS00097,casa,disponible,venta,650000.0,dolar,4,6,La Florida,La Paz,540.0,-16.551964,-68.084778,13.384729180332174,13.384729180332174,6.293419278846481,6.293419278846481,1.6094379124341003,1.6094379124341003,1.9459101490553132,1.9459101490553132,1,2,0,293318.67804873566,215530.76107594935,307658.8642004635,0.6500950746334319,0.6137811675983271,1.1391207070245153,0.11763177455760256,-0.016114366641495355,0.8280415687087431,0.3741161929354213,-0.9483664637200454,0.8976082145712296,-0.9916153449607017
DEP00161,departamento,disponible,alquiler,480.0,dolar,2,3,Calacoto,La Paz,104.0,-16.538088,-68.07737,6.175867270105761,6.175867270105761,4.653960350157523,4.653960350157523,1.0986122886681098,1.0986122886681098,1.3862943611198906,1.3862943611198906,1,0,0,71095.44020000269,215530.76107594935,88304.6800232977,-0.680178387448343,-0.1443097211863738,0.2859237748832662,-0.8037047775075877,-0.016114366641495355,-1.222499172317344,-1.1908548128524579,-0.9483664637200454,0.9183620859396698,-0.9885672768982922
LOC00017,local comercial,disponible,venta,175500.0,dolar,2,2,Achumani,La Paz,130.0,-16.52623,-68.07122,12.075400019877522,12.075400019877522,4.875197323201151,4.875197323201151,1.0986122886681098,1.0986122886681098,1.0986122886681098,1.0986122886681098,1,2,0,225639.55594352554,215530.76107594935,165865.41974652268,-0.5006644826342774,-0.1443097211863738,-0.152679758003872,-0.16296556355542782,-0.016114366641495355,0.8280415687087431,-0.6375017536909693,-0.9483664637200454,0.9360977018727079,-0.9860368208259596
OFI00038,oficina,disponible,alquiler,800.0,dolar,5,2,San Miguel,La Paz,120.0,-16.541277,-68.079636,6.68586094706836,6.68586094706836,4.795790545596741,4.795790545596741,1.791759469228055,1.791759469228055,1.0986122886681098,1.0986122886681098,1,0,0,127588.56880770384,215530.76107594935,138042.37744274875,-0.5650959405428011,0.8843555174431118,-0.152679758003872,-0.5694845184983812,-0.016114366641495355,-1.222499172317344,-0.8360038003309732,-0.9483664637200454,0.9135924047783847,-0.9894996368104677
EDI00007,edificio,disponible,venta,4700000.0,dolar,44,26,Sopocachi,La Paz,6000.0,-16.514935,-68.130943,15.363073279446223,15.363073279446223,8.699681400989514,8.699681400989514,3.8066624897703196,3.713572066704308,3.295836866004329,3.044522437723423,1,2,0,1171175.6402570198,215530.76107594935,476606.72866823,2.6025603592985465,3.7364219610908527,2.814078159104963,3.757222820917717,-0.016114366641495355,0.8280415687087431,1.5794659352876712,-0.9483664637200454,0.9529912574439451,-1.0106102237540575
EDI00008,edificio,disponible,venta,2900000.0,dolar,20,20,San Jorge,La Paz,1295.0,-16.513977,-68.121902,14.88022163978423,14.88022163978423,7.16703787691222,7.16703787691222,3.044522437723423,3.044522437723423,3.044522437723423,3.044522437723423,1,2,0,1171175.6402570198,215530.76107594935,232957.16613209486,1.3589579907159262,2.7435186996296728,2.814078159104963,3.757222820917717,-0.016114366641495355,0.8280415687087431,-0.15883918240264788,-0.9483664637200454,0.9544241061590629,-1.0068902475995973
CAS00098,casa,disponible,venta,797000.0,dolar,4,5,La Florida,La Paz,1000.0,-16.54966,-68.087234,13.588611212476708,13.588611212476708,6.90875477931522,6.90875477931522,1.6094379124341003,1.6094379124341003,1.791759469228055,1.791759469228055,1,2,0,293318.67804873566,215530.76107594935,307658.8642004635,1.1493844878820825,0.6137811675983271,0.9041007344799207,0.11763177455760256,-0.016114366641495355,0.8280415687087431,0.3741161929354213,-0.9483664637200454,0.9010542306877561,-0.9926258815645441
DEP00162,departamento,disponible,venta,490000.0,dolar,3,5,Calacoto,La Paz,280.0,-16.538757,-68.079033,13.102162710901053,13.102162710901053,5.638354669333745,5.638354669333745,1.3862943611198906,1.3862943611198906,1.791759469228055,1.791759469228055,1,2,0,71095.44020000269,215530.76107594935,88304.6800232977,0.1185690627676721,0.2826249270494829,0.9041007344799207,-0.8037047775075877,-0.016114366641495355,0.8280415687087431,-1.1908548128524579,-0.9483664637200454,0.9173614849058327,-0.9892515286784985
DEP00163,departamento,disponible,venta,140000.0,dolar,2,2,Los Pinos,La Paz,91.0,-16.540997,-68.073097,11.849404844423074,11.849404844423074,4.5217885770490405,4.5217885770490405,1.0986122886681098,1.0986122886681098,1.0986122886681098,1.0986122886681098,1,2,0,71095.44020000269,215530.76107594935,208233.91537402666,-0.7874238933440664,-0.1443097211863738,-0.152679758003872,-0.8037047775075877,-0.016114366641495355,0.8280415687087431,-0.3352259276582124,-0.9483664637200454,0.9140111914592123,-0.9868091242483633
OFI00039,oficina,disponible,alquiler,1000.0,dolar,4,3,Calacoto,La Paz,143.0,-16.540073,-68.081955,6.90875477931522,6.90875477931522,4.969813299576001,4.969813299576001,1.6094379124341003,1.6094379124341003,1.3862943611198906,1.3862943611198906,1,0,0,127588.56880770384,215530.76107594935,88304.6800232977,-0.42389212789095354,0.6137811675983271,0.2859237748832662,-0.5694845184983812,-0.016114366641495355,-1.222499172317344,-1.1908548128524579,-0.9483664637200454,0.9153931875059448,-0.9904538039050585
LOC00018,local comercial,disponible,alquiler,3500.0,dolar,1,4,Calacoto,La Paz,337.0,-16.539497,-68.086243,8.160803920954665,8.160803920954665,5.823045895483019,5.823045895483019,0.6931471805599453,0.6931471805599453,1.6094379124341003,1.6094379124341003,1,0,0,225639.55594352554,215530.76107594935,88304.6800232977,0.2684293810265718,-0.7460403115800028,0.6261311055427021,-0.16296556355542782,-0.016114366641495355,-1.222499172317344,-1.1908548128524579,-0.9483664637200454,0.9162546915350738,-0.9922181283990682
DEP00164,departamento,disponible,venta,115000.0,dolar,3,3,El Pedregal,La Paz,108.0,-16.546944,-68.055435,11.652696102959753,11.652696102959753,4.6913478822291435,4.6913478822291435,1.3862943611198906,1.3862943611198906,1.3862943611198906,1.3862943611198906,1,2,0,71095.44020000269,215530.76107594935,250512.5827885035,-0.649841767934867,0.2826249270494829,0.2859237748832662,-0.8037047775075877,-0.016114366641495355,0.8280415687087431,-0.0335909763341673,-0.9483664637200454,0.9051164614917818,-0.9795419835736474
DEP00165,departamento,disponible,alquiler,1500.0,dolar,3,4,Auquisamaña,La Paz,202.0,-16.547169,-68.076653,7.313886831633462,7.313886831633462,5.313205979041787,5.313205979041787,1.3862943611198906,1.3862943611198906,1.6094379124341003,1.6094379124341003,1,0,0,71095.44020000269,215530.76107594935,340279.9913660373,-0.14525985441778547,0.2826249270494829,0.6261311055427021,-0.8037047775075877,-0.016114366641495355,-1.222499172317344,0.60684992619765,-0.9483664637200454,0.904779936480402,-0.9882722627513193
DEP00166,departamento,disponible,venta,135000.0,dolar,3,4,Irpavi,La Paz,142.0,-16.530281,-68.086357,11.813037464800539,11.813037464800539,4.962844630259907,4.962844630259907,1.3862943611198906,1.3862943611198906,1.6094379124341003,1.6094379124341003,1,2,0,71095.44020000269,215530.76107594935,145975.06199191516,-0.4295465762549856,0.2826249270494829,0.6261311055427021,-0.8037047775075877,-0.016114366641495355,0.8280415687087431,-0.7794084754500027,-0.9483664637200454,0.9300387560011695,-0.9922650344140719
DEP00167,departamento,disponible,venta,145800.0,dolar,2,2,Achumani,La Paz,129.0,-16.534952,-68.070946,11.889997957243736,11.889997957243736,4.867534450455582,4.867534450455582,1.0986122886681098,1.0986122886681098,1.0986122886681098,1.0986122886681098,1,2,0,71095.44020000269,215530.76107594935,165865.41974652268,-0.5068822146422954,-0.1443097211863738,-0.152679758003872,-0.8037047775075877,-0.016114366641495355,0.8280415687087431,-0.6375017536909693,-0.9483664637200454,0.9230524967649342,-0.9859240818074565
DEP00168,departamento,disponible,venta,225000.0,dolar,3,4,Sopocachi,La Paz,174.0,-16.51263,-68.12294,12.323860125621126,12.323860125621126,5.1647859739235145,5.1647859739235145,1.3862943611198906,1.3862943611198906,1.6094379124341003,1.6094379124341003,1,2,0,71095.44020000269,215530.76107594935,476606.72866823,-0.26568933916783494,0.2826249270494829,0.6261311055427021,-0.8037047775075877,-0.016114366641495355,0.8280415687087431,1.5794659352876712,-0.9483664637200454,0.9564387692271851,-1.0073173392098516
CAS00099,casa,disponible,venta,670000.0,dolar,4,6,Achumani,La Paz,361.0,-16.535795,-68.070755,13.415034483903348,13.415034483903348,5.8916442118257715,5.8916442118257715,1.6094379124341003,1.6094379124341003,1.9459101490553132,1.9459101490553132,1,2,0,293318.67804873566,215530.76107594935,165865.41974652268,0.32409074477127303,0.6137811675983271,1.1391207070245153,0.11763177455760256,-0.016114366641495355,0.8280415687087431,-0.6375017536909693,-0.9483664637200454,0.9217916497223005,-0.9858454936595187
DEP00169,departamento,disponible,venta,191000.0,dolar,3,3,Achumani,La Paz,170.0,-16.53454,-68.070755,12.160033942617156,12.160033942617156,5.14166355650266,5.14166355650266,1.3862943611198906,1.3862943611198906,1.3862943611198906,1.3862943611198906,1,2,0,71095.44020000269,215530.76107594935,165865.41974652268,-0.2844511011954675,0.2826249270494829,0.2859237748832662,-0.8037047775075877,-0.016114366641495355,0.8280415687087431,-0.6375017536909693,-0.9483664637200454,0.9236687114524386,-0.9858454936595187
DEP00170,departamento,disponible,venta,74000.0,dolar,2,1,Irpavi,La Paz,73.0,-16.504709,-68.081055,11.211833885608513,11.211833885608513,4.30406509320417,4.30406509320417,1.0986122886681098,1.0986122886681098,0.6931471805599453,0.6931471805599453,1,2,0,71095.44020000269,215530.76107594935,145975.06199191516,-0.9640869176885881,-0.1443097211863738,-0.7708567176005267,-0.8037047775075877,-0.016114366641495355,0.8280415687087431,-0.7794084754500027,-0.9483664637200454,0.9682859452944553,-0.9900834932603326
OFI00040,oficina,disponible,alquiler,2435.0,dolar,10,6,Calacoto,La Paz,370.0,-16.540167,-68.086288,7.798112628829788,7.798112628829788,5.916202062607435,5.916202062607435,2.3978952727983707,2.3978952727983707,1.9459101490553132,1.9459101490553132,1,0,0,127588.56880770384,215530.76107594935,88304.6800232977,0.34401723186341115,1.783891501298435,1.1391207070245153,-0.5694845184983812,-0.016114366641495355,-1.222499172317344,-1.1908548128524579,-0.9483664637200454,0.915252594834523,-0.9922366439313048
OFI00041,oficina,disponible,venta,95000.0,dolar,5,2,San Jorge,La Paz,91.0,-16.503515,-68.130516,11.461642696843066,11.461642696843066,4.5217885770490405,4.5217885770490405,1.791759469228055,1.791759469228055,1.0986122886681098,1.0986122886681098,1,2,0,127588.56880770384,215530.76107594935,232957.16613209486,-0.7874238933440664,0.8843555174431118,-0.152679758003872,-0.5694845184983812,-0.016114366641495355,0.8280415687087431,-0.15883918240264788,-0.9483664637200454,0.9700717713548382,-1.0104345319259451
DEP00171,departamento,disponible,alquiler,574.0,dolar,3,4,Obrajes,La Paz,154.0,-16.527237,-68.105988,6.354370040797351,6.354370040797351,5.043425116919247,5.043425116919247,1.3862943611198906,1.3862943611198906,1.6094379124341003,1.6094379124341003,1,0,0,71095.44020000269,215530.76107594935,214249.3211053662,-0.3641627590157973,0.2826249270494829,0.6261311055427021,-0.8037047775075877,-0.016114366641495355,-1.222499172317344,-0.2923093286751119,-0.9483664637200454,0.9345915654884496,-1.0003423324882006
CAS00100,casa,disponible,venta,185000.0,dolar,3,3,Río Abajo,La Paz,230.0,-16.627228,-68.063545,12.128116509451258,12.128116509451258,5.442417710521793,5.442417710521793,1.3862943611198906,1.3862943611198906,1.3862943611198906,1.3862943611198906,1,2,0,293318.67804873566,215530.76107594935,286386.1732485499,-0.04041615606729196,0.2826249270494829,0.2859237748832662,0.11763177455760256,-0.016114366641495355,0.8280415687087431,0.2223472869548421,-0.9483664637200454,0.7850383547648117,-0.982878893938949
CAS00101,casa,disponible,alquiler,2600.0,dolar,4,4,Mallasilla,La Paz,650.0,-16.568665,-68.1045,7.8636512654486515,7.8636512654486515,6.478509642208569,6.478509642208569,1.6094379124341003,1.6094379124341003,1.6094379124341003,1.6094379124341003,1,0,0,293318.67804873566,215530.76107594935,272561.5281283459,0.8002792568407628,0.6137811675983271,0.6261311055427021,0.11763177455760256,-0.016114366641495355,-1.222499172317344,0.12371607615946424,-0.9483664637200454,0.8726290847265922,-0.9997300855555804
CAS00102,casa,disponible,venta,550000.0,dolar,4,3,La Florida,La Paz,523.0,-16.551798,-68.083611,13.217675375388819,13.217675375388819,6.261491684321042,6.261491684321042,1.6094379124341003,1.6094379124341003,1.3862943611198906,1.3862943611198906,1,2,0,293318.67804873566,215530.76107594935,307658.8642004635,0.624188703353205,0.6137811675983271,0.2859237748832662,0.11763177455760256,-0.016114366641495355,0.8280415687087431,0.3741161929354213,-0.9483664637200454,0.8978564952462917,-0.9911351754913688
GAL00002,galpon,disponible,alquiler,1800.0,dolar,5,5,Achumani,La Paz,790.0,-16.518536,-68.055969,7.496097345175956,7.496097345175956,6.673297967767654,6.673297967767654,1.791759469228055,1.791759469228055,1.791759469228055,1.791759469228055,1,0,0,367581.7512828929,215530.76107594935,165865.41974652268,0.958332463103033,0.8843555174431118,0.9041007344799207,0.42552614465897515,-0.016114366641495355,-1.222499172317344,-0.6375017536909693,-0.9483664637200454,0.9476053615951608,-0.9797617012228554
CAS00103,casa,disponible,alquiler,1800.0,dolar,4,4,Calacoto,La Paz,400.0,-16.538469,-68.073799,7.496097345175956,7.496097345175956,5.993961427306569,5.993961427306569,1.6094379124341003,1.6094379124341003,1.6094379124341003,1.6094379124341003,1,0,0,293318.67804873566,215530.76107594935,88304.6800232977,0.40711196237326097,0.6137811675983271,0.6261311055427021,0.11763177455760256,-0.016114366641495355,-1.222499172317344,-1.1908548128524579,-0.9483664637200454,0.9177922369203998,-0.9870979665512496
OFI00042,oficina,disponible,venta,180000.0,dolar,5,2,San Miguel,La Paz,120.0,-16.541292,-68.079643,12.100717685412471,12.100717685412471,4.795790545596741,4.795790545596741,1.791759469228055,1.791759469228055,1.0986122886681098,1.0986122886681098,1,2,0,127588.56880770384,215530.76107594935,138042.37744274875,-0.5650959405428011,0.8843555174431118,-0.152679758003872,-0.5694845184983812,-0.016114366641495355,0.8280415687087431,-0.8360038003309732,-0.9483664637200454,0.9135699697776296,-0.9895025170043755
OFI00043,oficina,disponible,venta,106000.0,dolar,4,2,Sopocachi,La Paz,64.0,-16.511068,-68.12442,11.571203807011969,11.571203807011969,4.174387269895637,4.174387269895637,1.6094379124341003,1.6094379124341003,1.0986122886681098,1.0986122886681098,1,2,0,127588.56880770384,215530.76107594935,476606.72866823,-1.0693088076360366,0.6137811675983271,-0.152679758003872,-0.5694845184983812,-0.016114366641495355,0.8280415687087431,1.5794659352876712,-0.9483664637200454,0.9587750006395152,-1.0079262944922989
LOC00019,local comercial,disponible,venta,261120.0,dolar,1,4,Achumani,La Paz,168.0,-16.519463,-68.062515,12.472739180407409,12.472739180407409,5.1298987149230735,5.1298987149230735,0.6931471805599453,0.6931471805599453,1.6094379124341003,1.6094379124341003,1,2,0,225639.55594352554,215530.76107594935,165865.41974652268,-0.29399721196716944,-0.7460403115800028,0.6261311055427021,-0.16296556355542782,-0.016114366641495355,0.8280415687087431,-0.6375017536909693,-0.9483664637200454,0.9462188785482826,-0.9824550939788677
LOC00020,local comercial,disponible,alquiler,3200.0,dolar,2,4,Miraflores,La Paz,260.0,-16.49975,-68.121712,8.071218539969863,8.071218539969863,5.564520407322694,5.564520407322694,1.0986122886681098,1.0986122886681098,1.6094379124341003,1.6094379124341003,1,0,0,225639.55594352554,215530.76107594935,387897.8094654558,0.05865920005202667,-0.1443097211863738,0.6261311055427021,-0.16296556355542782,-0.016114366641495355,-1.222499172317344,0.9465767700871803,-0.9483664637200454,0.9757029565452524,-1.0068120709079305
DEP00172,departamento,disponible,alquiler,1200.0,dolar,3,4,Achumani,La Paz,220.0,-16.508379,-68.059334,7.0909098220799835,7.0909098220799835,5.3981627015177525,5.3981627015177525,1.3862943611198906,1.3862943611198906,1.6094379124341003,1.6094379124341003,1,0,0,71095.44020000269,215530.76107594935,165865.41974652268,-0.07632511542703853,0.2826249270494829,0.6261311055427021,-0.8037047775075877,-0.016114366641495355,-1.222499172317344,-0.6375017536909693,-0.9483664637200454,0.9627968484421764,-0.9811462515778794
CAS00104,casa,disponible,venta,2000000.0,dolar,41,17,Centro,La Paz,1600.0,-16.495432,-68.133606,14.508658238524095,14.508658238524095,7.3783837129967145,7.3783837129967145,3.7376696182833684,3.713572066704308,2.8903717578961645,2.8903717578961645,1,2,0,293318.67804873566,215530.76107594935,288595.4885427981,1.5304461275303787,3.7364219610908527,2.579058186560368,0.11763177455760256,-0.016114366641495355,0.8280415687087431,0.2381095318881303,-0.9483664637200454,0.9821612454302955,-1.0117059318061894
DEP00173,departamento,disponible,venta,290000.0,dolar,4,4,Auquisamaña,La Paz,202.0,-16.548958,-68.074547,12.577639650232573,12.577639650232573,5.313205979041787,5.313205979041787,1.6094379124341003,1.6094379124341003,1.6094379124341003,1.6094379124341003,1,2,0,71095.44020000269,215530.76107594935,340279.9913660373,-0.14525985441778547,0.6137811675983271,0.6261311055427021,-0.8037047775075877,-0.016114366641495355,0.8280415687087431,0.60684992619765,-0.9483664637200454,0.9021041887232599,-0.987405735842649
OFI00044,oficina,disponible,venta,141750.0,dolar,5,2,Achumani,La Paz,105.0,-16.523413,-68.068413,11.861827276238836,11.861827276238836,4.663439094112067,4.663439094112067,1.791759469228055,1.791759469228055,1.0986122886681098,1.0986122886681098,1,2,0,127588.56880770384,215530.76107594935,165865.41974652268,-0.6724872392799157,0.8843555174431118,-0.152679758003872,-0.5694845184983812,-0.016114366641495355,0.8280415687087431,-0.6375017536909693,-0.9483664637200454,0.940310995015176,-0.984881863070674
CAS00105,casa,disponible,venta,398000.0,dolar,4,5,Mallasilla,La Paz,572.0,-16.568459,-68.103554,12.894209796826232,12.894209796826232,6.35088571671474,6.35088571671474,1.6094379124341003,1.6094379124341003,1.791759469228055,1.791759469228055,1,2,0,293318.67804873566,215530.76107594935,272561.5281283459,0.6967239202353452,0.6137811675983271,0.9041007344799207,0.11763177455760256,-0.016114366641495355,0.8280415687087431,0.12371607615946424,-0.9483664637200454,0.8729371920703417,-0.999340847922341
DEP00174,departamento,disponible,venta,149000.0,dolar,3,2,Irpavi,La Paz,140.0,-16.51368,-68.085991,11.91170829631447,11.91170829631447,4.948759890378168,4.948759890378168,1.3862943611198906,1.3862943611198906,1.0986122886681098,1.0986122886681098,1,2,0,71095.44020000269,215530.76107594935,145975.06199191516,-0.44097507583928736,0.2826249270494829,-0.152679758003872,-0.8037047775075877,-0.016114366641495355,0.8280415687087431,-0.7794084754500027,-0.9483664637200454,0.9548683191740831,-0.992114441418548
DEP00175,departamento,disponible,alquiler,1500.0,dolar,5,6,Achumani,La Paz,346.0,-16.521603,-68.065323,7.313886831633462,7.313886831633462,5.849324779946859,5.849324779946859,1.791759469228055,1.791759469228055,1.9459101490553132,1.9459101490553132,1,0,0,71095.44020000269,215530.76107594935,165865.41974652268,0.28975233215613455,0.8843555174431118,1.1391207070245153,-0.8037047775075877,-0.016114366641495355,-1.222499172317344,-0.6375017536909693,-0.9483664637200454,0.9430181517733859,-0.9836104631904299
DEP00176,departamento,disponible,alquiler,430.0,dolar,1,2,San Jorge,La Paz,55.0,-16.51083,-68.123619,6.066108090103747,6.066108090103747,4.02535169073515,4.02535169073515,0.6931471805599453,0.6931471805599453,1.0986122886681098,1.0986122886681098,1,0,0,71095.44020000269,215530.76107594935,232957.16613209486,-1.1902377753545061,-0.7460403115800028,-0.152679758003872,-0.8037047775075877,-0.016114366641495355,-1.222499172317344,-0.15883918240264788,-0.9483664637200454,0.9591309693182232,-1.00759671801849
CAS00106,casa,disponible,venta,135000.0,dolar,3,4,Achumani,La Paz,139.0,-16.531359,-68.056221,11.813037464800539,11.813037464800539,4.941642422609304,4.941642422609304,1.3862943611198906,1.3862943611198906,1.6094379124341003,1.6094379124341003,1,2,0,293318.67804873566,215530.76107594935,165865.41974652268,-0.4467502607643007,0.2826249270494829,0.6261311055427021,0.11763177455760256,-0.016114366641495355,0.8280415687087431,-0.6375017536909693,-0.9483664637200454,0.9284264272799841,-0.9798653882033757
OFI00045,oficina,disponible,alquiler,500.0,dolar,1,1,Obrajes,La Paz,20.0,-16.526085,-68.109375,6.2166061010848646,6.2166061010848646,3.044522437723423,3.4011973816621555,0.6931471805599453,0.6931471805599453,0.6931471805599453,0.6931471805599453,1,0,0,127588.56880770384,215530.76107594935,214249.3211053662,-1.6966828585916696,-0.7460403115800028,-0.7708567176005267,-0.5694845184983812,-0.016114366641495355,-1.222499172317344,-0.2923093286751119,-0.9483664637200454,0.9363145735467129,-1.0017359348812076
DEP00177,departamento,disponible,venta,210000.0,dolar,3,4,Achumani,La Paz,205.0,-16.526806,-68.06353,12.25486757159303,12.25486757159303,5.327876168789581,5.327876168789581,1.3862943611198906,1.3862943611198906,1.6094379124341003,1.6094379124341003,1,2,0,71095.44020000269,215530.76107594935,165865.41974652268,-0.13335631492454506,0.2826249270494829,0.6261311055427021,-0.8037047775075877,-0.016114366641495355,0.8280415687087431,-0.6375017536909693,-0.9483664637200454,0.9352361978435789,-0.9828727220948682
DEP00178,departamento,disponible,venta,125000.0,dolar,3,4,Seguencoma,La Paz,126.0,-16.540771,-68.095749,11.736077016252437,11.736077016252437,4.844187086458591,4.844187086458591,1.3862943611198906,1.3862943611198906,1.6094379124341003,1.6094379124341003,1,2,0,71095.44020000269,215530.76107594935,222577.85210455372,-0.5258265005839977,0.2826249270494829,0.6261311055427021,-0.8037047775075877,-0.016114366641495355,0.8280415687087431,-0.23288985790720107,-0.9483664637200454,0.9143492121373108,-0.996129431719975
CAS00107,casa,disponible,venta,140000.0,dolar,2,3,Aranjuez,La Paz,133.0,-16.556137,-68.10804,11.849404844423074,11.849404844423074,4.897839799950911,4.897839799950911,1.0986122886681098,1.0986122886681098,1.3862943611198906,1.3862943611198906,1,2,0,293318.67804873566,215530.76107594935,254486.02420655577,-0.4822921492937307,-0.1443097211863738,0.2859237748832662,0.11763177455760256,-0.016114366641495355,0.8280415687087431,-0.0052426654242366715,-0.9483664637200454,0.8913667973601862,-1.0011866407581904
DEP00179,departamento,disponible,alquiler,3200.0,dolar,3,3,Achumani,La Paz,160.0,-16.52516,-68.067726,8.071218539969863,8.071218539969863,5.081404364984463,5.081404364984463,1.3862943611198906,1.3862943611198906,1.3862943611198906,1.3862943611198906,1,0,0,71095.44020000269,215530.76107594935,165865.41974652268,-0.33334601519448065,0.2826249270494829,0.2859237748832662,-0.8037047775075877,-0.016114366641495355,-1.222499172317344,-0.6375017536909693,-0.9483664637200454,0.9376980652601589,-0.984599192611857
LOC00021,local comercial,disponible,alquiler,200.0,dolar,1,1,San Miguel,La Paz,40.0,-16.542707,-68.079597,5.303304908059076,5.5254529391317835,3.713572066704308,3.713572066704308,0.6931471805599453,0.6931471805599453,0.6931471805599453,0.6931471805599453,1,0,0,225639.55594352554,215530.76107594935,138042.37744274875,-1.4432188977286609,-0.7460403115800028,-0.7708567176005267,-0.16296556355542782,-0.016114366641495355,-1.222499172317344,-0.8360038003309732,-0.9483664637200454,0.9114536013727315,-0.989483590015868
TER00023,terreno,disponible,venta,94500.0,dolar,0,0,Río Abajo,La Paz,900.0,-16.62289,-68.056168,11.456365695436427,11.456365695436427,6.803505257608338,6.803505257608338,0.0,0.0,0.0,0.0,1,2,0,687663.6869501647,215530.76107594935,286386.1732485499,1.0639839675192886,-1.7747055502094886,-1.8276372100843195,1.7525844210160881,-0.016114366641495355,0.8280415687087431,0.2223472869548421,-0.9483664637200454,0.7915265569841985,-0.9798435810209661
LOC00022,local comercial,disponible,alquiler,330.0,dolar,1,1,Calacoto,La Paz,47.0,-16.539333,-68.082726,5.802118375377063,5.802118375377063,3.871201010907891,3.871201010907891,0.6931471805599453,0.6931471805599453,0.6931471805599453,0.6931471805599453,1,0,0,225639.55594352554,215530.76107594935,88304.6800232977,-1.3153171871943934,-0.7460403115800028,-0.7708567176005267,-0.16296556355542782,-0.016114366641495355,-1.222499172317344,-1.1908548128524579,-0.9483664637200454,0.9164999808767037,-0.9907710366907119
OFI00046,oficina,disponible,alquiler,400.0,dolar,2,1,San Miguel,La Paz,60.0,-16.542007,-68.080711,5.993961427306569,5.993961427306569,4.110873864173311,4.110873864173311,1.0986122886681098,1.0986122886681098,0.6931471805599453,0.6931471805599453,1,0,0,127588.56880770384,215530.76107594935,138042.37744274875,-1.1208442237665324,-0.1443097211863738,-0.7708567176005267,-0.5694845184983812,-0.016114366641495355,-1.222499172317344,-0.8360038003309732,-0.9483664637200454,0.9125005680747976,-0.9899419523027857
DEP00180,departamento,disponible,venta,178600.0,dolar,3,3,Achumani,La Paz,159.0,-16.535013,-68.070824,12.092909546513004,12.092909546513004,5.075173815233827,5.075173815233827,1.3862943611198906,1.3862943611198906,1.3862943611198906,1.3862943611198906,1,2,0,71095.44020000269,215530.76107594935,165865.41974652268,-0.33840154592014515,0.2826249270494829,0.2859237748832662,-0.8037047775075877,-0.016114366641495355,0.8280415687087431,-0.6375017536909693,-0.9483664637200454,0.9229612610951844,-0.9858738841422799
CAS00108,casa,disponible,venta,380000.0,dolar,3,4,San Pedro,La Paz,230.0,-16.493587,-68.137711,12.847929163278053,12.847929163278053,5.442417710521793,5.442417710521793,1.3862943611198906,1.3862943611198906,1.6094379124341003,1.6094379124341003,1,2,0,293318.67804873566,215530.76107594935,546458.2882347655,-0.04041615606729196,0.2826249270494829,0.6261311055427021,0.11763177455760256,-0.016114366641495355,0.8280415687087431,2.0778182500190012,-0.9483664637200454,0.9849207505236042,-1.013394959802434
DEP00181,departamento,disponible,venta,140000.0,dolar,2,2,Obrajes,La Paz,121.0,-16.527979,-68.106239,11.849404844423074,11.849404844423074,4.804021044733257,4.804021044733257,1.0986122886681098,1.0986122886681098,1.0986122886681098,1.0986122886681098,1,2,0,71095.44020000269,215530.76107594935,214249.3211053662,-0.5584176307727912,-0.1443097211863738,-0.152679758003872,-0.8037047775075877,-0.016114366641495355,0.8280415687087431,-0.2923093286751119,-0.9483664637200454,0.9334817807842585,-1.000445608012456
CAS00109,casa,disponible,venta,850000.0,dolar,5,6,Cota Cota,La Paz,715.0,-16.539238,-68.057709,13.652992804936396,13.652992804936396,6.573680166960646,6.573680166960646,1.791759469228055,1.791759469228055,1.9459101490553132,1.9459101490553132,1,2,0,293318.67804873566,215530.76107594935,359218.9313947517,0.877501577714227,0.8843555174431118,1.1391207070245153,0.11763177455760256,-0.016114366641495355,0.8280415687087431,0.7419688077292422,-0.9483664637200454,0.9166420692148388,-0.9804776351360017
OFI00047,oficina,disponible,alquiler,1000.0,dolar,5,3,Centro,La Paz,216.0,-16.499937,-68.133926,6.90875477931522,6.90875477931522,5.37989735354046,5.37989735354046,1.791759469228055,1.791759469228055,1.3862943611198906,1.3862943611198906,1,0,0,127588.56880770384,215530.76107594935,288595.4885427981,-0.09114580246267662,0.8843555174431118,0.2859237748832662,-0.5694845184983812,-0.016114366641495355,-1.222499172317344,0.2381095318881303,-0.9483664637200454,0.9754232668691277,-1.011837597813206
LOC00023,local comercial,disponible,venta,135000.0,dolar,2,3,Irpavi,La Paz,140.0,-16.514935,-68.086487,11.813037464800539,11.813037464800539,4.948759890378168,4.948759890378168,1.0986122886681098,1.0986122886681098,1.3862943611198906,1.3862943611198906,1,2,0,225639.55594352554,215530.76107594935,145975.06199191516,-0.44097507583928736,-0.1443097211863738,0.2859237748832662,-0.16296556355542782,-0.016114366641495355,0.8280415687087431,-0.7794084754500027,-0.9483664637200454,0.9529912574439451,-0.9923185237294214
DEP00182,departamento,disponible,alquiler,800.0,dolar,3,4,Calacoto,La Paz,175.0,-16.536659,-68.076134,6.68586094706836,6.68586094706836,5.170483995038151,5.170483995038151,1.3862943611198906,1.3862943611198906,1.6094379124341003,1.6094379124341003,1,0,0,71095.44020000269,215530.76107594935,88304.6800232977,-0.2610659075328353,0.2826249270494829,0.6261311055427021,-0.8037047775075877,-0.016114366641495355,-1.222499172317344,-1.1908548128524579,-0.9483664637200454,0.9204993936786043,-0.9880587169461922
DEP00183,departamento,disponible,venta,108570.0,dolar,3,4,Achumani,La Paz,120.0,-16.518681,-68.056526,11.595159615830989,11.595159615830989,4.795790545596741,4.795790545596741,1.3862943611198906,1.3862943611198906,1.6094379124341003,1.6094379124341003,1,2,0,71095.44020000269,215530.76107594935,165865.41974652268,-0.5650959405428011,0.2826249270494829,0.6261311055427021,-0.8037047775075877,-0.016114366641495355,0.8280415687087431,-0.6375017536909693,-0.9483664637200454,0.9473884899211611,-0.9799908823663172
OFI00048,oficina,disponible,alquiler,900.0,dolar,6,2,San Miguel,La Paz,104.0,-16.545168,-68.077744,6.803505257608338,6.803505257608338,4.653960350157523,4.653960350157523,1.9459101490553132,1.9459101490553132,1.0986122886681098,1.0986122886681098,1,0,0,127588.56880770384,215530.76107594935,138042.37744274875,-0.680178387448343,1.1131228706065581,-0.152679758003872,-0.5694845184983812,-0.016114366641495355,-1.222499172317344,-0.8360038003309732,-0.9483664637200454,0.907772765581601,-0.988721161543989
DEP00184,departamento,alquilado,alquiler,450.0,dolar,2,1,Achumani,La Paz,115.0,-16.529913,-68.068367,6.111467339502679,6.111467339502679,4.7535901911063645,4.7535901911063645,1.0986122886681098,1.0986122886681098,0.6931471805599453,0.6931471805599453,0,0,0,71095.44020000269,215530.76107594935,165865.41974652268,-0.5993377325673712,-0.1443097211863738,-0.7708567176005267,-0.8037047775075877,-6.913063289201752,-1.222499172317344,-0.6375017536909693,-0.9483664637200454,0.9305891613531113,-0.9848629360821607
DEP00185,departamento,alquilado,alquiler,750.0,dolar,3,4,Achumani,La Paz,132.0,-16.525408,-68.068863,6.621405651764134,6.621405651764134,4.890349128221754,4.890349128221754,1.3862943611198906,1.3862943611198906,1.6094379124341003,1.6094379124341003,0,0,0,71095.44020000269,215530.76107594935,165865.41974652268,-0.48837015566527964,0.2826249270494829,0.6261311055427021,-0.8037047775075877,-6.913063289201752,-1.222499172317344,-0.6375017536909693,-0.9483664637200454,0.9373271399142844,-0.9850670183930341
DEP00186,departamento,vendido,venta,315000.0,dolar,3,3,Calacoto,La Paz,188.0,-16.541428,-68.087479,12.660331092405906,12.660331092405906,5.241747015059643,5.241747015059643,1.3862943611198906,1.3862943611198906,1.3862943611198906,1.3862943611198906,2,2,0,71095.44020000269,215530.76107594935,88304.6800232977,-0.20324237642541015,0.2826249270494829,0.2859237748832662,-0.8037047775075877,6.880834555918761,0.8280415687087431,-1.1908548128524579,-0.9483664637200454,0.9133665591040829,-0.9927266883511682
DEP00187,departamento,vendido,venta,89000.0,dolar,2,2,Sopocachi,La Paz,65.0,-16.509228,-68.127304,11.39640288460621,11.39640288460621,4.189654742026425,4.189654742026425,1.0986122886681098,1.0986122886681098,1.0986122886681098,1.0986122886681098,2,2,0,71095.44020000269,215530.76107594935,476606.72866823,-1.0569206272106189,-0.1443097211863738,-0.152679758003872,-0.8037047775075877,6.880834555918761,0.8280415687087431,1.5794659352876712,-0.9483664637200454,0.9615270273992407,-1.0091129343805245
DEP00188,departamento,vendido,venta,128000.0,dolar,2,2,Calacoto,La Paz,100.0,-16.54063,-68.089394,11.759793355371237,11.759793355371237,4.61512051684126,4.61512051684126,1.0986122886681098,1.0986122886681098,1.0986122886681098,1.0986122886681098,2,2,0,71095.44020000269,215530.76107594935,88304.6800232977,-0.7116934187969003,-0.1443097211863738,-0.152679758003872,-0.8037047775075877,6.880834555918761,0.8280415687087431,-1.1908548128524579,-0.9483664637200454,0.9145601011444406,-0.9935146271119006
DEP00189,departamento,vendido,venta,183000.0,dolar,3,3,Calacoto,La Paz,153.0,-16.540674,-68.089584,12.117246896289503,12.117246896289503,5.0369526024136295,5.0369526024136295,1.3862943611198906,1.3862943611198906,1.3862943611198906,1.3862943611198906,2,2,0,71095.44020000269,215530.76107594935,88304.6800232977,-0.36941462237699013,0.2826249270494829,0.2859237748832662,-0.8037047775075877,6.880834555918761,0.8280415687087431,-1.1908548128524579,-0.9483664637200454,0.9144942918088835,-0.9935928038035676
DEP00190,departamento,vendido,venta,101000.0,dolar,3,3,Mallasilla,La Paz,124.0,-16.565109,-68.104034,11.522885696764481,11.522885696764481,4.8283137373023015,4.8283137373023015,1.3862943611198906,1.3862943611198906,1.3862943611198906,1.3862943611198906,2,2,0,71095.44020000269,215530.76107594935,272561.5281283459,-0.5387062957209556,0.2826249270494829,0.2859237748832662,-0.8037047775075877,6.880834555918761,0.8280415687087431,0.12371607615946424,-0.9483664637200454,0.8779476755731005,-0.9995383469328628
DEP00191,departamento,vendido,venta,158000.0,dolar,3,3,Irpavi,La Paz,184.0,-16.527315,-68.086975,11.970356641102999,11.970356641102999,5.220355825078324,5.220355825078324,1.3862943611198906,1.3862943611198906,1.3862943611198906,1.3862943611198906,2,2,0,71095.44020000269,215530.76107594935,145975.06199191516,-0.2205994030983826,0.2826249270494829,0.2859237748832662,-0.8037047775075877,6.880834555918761,0.8280415687087431,-0.7794084754500027,-0.9483664637200454,0.9344749034845018,-0.992519314390116
DEP00192,departamento,vendido,venta,114000.0,dolar,3,3,Mallasilla,La Paz,144.0,-16.56909,-68.105347,11.643962499267984,11.643962499267984,4.976733742420574,4.976733742420574,1.3862943611198906,1.3862943611198906,1.3862943611198906,1.3862943611198906,2,2,0,71095.44020000269,215530.76107594935,272561.5281283459,-0.4182768109709062,0.2826249270494829,0.2859237748832662,-0.8037047775075877,6.880834555918761,0.8280415687087431,0.12371607615946424,-0.9483664637200454,0.8719934263717649,-1.000078589017897
CAS00110,casa,vendido,venta,310000.0,dolar,4,4,Achumani,La Paz,270.0,-16.519325,-68.062523,12.644330802262578,12.644330802262578,5.602118820879701,5.602118820879701,1.6094379124341003,1.6094379124341003,1.6094379124341003,1.6094379124341003,2,2,0,293318.67804873566,215530.76107594935,165865.41974652268,0.0891669309234913,0.6137811675983271,0.6261311055427021,0.11763177455760256,6.880834555918761,0.8280415687087431,-0.6375017536909693,-0.9483664637200454,0.9464252805552614,-0.9824583856290405
CAS00111,casa,vendido,venta,450000.0,dolar,4,4,Irpavi,La Paz,420.0,-16.506409,-68.085144,13.017005083966255,13.017005083966255,6.042632833682381,6.042632833682381,1.6094379124341003,1.6094379124341003,1.6094379124341003,1.6094379124341003,2,2,0,293318.67804873566,215530.76107594935,145975.06199191516,0.44660443097429897,0.6137811675983271,0.6261311055427021,0.11763177455760256,6.880834555918761,0.8280415687087431,-0.7794084754500027,-0.9483664637200454,0.9657433118751411,-0.9917659379562256
DEP00193,departamento,disponible,alquiler,500.0,dolar,1,1,La Florida,La Paz,60.0,-16.549742,-68.087814,6.2166061010848646,6.2166061010848646,4.110873864173311,4.110873864173311,0.6931471805599453,0.6931471805599453,0.6931471805599453,0.6931471805599453,1,0,0,71095.44020000269,215530.76107594935,307658.8642004635,-1.1208442237665324,-0.7460403115800028,-0.7708567176005267,-0.8037047775075877,-0.016114366641495355,-1.222499172317344,0.3741161929354213,-0.9483664637200454,0.9009315860169439,-0.9928645262022596
DEP00194,departamento,disponible,alquiler,350.0,dolar,1,2,San Jorge,La Paz,100.0,-16.510366,-68.121521,5.860786223465865,5.860786223465865,4.61512051684126,4.61512051684126,0.6931471805599453,0.6931471805599453,1.0986122886681098,1.0986122886681098,1,0,0,71095.44020000269,215530.76107594935,232957.16613209486,-0.7116934187969003,-0.7460403115800028,-0.152679758003872,-0.8037047775075877,-0.016114366641495355,-1.222499172317344,-0.15883918240264788,-0.9483664637200454,0.9598249586750189,-1.0067334827599925
OFI00049,oficina,disponible,venta,284580.0,dolar,1,3,Calacoto,La Paz,153.0,-16.539497,-68.085258,12.558773202043891,12.558773202043891,5.0369526024136295,5.0369526024136295,0.6931471805599453,0.6931471805599453,1.3862943611198906,1.3862943611198906,1,2,0,127588.56880770384,215530.76107594935,88304.6800232977,-0.36941462237699013,-0.7460403115800028,0.2859237748832662,-0.5694845184983812,-0.016114366641495355,0.8280415687087431,-1.1908548128524579,-0.9483664637200454,0.9162546915350738,-0.9918128439712234
CAS00112,casa,disponible,venta,800000.0,dolar,6,9,Mallasilla,La Paz,857.0,-16.563049,-68.097359,13.592368256649284,13.592368256649284,6.754604099487962,6.754604099487962,1.9459101490553132,1.9459101490553132,2.302585092994046,2.302585092994046,1,2,0,293318.67804873566,215530.76107594935,272561.5281283459,1.024305076042196,1.1131228706065581,1.6829115980264955,0.11763177455760256,-0.016114366641495355,0.8280415687087431,0.12371607615946424,-0.9483664637200454,0.881028749010617,-0.9967918763177719
DEP00195,departamento,disponible,venta,222000.0,dolar,3,4,Obrajes,La Paz,130.0,-16.526485,-68.110718,12.310437165348775,12.310437165348775,4.875197323201151,4.875197323201151,1.3862943611198906,1.3862943611198906,1.6094379124341003,1.6094379124341003,1,2,0,71095.44020000269,215530.76107594935,214249.3211053662,-0.5006644826342774,0.2826249270494829,0.6261311055427021,-0.8037047775075877,-0.016114366641495355,0.8280415687087431,-0.2923093286751119,-0.9483664637200454,0.9357163068598126,-1.0022885206544032
DEP00196,departamento,disponible,alquiler,1800.0,dolar,3,4,Calacoto,La Paz,400.0,-16.543036,-68.085129,7.496097345175956,7.496097345175956,5.993961427306569,5.993961427306569,1.3862943611198906,1.3862943611198906,1.6094379124341003,1.6094379124341003,1,0,0,71095.44020000269,215530.76107594935,88304.6800232977,0.40711196237326097,0.2826249270494829,0.6261311055427021,-0.8037047775075877,-0.016114366641495355,-1.222499172317344,-1.1908548128524579,-0.9483664637200454,0.9109615270227581,-0.9917597661121448
CAS00113,casa,disponible,alquiler,1600.0,dolar,5,6,Achumani,La Paz,500.0,-16.510616,-68.05545,7.3783837129967145,7.3783837129967145,6.2166061010848646,6.2166061010848646,1.791759469228055,1.791759469228055,1.9459101490553132,1.9459101490553132,1,0,0,293318.67804873566,215530.76107594935,165865.41974652268,0.587768089720085,0.8843555174431118,1.1391207070245153,0.11763177455760256,-0.016114366641495355,-1.222499172317344,-0.6375017536909693,-0.9483664637200454,0.9594510419957123,-0.9795481554177224
OFI00050,oficina,disponible,alquiler,2500.0,dolar,10,2,Calacoto,La Paz,362.0,-16.540422,-68.087769,7.824445930877619,7.824445930877619,5.8944028342648505,5.8944028342648505,2.3978952727983707,2.3978952727983707,1.0986122886681098,1.0986122886681098,1,0,0,127588.56880770384,215530.76107594935,88304.6800232977,0.32632911876063836,1.783891501298435,-0.152679758003872,-0.5694845184983812,-0.016114366641495355,-1.222499172317344,-1.1908548128524579,-0.9483664637200454,0.9148711998216278,-0.992846010670023
DEP00197,departamento,disponible,alquiler,400.0,dolar,3,3,Irpavi,La Paz,110.0,-16.513844,-68.086975,5.993961427306569,5.993961427306569,4.709530201312334,4.709530201312334,1.3862943611198906,1.3862943611198906,1.3862943611198906,1.3862943611198906,1,0,0,71095.44020000269,215530.76107594935,145975.06199191516,-0.6350884513788899,0.2826249270494829,0.2859237748832662,-0.8037047775075877,-0.016114366641495355,-1.222499172317344,-0.7794084754500027,-0.9483664637200454,0.9546230298324585,-0.992519314390116
DEP00198,departamento,disponible,alquiler,800.0,dolar,3,4,Calacoto,La Paz,153.0,-16.539373,-68.088539,6.68586094706836,6.68586094706836,5.0369526024136295,5.0369526024136295,1.3862943611198906,1.3862943611198906,1.6094379124341003,1.6094379124341003,1,0,0,71095.44020000269,215530.76107594935,88304.6800232977,-0.36941462237699013,0.2826249270494829,0.6261311055427021,-0.8037047775075877,-0.016114366641495355,-1.222499172317344,-1.1908548128524579,-0.9483664637200454,0.916440154208011,-0.9931628319994054
CAS00114,casa,disponible,venta,599000.0,dolar,6,6,Sopocachi,La Paz,580.0,-16.508137,-68.12851,13.303018546545275,13.303018546545275,6.364750756851911,6.364750756851911,1.9459101490553132,1.9459101490553132,1.9459101490553132,1.9459101490553132,1,2,0,293318.67804873566,215530.76107594935,476606.72866823,0.7079741532374777,1.1131228706065581,1.1391207070245153,0.11763177455760256,-0.016114366641495355,0.8280415687087431,1.5794659352876712,-0.9483664637200454,0.9631587997877488,-1.0096091506444687
DEP00199,departamento,disponible,venta,135000.0,dolar,2,3,Calacoto,La Paz,100.0,-16.540455,-68.080719,11.813037464800539,11.813037464800539,4.61512051684126,4.61512051684126,1.0986122886681098,1.0986122886681098,1.3862943611198906,1.3862943611198906,1,2,0,71095.44020000269,215530.76107594935,88304.6800232977,-0.7116934187969003,-0.1443097211863738,0.2859237748832662,-0.8037047775075877,-0.016114366641495355,0.8280415687087431,-1.1908548128524579,-0.9483664637200454,0.9148218428199559,-0.9899452439529645
DEP00200,departamento,disponible,alquiler,650.0,dolar,3,3,San Jorge,La Paz,170.0,-16.510532,-68.122894,6.478509642208569,6.478509642208569,5.14166355650266,5.14166355650266,1.3862943611198906,1.3862943611198906,1.3862943611198906,1.3862943611198906,1,0,0,71095.44020000269,215530.76107594935,232957.16613209486,-0.2844511011954675,0.2826249270494829,0.2859237748832662,-0.8037047775075877,-0.016114366641495355,-1.222499172317344,-0.15883918240264788,-0.9483664637200454,0.9595766779999568,-1.0072984122213442
TER00024,terreno,disponible,venta,240000.0,dolar,0,0,La Florida,La Paz,600.0,-16.54764,-68.084312,12.388398368982115,12.388398368982115,6.398594934535208,6.398594934535208,0.0,0.0,0.0,0.0,1,2,0,687663.6869501647,215530.76107594935,307658.8642004635,0.7354356593662545,-1.7747055502094886,-1.8276372100843195,1.7525844210160881,-0.016114366641495355,0.8280415687087431,0.3741161929354213,-0.9483664637200454,0.9040754774565801,-0.9914236063379841
DEP00201,departamento,disponible,alquiler,900.0,dolar,3,4,Calacoto,La Paz,150.0,-16.544003,-68.084595,6.803505257608338,6.803505257608338,5.017279836814924,5.017279836814924,1.3862943611198906,1.3862943611198906,1.6094379124341003,1.6094379124341003,1,0,0,71095.44020000269,215530.76107594935,88304.6800232977,-0.38537730222444483,0.2826249270494829,0.6261311055427021,-0.8037047775075877,-0.016114366641495355,-1.222499172317344,-1.1908548128524579,-0.9483664637200454,0.9095152173071872,-0.9915400484629369
DEP00202,departamento,disponible,alquiler,850.0,dolar,4,4,Calacoto,La Paz,228.0,-16.53886,-68.078819,6.7464121285733745,6.7464121285733745,5.43372200355424,5.43372200355424,1.6094379124341003,1.6094379124341003,1.6094379124341003,1.6094379124341003,1,0,0,71095.44020000269,215530.76107594935,88304.6800232977,-0.04747194014980395,0.6137811675983271,0.6261311055427021,-0.8037047775075877,-0.016114366641495355,-1.222499172317344,-1.1908548128524579,-0.9483664637200454,0.9172074312339579,-0.9891634770363069
DEP00203,departamento,disponible,alquiler,790.0,dolar,3,4,Calacoto,La Paz,180.0,-16.540497,-68.085526,6.673297967767654,6.673297967767654,5.198497031265826,5.198497031265826,1.3862943611198906,1.3862943611198906,1.6094379124341003,1.6094379124341003,1,0,0,71095.44020000269,215530.76107594935,88304.6800232977,-0.2383358482224682,0.2826249270494829,0.6261311055427021,-0.8037047775075877,-0.016114366641495355,-1.222499172317344,-1.1908548128524579,-0.9483664637200454,0.9147590248178363,-0.9919231142521012
DEP00204,departamento,disponible,alquiler,600.0,dolar,2,3,Auquisamaña,La Paz,110.0,-16.546511,-68.068642,6.398594934535208,6.398594934535208,4.709530201312334,4.709530201312334,1.0986122886681098,1.0986122886681098,1.3862943611198906,1.3862943611198906,1,0,0,71095.44020000269,215530.76107594935,340279.9913660373,-0.6350884513788899,-0.1443097211863738,0.2859237748832662,-0.8037047775075877,-0.016114366641495355,-1.222499172317344,0.60684992619765,-0.9483664637200454,0.9057640851803487,-0.9849760865569406
DEP00205,departamento,disponible,venta,75500.0,dolar,2,1,Irpavi,La Paz,73.0,-16.503803,-68.080818,11.231901180182515,11.231901180182515,4.30406509320417,4.30406509320417,1.0986122886681098,1.0986122886681098,0.6931471805599453,0.6931471805599453,1,2,0,71095.44020000269,215530.76107594935,145975.06199191516,-0.9640869176885881,-0.1443097211863738,-0.7708567176005267,-0.8037047775075877,-0.016114366641495355,0.8280415687087431,-0.7794084754500027,-0.9483664637200454,0.9696410193402711,-0.9899859781238814
TER00025,terreno,disponible,venta,200000.0,dolar,0,0,Ovejuyo,La Paz,1836.0,-16.537357,-68.032234,12.206077645517674,12.206077645517674,7.515889085215125,7.515889085215125,0.0,0.0,0.0,0.0,1,2,0,687663.6869501647,215530.76107594935,278283.13976549497,1.6420193693816434,-1.7747055502094886,-1.8276372100843195,1.7525844210160881,-0.016114366641495355,0.8280415687087431,0.16453661647468704,-0.9483664637200454,0.9194554183099704,-0.969995786608747
CAS00115,casa,disponible,alquiler,3200.0,dolar,3,4,Calacoto,La Paz,525.0,-16.543076,-68.083328,8.071218539969863,8.071218539969863,6.26530121273771,6.26530121273771,1.3862943611198906,1.3862943611198906,1.6094379124341003,1.6094379124341003,1,0,0,293318.67804873566,215530.76107594935,88304.6800232977,0.6272797930213021,0.2826249270494829,0.6261311055427021,0.11763177455760256,-0.016114366641495355,-1.222499172317344,-1.1908548128524579,-0.9483664637200454,0.9109017003540707,-0.9910187333664101
DEP00206,departamento,disponible,venta,499000.0,dolar,4,5,Obrajes,La Paz,244.0,-16.527752,-68.110878,13.120363378739663,13.120363378739663,5.501258210544727,5.501258210544727,1.6094379124341003,1.6094379124341003,1.791759469228055,1.791759469228055,1,2,0,71095.44020000269,215530.76107594935,214249.3211053662,0.007327617385285767,0.6137811675983271,0.9041007344799207,-0.8037047775075877,-0.016114366641495355,0.8280415687087431,-0.2923093286751119,-0.9483664637200454,0.9338212971290705,-1.0023543536579085
CAS00116,casa,disponible,venta,750000.0,dolar,5,6,Aranjuez,La Paz,619.0,-16.550194,-68.092102,13.527829818844937,13.527829818844937,6.429719478039138,6.429719478039138,1.791759469228055,1.791759469228055,1.9459101490553132,1.9459101490553132,1,2,0,293318.67804873566,215530.76107594935,254486.02420655577,0.7606904269716851,0.8843555174431118,1.1391207070245153,0.11763177455760256,-0.016114366641495355,0.8280415687087431,-0.0052426654242366715,-0.9483664637200454,0.9002555446607468,-0.9946288506962692
DEP00207,departamento,disponible,alquiler,800.0,dolar,3,4,Calacoto,La Paz,259.0,-16.538097,-68.078712,6.68586094706836,6.68586094706836,5.560681631015528,5.560681631015528,1.3862943611198906,1.3862943611198906,1.6094379124341003,1.6094379124341003,1,0,0,71095.44020000269,215530.76107594935,88304.6800232977,0.05554437835144584,0.2826249270494829,0.6261311055427021,-0.8037047775075877,-0.016114366641495355,-1.222499172317344,-1.1908548128524579,-0.9483664637200454,0.9183486249392115,-0.9891194512152112
OFI00051,oficina,disponible,alquiler,4200.0,dolar,18,4,Sopocachi,La Paz,630.0,-16.51222,-68.124161,8.343077871169383,8.343077871169383,6.447305862541213,6.447305862541213,2.9444389791664403,2.9444389791664403,1.6094379124341003,1.6094379124341003,1,0,0,127588.56880770384,215530.76107594935,476606.72866823,0.7749601962154838,2.594989819087715,0.6261311055427021,-0.5694845184983812,-0.016114366641495355,-1.222499172317344,1.5794659352876712,-0.9483664637200454,0.9570519925812572,-1.0078197273178708
DEP00208,departamento,disponible,venta,150000.0,dolar,3,4,Achumani,La Paz,145.0,-16.511974,-68.059624,11.918397239722838,11.918397239722838,4.983606621708336,4.983606621708336,1.3862943611198906,1.3862943611198906,1.6094379124341003,1.6094379124341003,1,2,0,71095.44020000269,215530.76107594935,165865.41974652268,-0.4127000875991821,0.2826249270494829,0.6261311055427021,-0.8037047775075877,-0.016114366641495355,0.8280415687087431,-0.6375017536909693,-0.9483664637200454,0.9574199265936995,-0.9812655738967342
DEP00209,departamento,disponible,venta,310000.0,dolar,4,5,Achumani,La Paz,256.0,-16.516603,-68.061012,12.644330802262578,12.644330802262578,5.54907608489522,5.54907608489522,1.6094379124341003,1.6094379124341003,1.791759469228055,1.791759469228055,1,2,0,71095.44020000269,215530.76107594935,165865.41974652268,0.046127521517370054,0.6137811675983271,0.9041007344799207,-0.8037047775075877,-0.016114366641495355,0.8280415687087431,-0.6375017536909693,-0.9483664637200454,0.9504964853595892,-0.9818366752021666
LOC00024,local comercial,disponible,alquiler,250.0,dolar,1,1,Achumani,La Paz,30.0,-16.518927,-68.064293,5.5254529391317835,5.5254529391317835,3.4339872044851463,3.4339872044851463,0.6931471805599453,0.6931471805599453,0.6931471805599453,0.6931471805599453,1,0,0,225639.55594352554,215530.76107594935,165865.41974652268,-1.6700768665997447,-0.7460403115800028,-0.7708567176005267,-0.16296556355542782,-0.016114366641495355,-1.222499172317344,-0.6375017536909693,-0.9483664637200454,0.9470205559087189,-0.9831866632303485
CAS00117,casa,disponible,alquiler,1600.0,dolar,4,4,La Florida,La Paz,330.0,-16.549988,-68.090302,7.3783837129967145,7.3783837129967145,5.802118375377063,5.802118375377063,1.6094379124341003,1.6094379124341003,1.6094379124341003,1.6094379124341003,1,0,0,293318.67804873566,215530.76107594935,307658.8642004635,0.25144858075339965,0.6137811675983271,0.6261311055427021,0.11763177455760256,-0.016114366641495355,-1.222499172317344,0.3741161929354213,-0.9483664637200454,0.9005636520045016,-0.9938882294068054
OFI00052,oficina,disponible,alquiler,2380.0,dolar,40,5,Calacoto,La Paz,500.0,-16.542295,-68.085815,7.7752758464868625,7.7752758464868625,6.2166061010848646,6.2166061010848646,3.713572066704308,3.713572066704308,1.791759469228055,1.791759469228055,1,0,0,127588.56880770384,215530.76107594935,88304.6800232977,0.587768089720085,3.7364219610908527,0.9041007344799207,-0.5694845184983812,-0.016114366641495355,-1.222499172317344,-1.1908548128524579,-0.9483664637200454,0.9120698160602358,-0.9920420251146851
DEP00210,departamento,disponible,alquiler,350.0,dolar,1,1,Calacoto,La Paz,60.0,-16.540113,-68.084396,5.860786223465865,5.860786223465865,4.110873864173311,4.110873864173311,0.6931471805599453,0.6931471805599453,0.6931471805599453,0.6931471805599453,1,0,0,71095.44020000269,215530.76107594935,88304.6800232977,-1.1208442237665324,-0.7460403115800028,-0.7708567176005267,-0.8037047775075877,-0.016114366641495355,-1.222499172317344,-1.1908548128524579,-0.9483664637200454,0.915333360837252,-0.9914581686648261
OFI00053,oficina,disponible,venta,220000.0,dolar,10,3,Sopocachi,La Paz,221.0,-16.512054,-68.125748,12.301387370778713,12.301387370778713,5.402677381872279,5.402677381872279,2.3978952727983707,2.3978952727983707,1.3862943611198906,1.3862943611198906,1,2,0,127588.56880770384,215530.76107594935,476606.72866823,-0.07266185838514869,1.783891501298435,0.2859237748832662,-0.5694845184983812,-0.016114366641495355,0.8280415687087431,1.5794659352876712,-0.9483664637200454,0.9573002732563194,-1.008472708421414
DEP00211,departamento,disponible,venta,175000.0,dolar,3,3,Achumani,La Paz,100.0,-16.529871,-68.076714,12.07254696717504,12.07254696717504,4.61512051684126,4.61512051684126,1.3862943611198906,1.3862943611198906,1.3862943611198906,1.3862943611198906,1,2,0,71095.44020000269,215530.76107594935,165865.41974652268,-0.7116934187969003,0.2826249270494829,0.2859237748832662,-0.8037047775075877,-0.016114366641495355,0.8280415687087431,-0.6375017536909693,-0.9483664637200454,0.9306519793552362,-0.9882973615839076
DEP00212,departamento,disponible,venta,56666.0,dolar,1,1,Aranjuez,La Paz,444.0,-16.561586,-68.095757,10.944947309699929,10.944947309699929,6.09807428216624,6.09807428216624,0.6931471805599453,0.6931471805599453,0.6931471805599453,0.6931471805599453,1,2,0,71095.44020000269,215530.76107594935,254486.02420655577,0.4915901798252505,-0.7460403115800028,-0.7708567176005267,-0.8037047775075877,-0.016114366641495355,0.8280415687087431,-0.0052426654242366715,-0.9483664637200454,0.8832169094179422,-0.9961327233701539
OFI00054,oficina,disponible,venta,97000.0,dolar,3,1,Calacoto,La Paz,73.0,-16.53978,-68.085426,11.48247656671073,11.48247656671073,4.30406509320417,4.30406509320417,1.3862943611198906,1.3862943611198906,0.6931471805599453,0.6931471805599453,1,2,0,127588.56880770384,215530.76107594935,88304.6800232977,-0.9640869176885881,0.2826249270494829,-0.7708567176005267,-0.5694845184983812,-0.016114366641495355,0.8280415687087431,-1.1908548128524579,-0.9483664637200454,0.9158314178540952,-0.9918819686249075
CAS00118,casa,disponible,alquiler,1400.0,dolar,3,2,Calacoto,La Paz,200.0,-16.541431,-68.084869,7.244941546337007,7.244941546337007,5.303304908059076,5.303304908059076,1.3862943611198906,1.3862943611198906,1.0986122886681098,1.0986122886681098,1,0,0,293318.67804873566,215530.76107594935,88304.6800232977,-0.15329368298403176,0.2826249270494829,-0.152679758003872,0.11763177455760256,-0.016114366641495355,-1.222499172317344,-1.1908548128524579,-0.9483664637200454,0.9133620721039319,-0.9916527874814458
EDI00009,edificio,disponible,venta,386000.0,dolar,3,2,Chasquipampa,La Paz,605.0,-16.538656,-68.043648,12.863595239117187,12.863595239117187,6.406879986069314,6.406879986069314,1.3862943611198906,1.3862943611198906,1.0986122886681098,1.0986122886681098,1,2,0,1171175.6402570198,215530.76107594935,250244.68167065695,0.7421582335002803,0.2826249270494829,-0.152679758003872,3.757222820917717,-0.016114366641495355,0.8280415687087431,-0.03550230291050186,-0.9483664637200454,0.9175125472442752,-0.9746921484964842
CAS00119,casa,disponible,alquiler,1200.0,dolar,3,3,Calacoto,La Paz,200.0,-16.542068,-68.085739,7.0909098220799835,7.0909098220799835,5.303304908059076,5.303304908059076,1.3862943611198906,1.3862943611198906,1.3862943611198906,1.3862943611198906,1,0,0,293318.67804873566,215530.76107594935,88304.6800232977,-0.15329368298403176,0.2826249270494829,0.2859237748832662,0.11763177455760256,-0.016114366641495355,-1.222499172317344,-1.1908548128524579,-0.9483664637200454,0.9124093324050478,-0.9920107544380219
CAS00120,casa,disponible,alquiler,3500.0,dolar,4,6,Aranjuez,La Paz,500.0,-16.560896,-68.090263,8.160803920954665,8.160803920954665,6.2166061010848646,6.2166061010848646,1.6094379124341003,1.6094379124341003,1.9459101490553132,1.9459101490553132,1,0,0,293318.67804873566,215530.76107594935,254486.02420655577,0.587768089720085,0.6137811675983271,1.1391207070245153,0.11763177455760256,-0.016114366641495355,-1.222499172317344,-0.0052426654242366715,-0.9483664637200454,0.8842489194528366,-0.9938721826122
DEP00213,departamento,disponible,venta,107900.0,dolar,2,2,Cota Cota,La Paz,102.0,-16.540689,-68.0662,11.588969419043872,11.588969419043872,4.634728988229636,4.634728988229636,1.0986122886681098,1.0986122886681098,1.0986122886681098,1.0986122886681098,1,2,0,71095.44020000269,215530.76107594935,359218.9313947517,-0.6957829079182863,-0.1443097211863738,-0.152679758003872,-0.8037047775075877,-0.016114366641495355,0.8280415687087431,0.7419688077292422,-0.9483664637200454,0.914471856808123,-0.9839713103409022
DEP00214,departamento,disponible,alquiler,295.0,dolar,1,2,Obrajes,La Paz,50.0,-16.528625,-68.101692,5.69035945432406,5.69035945432406,3.9318256327243257,3.9318256327243257,0.6931471805599453,0.6931471805599453,1.0986122886681098,1.0986122886681098,1,0,0,71095.44020000269,215530.76107594935,214249.3211053662,-1.2661257593764128,-0.7460403115800028,-0.152679758003872,-0.8037047775075877,-0.016114366641495355,-1.222499172317344,-0.2923093286751119,-0.9483664637200454,0.932515580084916,-0.9985747163440181
DEP00215,departamento,disponible,alquiler,2100.0,dolar,2,3,Calacoto,La Paz,240.0,-16.545792,-68.081177,7.650168700845001,7.650168700845001,5.484796933490655,5.484796933490655,1.0986122886681098,1.0986122886681098,1.3862943611198906,1.3862943611198906,1,0,0,71095.44020000269,215530.76107594935,88304.6800232977,-0.006029228360474918,-0.1443097211863738,0.2859237748832662,-0.8037047775075877,-0.016114366641495355,-1.222499172317344,-1.1908548128524579,-0.9483664637200454,0.9068394695500451,-0.9901336909255033
CAS00121,casa,disponible,alquiler,2000.0,dolar,6,4,Calacoto,La Paz,400.0,-16.543036,-68.089417,7.601402334583733,7.601402334583733,5.993961427306569,5.993961427306569,1.9459101490553132,1.9459101490553132,1.6094379124341003,1.6094379124341003,1,0,0,293318.67804873566,215530.76107594935,88304.6800232977,0.40711196237326097,1.1131228706065581,0.6261311055427021,0.11763177455760256,-0.016114366641495355,-1.222499172317344,-1.1908548128524579,-0.9483664637200454,0.9109615270227581,-0.9935240906061544
DEP00216,departamento,disponible,alquiler,320.0,dolar,2,2,Achumani,La Paz,90.0,-16.518599,-68.063225,5.771441123130016,5.771441123130016,4.51085950651685,4.51085950651685,1.0986122886681098,1.0986122886681098,1.0986122886681098,1.0986122886681098,1,0,0,71095.44020000269,215530.76107594935,165865.41974652268,-0.7962918510829159,-0.1443097211863738,-0.152679758003872,-0.8037047775075877,-0.016114366641495355,-1.222499172317344,-0.6375017536909693,-0.9483664637200454,0.9475111345919787,-0.9827472279319326
DEP00217,departamento,disponible,alquiler,3000.0,dolar,4,5,La Florida,La Paz,480.0,-16.547911,-68.083977,8.006700845440367,8.006700845440367,6.175867270105761,6.175867270105761,1.6094379124341003,1.6094379124341003,1.791759469228055,1.791759469228055,1,0,0,71095.44020000269,215530.76107594935,307658.8642004635,0.5547121925704847,0.6137811675983271,0.9041007344799207,-0.8037047775075877,-0.016114366641495355,-1.222499172317344,0.3741161929354213,-0.9483664637200454,0.9036701517762109,-0.9912857684868926
TER00026,terreno,disponible,venta,3000000.0,dolar,0,0,Calacoto,La Paz,1500.0,-16.539106,-68.082619,14.914123179965662,14.914123179965662,7.313886831633462,7.313886831633462,0.0,0.0,0.0,0.0,1,2,0,687663.6869501647,215530.76107594935,88304.6800232977,1.4781127093744368,-1.7747055502094886,-1.8276372100843195,1.7525844210160881,-0.016114366641495355,0.8280415687087431,-1.1908548128524579,-0.9483664637200454,0.9168394972215157,-0.9907270108696161
CAS00122,casa,disponible,alquiler,2501.0,dolar,4,4,Calacoto,La Paz,450.0,-16.544352,-68.085709,7.824845691026856,7.824845691026856,6.111467339502679,6.111467339502679,1.6094379124341003,1.6094379124341003,1.6094379124341003,1.6094379124341003,1,0,0,293318.67804873566,215530.76107594935,88304.6800232977,0.5024574412363376,0.6137811675983271,0.6261311055427021,0.11763177455760256,-0.016114366641495355,-1.222499172317344,-1.1908548128524579,-0.9483664637200454,0.9089932296228702,-0.9919984107498603
DEP00218,departamento,disponible,alquiler,750.0,dolar,3,5,Calacoto,La Paz,153.0,-16.538879,-68.086502,6.621405651764134,6.621405651764134,5.0369526024136295,5.0369526024136295,1.3862943611198906,1.3862943611198906,1.791759469228055,1.791759469228055,1,0,0,71095.44020000269,215530.76107594935,88304.6800232977,-0.36941462237699013,0.2826249270494829,0.9041007344799207,-0.8037047775075877,-0.016114366641495355,-1.222499172317344,-1.1908548128524579,-0.9483664637200454,0.9171790135663277,-0.9923246955734963
DEP00219,departamento,disponible,venta,550000.0,dolar,3,4,Calacoto,La Paz,304.0,-16.539991,-68.084442,13.217675375388819,13.217675375388819,5.720311776607412,5.720311776607412,1.3862943611198906,1.3862943611198906,1.6094379124341003,1.6094379124341003,1,2,0,71095.44020000269,215530.76107594935,88304.6800232977,0.18506988381741504,0.2826249270494829,0.6261311055427021,-0.8037047775075877,-0.016114366641495355,0.8280415687087431,-1.1908548128524579,-0.9483664637200454,0.915515832176757,-0.9914770956533335
DEP00220,departamento,disponible,venta,300000.0,dolar,3,4,Irpavi,La Paz,310.0,-16.525818,-68.087364,12.611541086966115,12.611541086966115,5.739792912179234,5.739792912179234,1.3862943611198906,1.3862943611198906,1.6094379124341003,1.6094379124341003,1,2,0,71095.44020000269,215530.76107594935,145975.06199191516,0.20087707313391476,0.2826249270494829,0.6261311055427021,-0.8037047775075877,-0.016114366641495355,0.8280415687087431,-0.7794084754500027,-0.9483664637200454,0.9367139165602123,-0.9926793708798937
TER00027,terreno,disponible,venta,312000.0,dolar,0,0,Calacoto,La Paz,755.0,-16.539825,-68.080925,12.650761671914688,12.650761671914688,6.628041376179533,6.628041376179533,0.0,0.0,0.0,0.0,1,2,0,687663.6869501647,215530.76107594935,88304.6800232977,0.9216108095620723,-1.7747055502094886,-1.8276372100843195,1.7525844210160881,-0.016114366641495355,0.8280415687087431,-1.1908548128524579,-0.9483664637200454,0.9157641128518192,-0.9900300039449772
CAS00123,casa,disponible,venta,295000.0,dolar,3,4,Achumani,La Paz,223.0,-16.525623,-68.066277,12.59473402514672,12.59473402514672,5.4116460518550396,5.4116460518550396,1.3862943611198906,1.3862943611198906,1.6094379124341003,1.6094379124341003,1,2,0,293318.67804873566,215530.76107594935,165865.41974652268,-0.06538458936702442,0.2826249270494829,0.6261311055427021,0.11763177455760256,-0.016114366641495355,0.8280415687087431,-0.6375017536909693,-0.9483664637200454,0.9370055715700765,-0.9840029924738422
OFI00055,oficina,disponible,alquiler,580.0,dolar,1,2,Calacoto,La Paz,110.0,-16.541389,-68.087074,6.364750756851911,6.364750756851911,4.709530201312334,4.709530201312334,0.6931471805599453,0.6931471805599453,1.0986122886681098,1.0986122886681098,1,0,0,127588.56880770384,215530.76107594935,88304.6800232977,-0.6350884513788899,-0.7460403115800028,-0.152679758003872,-0.5694845184983812,-0.016114366641495355,-1.222499172317344,-1.1908548128524579,-0.9483664637200454,0.9134248901060569,-0.9925600485610389
DEP00221,departamento,disponible,venta,86000.0,dolar,3,5,Alto Irpavi,La Paz,160.0,-16.509464,-68.083603,11.362114203075018,11.362114203075018,5.081404364984463,5.081404364984463,1.3862943611198906,1.3862943611198906,1.791759469228055,1.791759469228055,1,2,0,71095.44020000269,215530.76107594935,245166.14990117447,-0.33334601519448065,0.2826249270494829,0.9041007344799207,-0.8037047775075877,-0.016114366641495355,0.8280415687087431,-0.07173482339341877,-0.9483664637200454,0.9611740500539703,-0.99113188384119
CAS00124,casa,disponible,alquiler,1800.0,dolar,6,5,San Miguel,La Paz,398.0,-16.545464,-68.078133,7.496097345175956,7.496097345175956,5.988961416889864,5.988961416889864,1.9459101490553132,1.9459101490553132,1.791759469228055,1.791759469228055,1,0,0,293318.67804873566,215530.76107594935,138042.37744274875,0.40305490363816054,1.1131228706065581,0.9041007344799207,0.11763177455760256,-0.016114366641495355,-1.222499172317344,-0.8360038003309732,-0.9483664637200454,0.9073300482332997,-0.9888812180337666
OFI00056,oficina,disponible,venta,604500.0,dolar,1,3,Calacoto,La Paz,325.0,-16.539846,-68.086052,13.312158603295336,13.312158603295336,5.786897381366708,5.786897381366708,0.6931471805599453,0.6931471805599453,1.3862943611198906,1.3862943611198906,1,2,0,127588.56880770384,215530.76107594935,88304.6800232977,0.2390981131423122,-0.7460403115800028,0.2859237748832662,-0.5694845184983812,-0.016114366641495355,0.8280415687087431,-1.1908548128524579,-0.9483664637200454,0.9157327038507568,-0.9921395402511304
CAS00125,casa,disponible,venta,700000.0,dolar,3,3,Calacoto,La Paz,378.0,-16.544064,-68.084053,13.45883704259595,13.45883704259595,5.937536205082426,5.937536205082426,1.3862943611198906,1.3862943611198906,1.3862943611198906,1.3862943611198906,1,2,0,293318.67804873566,215530.76107594935,88304.6800232977,0.36132796961604746,0.2826249270494829,0.2859237748832662,0.11763177455760256,-0.016114366641495355,0.8280415687087431,-1.1908548128524579,-0.9483664637200454,0.9094239816374373,-0.991317039163556
DEP00222,departamento,disponible,alquiler,850.0,dolar,3,3,Achumani,La Paz,160.0,-16.529501,-68.072487,6.7464121285733745,6.7464121285733745,5.081404364984463,5.081404364984463,1.3862943611198906,1.3862943611198906,1.3862943611198906,1.3862943611198906,1,0,0,71095.44020000269,215530.76107594935,165865.41974652268,-0.33334601519448065,0.2826249270494829,0.2859237748832662,-0.8037047775075877,-0.016114366641495355,-1.222499172317344,-0.6375017536909693,-0.9483664637200454,0.9312053760406157,-0.9865581359224863
DEP00223,departamento,disponible,alquiler,270.0,dolar,1,1,Sopocachi,La Paz,35.0,-16.511623,-68.129173,5.602118820879701,5.602118820879701,3.58351893845611,3.58351893845611,0.6931471805599453,0.6931471805599453,0.6931471805599453,0.6931471805599453,1,0,0,71095.44020000269,215530.76107594935,476606.72866823,-1.548745313878436,-0.7460403115800028,-0.7708567176005267,-0.8037047775075877,-0.016114366641495355,-1.222499172317344,1.5794659352876712,-0.9483664637200454,0.9579449056114486,-1.0098819461527495
CAS00126,casa,vendido,venta,450000.0,dolar,3,5,La Florida,La Paz,350.0,-16.546574,-68.081566,13.017005083966255,13.017005083966255,5.860786223465865,5.860786223465865,1.3862943611198906,1.3862943611198906,1.791759469228055,1.791759469228055,2,2,0,293318.67804873566,215530.76107594935,307658.8642004635,0.29905226269033564,0.2826249270494829,0.9041007344799207,0.11763177455760256,6.880834555918761,0.8280415687087431,0.3741161929354213,-0.9483664637200454,0.9056698581771613,-0.990293747415281
CAS00127,casa,disponible,venta,465000.0,dolar,3,5,Obrajes,La Paz,540.0,-16.523371,-68.109421,13.049794835104816,13.049794835104816,6.293419278846481,6.293419278846481,1.3862943611198906,1.3862943611198906,1.791759469228055,1.791759469228055,1,2,0,293318.67804873566,215530.76107594935,214249.3211053662,0.6500950746334319,0.2826249270494829,0.9041007344799207,0.11763177455760256,-0.016114366641495355,0.8280415687087431,-0.2923093286751119,-0.9483664637200454,0.9403738130173009,-1.001754861869715
DEP00224,departamento,disponible,venta,65000.0,dolar,3,2,Chuquiaguillo,La Paz,105.0,-16.45973,-68.106438,11.082157933374816,11.082157933374816,4.663439094112067,4.663439094112067,1.3862943611198906,1.3862943611198906,1.0986122886681098,1.0986122886681098,1,2,0,71095.44020000269,215530.76107594935,236281.13696907257,-0.6724872392799157,0.2826249270494829,-0.152679758003872,-0.8037047775075877,-0.016114366641495355,0.8280415687087431,-0.1351244855370839,-0.9483664637200454,1.0355595385692324,-1.0005274878105666
OFI00057,oficina,disponible,alquiler,1400.0,dolar,2,2,San Jorge,La Paz,214.0,-16.512354,-68.122856,7.244941546337007,7.244941546337007,5.3706380281276624,5.3706380281276624,1.0986122886681098,1.0986122886681098,1.0986122886681098,1.0986122886681098,1,0,0,127588.56880770384,215530.76107594935,232957.16613209486,-0.0986589122197314,-0.1443097211863738,-0.152679758003872,-0.5694845184983812,-0.016114366641495355,-1.222499172317344,-0.15883918240264788,-0.9483664637200454,0.9568515732411481,-1.0072827768830095
DEP00225,departamento,disponible,alquiler,250.0,dolar,1,1,Obrajes,La Paz,40.0,-16.524769,-68.112206,5.5254529391317835,5.5254529391317835,3.713572066704308,3.713572066704308,0.6931471805599453,0.6931471805599453,0.6931471805599453,0.6931471805599453,1,0,0,71095.44020000269,215530.76107594935,214249.3211053662,-1.4432188977286609,-0.7460403115800028,-0.7708567176005267,-0.8037047775075877,-0.016114366641495355,-1.222499172317344,-0.2923093286751119,-0.9483664637200454,0.9382828709466008,-1.0029007675870236
DEP00226,departamento,disponible,alquiler,950.0,dolar,4,5,Calacoto,La Paz,207.0,-16.545443,-68.085258,6.85751406254539,6.85751406254539,5.337538079701318,5.337538079701318,1.6094379124341003,1.6094379124341003,1.791759469228055,1.791759469228055,1,0,0,71095.44020000269,215530.76107594935,88304.6800232977,-0.12551654324501915,0.6137811675983271,0.9041007344799207,-0.8037047775075877,-0.016114366641495355,-1.222499172317344,-1.1908548128524579,-0.9483664637200454,0.9073614572343621,-0.9918128439712234
OFI00058,oficina,disponible,alquiler,387.0,dolar,2,1,Centro,La Paz,33.0,-16.498055,-68.135437,5.961005339623274,5.961005339623274,3.5263605246161616,3.5263605246161616,1.0986122886681098,1.0986122886681098,0.6931471805599453,0.6931471805599453,1,0,0,127588.56880770384,215530.76107594935,288595.4885427981,-1.5951242256861113,-0.1443097211863738,-0.7708567176005267,-0.5694845184983812,-0.016114366641495355,-1.222499172317344,0.2381095318881303,-0.9483664637200454,0.9782381116309729,-1.01245930824008
DEP00227,departamento,disponible,alquiler,700.0,dolar,4,4,Los Pinos,La Paz,275.0,-16.545956,-68.074661,6.55250788703459,6.55250788703459,5.62040086571715,5.62040086571715,1.6094379124341003,1.6094379124341003,1.6094379124341003,1.6094379124341003,1,0,0,71095.44020000269,215530.76107594935,208233.91537402666,0.10400116595937307,0.6137811675983271,0.6261311055427021,-0.8037047775075877,-0.016114366641495355,-1.222499172317344,-0.3352259276582124,-0.9483664637200454,0.9065941802084152,-0.9874526418576527
DEP00228,departamento,disponible,venta,280000.0,dolar,4,5,San Miguel,La Paz,264.0,-16.544897,-68.07756,12.54254845357358,12.54254845357358,5.579729825986222,5.579729825986222,1.6094379124341003,1.6094379124341003,1.791759469228055,1.791759469228055,1,2,0,71095.44020000269,215530.76107594935,138042.37744274875,0.07100027531029046,0.6137811675983271,0.9041007344799207,-0.8037047775075877,-0.016114366641495355,0.8280415687087431,-0.8360038003309732,-0.9483664637200454,0.9081780912619756,-0.988645453589959
DEP00229,departamento,disponible,alquiler,350.0,dolar,2,2,San Jorge,La Paz,100.0,-16.510183,-68.123398,5.860786223465865,5.860786223465865,4.61512051684126,4.61512051684126,1.0986122886681098,1.0986122886681098,1.0986122886681098,1.0986122886681098,1,0,0,71095.44020000269,215530.76107594935,232957.16613209486,-0.7116934187969003,-0.1443097211863738,-0.152679758003872,-0.8037047775075877,-0.016114366641495355,-1.222499172317344,-0.15883918240264788,-0.9483664637200454,0.9600986656842738,-1.0075057861823904
DEP00230,departamento,disponible,alquiler,600.0,dolar,3,4,Achumani,La Paz,220.0,-16.533861,-68.071373,6.398594934535208,6.398594934535208,5.3981627015177525,5.3981627015177525,1.3862943611198906,1.3862943611198906,1.6094379124341003,1.6094379124341003,1,0,0,71095.44020000269,215530.76107594935,165865.41974652268,-0.07632511542703853,0.2826249270494829,0.6261311055427021,-0.8037047775075877,-0.016114366641495355,-1.222499172317344,-0.6375017536909693,-0.9483664637200454,0.9246842691534424,-0.9860997736355629
CAS00128,casa,disponible,venta,850000.0,dolar,4,6,San Alberto,La Paz,515.0,-16.530424,-68.091843,13.652992804936396,13.652992804936396,6.246106765481563,6.246106765481563,1.6094379124341003,1.6094379124341003,1.9459101490553132,1.9459101490553132,1,2,0,293318.67804873566,215530.76107594935,440202.7221345401,0.6117052254872437,0.6137811675983271,1.1391207070245153,0.11763177455760256,-0.016114366641495355,0.8280415687087431,1.3197434461386917,-0.9483664637200454,0.929824875660602,-0.9945222835218411
DEP00231,departamento,disponible,alquiler,255.0,dolar,3,1,Seguencoma,La Paz,110.0,-16.533619,-68.10553,5.545177444479562,5.545177444479562,4.709530201312334,4.709530201312334,1.3862943611198906,1.3862943611198906,0.6931471805599453,0.6931471805599453,1,0,0,71095.44020000269,215530.76107594935,222577.85210455372,-0.6350884513788899,0.2826249270494829,-0.7708567176005267,-0.8037047775075877,-0.016114366641495355,-1.222499172317344,-0.23288985790720107,-0.9483664637200454,0.9250462204990147,-1.0001538855156618
DEP00232,departamento,disponible,venta,135000.0,dolar,3,3,Miraflores,La Paz,118.0,-16.489916,-68.125488,11.813037464800539,11.813037464800539,4.77912349311153,4.77912349311153,1.3862943611198906,1.3862943611198906,1.3862943611198906,1.3862943611198906,1,2,0,71095.44020000269,215530.76107594935,387897.8094654558,-0.5786197545427844,0.2826249270494829,0.2859237748832662,-0.8037047775075877,-0.016114366641495355,0.8280415687087431,0.9465767700871803,-0.9483664637200454,0.9904113430425967,-1.008365729790715
DEP00233,departamento,disponible,alquiler,650.0,dolar,3,4,Obrajes,La Paz,130.0,-16.527628,-68.105682,6.478509642208569,6.478509642208569,4.875197323201151,4.875197323201151,1.3862943611198906,1.3862943611198906,1.6094379124341003,1.6094379124341003,1,0,0,71095.44020000269,215530.76107594935,214249.3211053662,-0.5006644826342774,0.2826249270494829,0.6261311055427021,-0.8037047775075877,-0.016114366641495355,-1.222499172317344,-0.2923093286751119,-0.9483664637200454,0.9340067598020076,-1.0002164268689941
CAS00129,casa,disponible,venta,760000.0,dolar,4,4,San Alberto,La Paz,632.0,-16.533552,-68.091515,13.541075028051122,13.541075028051122,6.450470422144176,6.450470422144176,1.6094379124341003,1.6094379124341003,1.6094379124341003,1.6094379124341003,1,2,0,293318.67804873566,215530.76107594935,440202.7221345401,0.7775279517019626,0.6137811675983271,0.6261311055427021,0.11763177455760256,-0.016114366641495355,0.8280415687087431,1.3197434461386917,-0.9483664637200454,0.9251464301690719,-0.9943873258646517
CAS00130,casa,disponible,venta,245000.0,dolar,5,4,Mallasilla,La Paz,330.0,-16.565208,-68.103943,12.409017571151187,12.409017571151187,5.802118375377063,5.802118375377063,1.791759469228055,1.791759469228055,1.6094379124341003,1.6094379124341003,1,2,0,293318.67804873566,215530.76107594935,272561.5281283459,0.25144858075339965,0.8843555174431118,0.6261311055427021,0.11763177455760256,-0.016114366641495355,0.8280415687087431,0.12371607615946424,-0.9483664637200454,0.8777996045680955,-0.9995009044121187
DEP00234,departamento,disponible,venta,260000.0,dolar,3,4,Calacoto,La Paz,210.0,-16.539743,-68.083092,12.468440756144114,12.468440756144114,5.351858133476067,5.351858133476067,1.3862943611198906,1.3862943611198906,1.6094379124341003,1.6094379124341003,1,2,0,71095.44020000269,215530.76107594935,88304.6800232977,-0.11389710760147681,0.2826249270494829,0.6261311055427021,-0.8037047775075877,-0.016114366641495355,0.8280415687087431,-1.1908548128524579,-0.9483664637200454,0.9158867575226315,-0.9909216296862358
DEP00235,departamento,disponible,alquiler,700.0,dolar,3,4,Calacoto,La Paz,198.0,-16.540977,-68.087791,6.55250788703459,6.55250788703459,5.293304824724492,5.293304824724492,1.3862943611198906,1.3862943611198906,1.6094379124341003,1.6094379124341003,1,0,0,71095.44020000269,215530.76107594935,88304.6800232977,-0.1614078511683123,0.2826249270494829,0.6261311055427021,-0.8037047775075877,-0.016114366641495355,-1.222499172317344,-1.1908548128524579,-0.9483664637200454,0.9140411047935559,-0.9928550627080058
OFI00059,oficina,disponible,venta,50384.0,dolar,2,1,Sopocachi,La Paz,42.0,-16.51156,-68.124245,10.827448790714502,10.827448790714502,3.7612001156935624,3.7612001156935624,1.0986122886681098,1.0986122886681098,0.6931471805599453,0.6931471805599453,1,2,0,127588.56880770384,215530.76107594935,476606.72866823,-1.4045730198036785,-0.1443097211863738,-0.7708567176005267,-0.5694845184983812,-0.016114366641495355,0.8280415687087431,1.5794659352876712,-0.9483664637200454,0.958039132614636,-1.007854289644713
CAS00131,casa,disponible,venta,120000.0,dolar,4,2,Achocalla,La Paz,850.0,-16.576632,-68.152962,11.695255355062795,11.695255355062795,6.7464121285733745,6.7464121285733745,1.6094379124341003,1.6094379124341003,1.0986122886681098,1.0986122886681098,1,2,0,293318.67804873566,215530.76107594935,286307.98504829593,1.0176580284589198,0.6137811675983271,-0.152679758003872,0.11763177455760256,-0.016114366641495355,0.8280415687087431,0.22178945731119415,-0.9483664637200454,0.8607131079903325,-1.0196700794055442
DEP00236,departamento,disponible,alquiler,550.0,dolar,2,3,Calacoto,La Paz,150.0,-16.539743,-68.07431,6.311734809152915,6.311734809152915,5.017279836814924,5.017279836814924,1.0986122886681098,1.0986122886681098,1.3862943611198906,1.3862943611198906,1,0,0,71095.44020000269,215530.76107594935,88304.6800232977,-0.38537730222444483,-0.1443097211863738,0.2859237748832662,-0.8037047775075877,-0.016114366641495355,-1.222499172317344,-1.1908548128524579,-0.9483664637200454,0.9158867575226315,-0.9873082207062037
CAS00132,casa,disponible,alquiler,11000.0,dolar,3,4,Achumani,La Paz,300.0,-16.519175,-68.065285,9.305741456739435,9.305741456739435,5.707110264748875,5.707110264748875,1.3862943611198906,1.3862943611198906,1.6094379124341003,1.6094379124341003,1,0,0,293318.67804873566,215530.76107594935,165865.41974652268,0.1743580443333893,0.2826249270494829,0.6261311055427021,0.11763177455760256,-0.016114366641495355,-1.222499172317344,-0.6375017536909693,-0.9483664637200454,0.9466496305628445,-0.9835948278520954
CAS00133,casa,disponible,alquiler,7000.0,dolar,5,7,Calacoto,La Paz,1200.0,-16.539909,-68.080154,8.853808274977197,8.853808274977197,7.0909098220799835,7.0909098220799835,1.791759469228055,1.791759469228055,2.0794415416798357,2.0794415416798357,1,0,0,293318.67804873566,215530.76107594935,88304.6800232977,1.2971869214374694,0.8843555174431118,1.3427042673670588,0.11763177455760256,-0.016114366641495355,-1.222499172317344,-1.1908548128524579,-0.9483664637200454,0.9156384768475694,-0.989712771159324
DEP00237,departamento,disponible,alquiler,380.0,dolar,2,2,San Miguel,La Paz,60.0,-16.542295,-68.079506,5.942799375126701,5.942799375126701,4.110873864173311,4.110873864173311,1.0986122886681098,1.0986122886681098,1.0986122886681098,1.0986122886681098,1,0,0,71095.44020000269,215530.76107594935,138042.37744274875,-1.1208442237665324,-0.1443097211863738,-0.152679758003872,-0.8037047775075877,-0.016114366641495355,-1.222499172317344,-0.8360038003309732,-0.9483664637200454,0.9120698160602358,-0.9894461474951182
DEP00238,departamento,disponible,alquiler,3000.0,dolar,3,4,Calacoto,La Paz,300.0,-16.540485,-68.082726,8.006700845440367,8.006700845440367,5.707110264748875,5.707110264748875,1.3862943611198906,1.3862943611198906,1.6094379124341003,1.6094379124341003,1,0,0,71095.44020000269,215530.76107594935,88304.6800232977,0.1743580443333893,0.2826249270494829,0.6261311055427021,-0.8037047775075877,-0.016114366641495355,-1.222499172317344,-1.1908548128524579,-0.9483664637200454,0.9147769728184404,-0.9907710366907119
DEP00239,departamento,disponible,alquiler,900.0,dolar,3,3,Calacoto,La Paz,210.0,-16.539158,-68.080971,6.803505257608338,6.803505257608338,5.351858133476067,5.351858133476067,1.3862943611198906,1.3862943611198906,1.3862943611198906,1.3862943611198906,1,0,0,71095.44020000269,215530.76107594935,88304.6800232977,-0.11389710760147681,0.2826249270494829,0.2859237748832662,-0.8037047775075877,-0.016114366641495355,-1.222499172317344,-1.1908548128524579,-0.9483664637200454,0.9167617225522189,-0.9900489309334906
DEP00240,departamento,disponible,alquiler,370.0,dolar,1,1,Calacoto,La Paz,45.0,-16.541471,-68.088478,5.916202062607435,5.916202062607435,3.828641396489095,3.828641396489095,0.6931471805599453,0.6931471805599453,0.6931471805599453,0.6931471805599453,1,0,0,71095.44020000269,215530.76107594935,88304.6800232977,-1.3498504863378076,-0.7460403115800028,-0.7708567176005267,-0.8037047775075877,-0.016114366641495355,-1.222499172317344,-1.1908548128524579,-0.9483664637200454,0.9133022454352393,-0.9931377331668171
DEP00241,departamento,disponible,alquiler,850.0,dolar,4,4,Calacoto,La Paz,236.0,-16.540773,-68.087196,6.7464121285733745,6.7464121285733745,5.4680601411351315,5.4680601411351315,1.6094379124341003,1.6094379124341003,1.6094379124341003,1.6094379124341003,1,0,0,71095.44020000269,215530.76107594935,88304.6800232977,-0.019609629992573267,0.6137811675983271,0.6261311055427021,-0.8037047775075877,-0.016114366641495355,-1.222499172317344,-1.1908548128524579,-0.9483664637200454,0.9143462208038732,-0.9926102462262154
TER00028,terreno,disponible,venta,315000.0,dolar,0,0,Ovejuyo,La Paz,3636.0,-16.537685,-68.032539,12.660331092405906,12.660331092405906,8.19891444498699,8.19891444498699,0.0,0.0,0.0,0.0,1,2,0,687663.6869501647,215530.76107594935,278283.13976549497,2.196233015197074,-1.7747055502094886,-1.8276372100843195,1.7525844210160881,-0.016114366641495355,0.8280415687087431,0.16453661647468704,-0.9483664637200454,0.9189648396267159,-0.9701212807716826
DEP00242,departamento,disponible,venta,65100.0,dolar,1,1,Achumani,La Paz,70.0,-16.514566,-68.060219,11.083695189061785,11.083695189061785,4.2626798770413155,4.2626798770413155,0.6931471805599453,0.6931471805599453,0.6931471805599453,0.6931471805599453,1,2,0,71095.44020000269,215530.76107594935,165865.41974652268,-0.9976672982767061,-0.7460403115800028,-0.7708567176005267,-0.8037047775075877,-0.016114366641495355,0.8280415687087431,-0.6375017536909693,-0.9483664637200454,0.9535431584626111,-0.9815103903785305
DEP00243,departamento,alquilado,alquiler,500.0,dolar,3,4,San Jorge,La Paz,185.0,-16.511396,-68.122017,6.2166061010848646,6.2166061010848646,5.225746673713202,5.225746673713202,1.3862943611198906,1.3862943611198906,1.6094379124341003,1.6094379124341003,0,0,0,71095.44020000269,215530.76107594935,232957.16613209486,-0.21622521430256342,0.2826249270494829,0.6261311055427021,-0.8037047775075877,-6.913063289201752,-1.222499172317344,-0.15883918240264788,-0.9483664637200454,0.9582844219562606,-1.006937565070866
TER00029,terreno,disponible,venta,20000.0,dolar,0,0,Río Abajo,La Paz,495.0,-16.676958,-68.023567,9.90353755128617,9.90353755128617,6.206575926724928,6.206575926724928,0.0,0.0,0.0,0.0,1,2,0,687663.6869501647,215530.76107594935,286386.1732485499,0.5796295053752202,-1.7747055502094886,-1.8276372100843195,1.7525844210160881,-0.016114366641495355,0.8280415687087431,0.2223472869548421,-0.9483664637200454,0.7106588489164193,-0.9664296950999837
OFI00060,oficina,disponible,alquiler,1000.0,dolar,4,1,Calacoto,La Paz,140.0,-16.539537,-68.08551,6.90875477931522,6.90875477931522,4.948759890378168,4.948759890378168,1.6094379124341003,1.6094379124341003,0.6931471805599453,0.6931471805599453,1,0,0,127588.56880770384,215530.76107594935,88304.6800232977,-0.44097507583928736,0.6137811675983271,-0.7708567176005267,-0.5694845184983812,-0.016114366641495355,-1.222499172317344,-1.1908548128524579,-0.9483664637200454,0.9161948648663863,-0.9919165309517495
TER00030,terreno,vendido,venta,80000.0,dolar,0,0,Achumani,La Paz,576.0,-16.512503,-68.061966,11.289794413577894,11.289794413577894,6.3578422665081,6.3578422665081,0.0,0.0,0.0,0.0,2,2,0,687663.6869501647,215530.76107594935,165865.41974652268,0.7023685346967502,-1.7747055502094886,-1.8276372100843195,1.7525844210160881,6.880834555918761,0.8280415687087431,-0.6375017536909693,-0.9483664637200454,0.9566287189002787,-0.9822292044855788
CAS00134,casa,disponible,alquiler,1600.0,dolar,4,4,Calacoto,La Paz,450.0,-16.538858,-68.079147,7.3783837129967145,7.3783837129967145,6.111467339502679,6.111467339502679,1.6094379124341003,1.6094379124341003,1.6094379124341003,1.6094379124341003,1,0,0,293318.67804873566,215530.76107594935,88304.6800232977,0.5024574412363376,0.6137811675983271,0.6261311055427021,0.11763177455760256,-0.016114366641495355,-1.222499172317344,-1.1908548128524579,-0.9483664637200454,0.9172104225673902,-0.9892984346935022
DEP00244,departamento,disponible,alquiler,325.0,dolar,1,1,San Miguel,La Paz,46.0,-16.543766,-68.079796,5.786897381366708,5.786897381366708,3.8501476017100584,3.8501476017100584,0.6931471805599453,0.6931471805599453,0.6931471805599453,0.6931471805599453,1,0,0,71095.44020000269,215530.76107594935,138042.37744274875,-1.3324001351427275,-0.7460403115800028,-0.7708567176005267,-0.8037047775075877,-0.016114366641495355,-1.222499172317344,-0.8360038003309732,-0.9483664637200454,0.9098696903191711,-0.9895654698139789
EDI00010,edificio,disponible,venta,2500000.0,dolar,50,55,San Pedro,La Paz,2488.0,-16.500843,-68.136047,14.731801689838349,14.731801689838349,7.819636302367592,7.819636302367592,3.9318256327243257,3.713572066704308,4.02535169073515,3.044522437723423,1,2,0,1171175.6402570198,215530.76107594935,546458.2882347655,1.8884829160361736,3.7364219610908527,2.814078159104963,3.757222820917717,-0.016114366641495355,0.8280415687087431,2.0778182500190012,-0.9483664637200454,0.9740681928233067,-1.012710296565957
LOC00025,local comercial,disponible,alquiler,2500.0,dolar,2,4,Sopocachi,La Paz,300.0,-16.508804,-68.127052,7.824445930877619,7.824445930877619,5.707110264748875,5.707110264748875,1.0986122886681098,1.0986122886681098,1.6094379124341003,1.6094379124341003,1,0,0,225639.55594352554,215530.76107594935,476606.72866823,0.1743580443333893,-0.1443097211863738,0.6261311055427021,-0.16296556355542782,-0.016114366641495355,-1.222499172317344,1.5794659352876712,-0.9483664637200454,0.9621611900873491,-1.0090092474000043
CAS00135,casa,disponible,venta,600000.0,dolar,3,5,Sopocachi,La Paz,350.0,-16.508125,-68.128494,13.304686600863562,13.304686600863562,5.860786223465865,5.860786223465865,1.3862943611198906,1.3862943611198906,1.791759469228055,1.791759469228055,1,2,0,293318.67804873566,215530.76107594935,476606.72866823,0.29905226269033564,0.2826249270494829,0.9041007344799207,0.11763177455760256,-0.016114366641495355,0.8280415687087431,1.5794659352876712,-0.9483664637200454,0.9631767477883582,-1.009602567344117
TER00031,terreno,disponible,venta,95000.0,dolar,0,0,Achumani,La Paz,352.0,-16.526684,-68.06118,11.461642696843066,11.461642696843066,5.8664680569332965,5.8664680569332965,0.0,0.0,0.0,0.0,1,2,0,687663.6869501647,215530.76107594935,165865.41974652268,0.30366255950560017,-1.7747055502094886,-1.8276372100843195,1.7525844210160881,-0.016114366641495355,0.8280415687087431,-0.6375017536909693,-0.9483664637200454,0.9354186691830839,-0.9819057998558448
CAS00136,casa,disponible,alquiler,2300.0,dolar,5,6,Achumani,La Paz,330.0,-16.510328,-68.05439,7.741099090035366,7.741099090035366,5.802118375377063,5.802118375377063,1.791759469228055,1.791759469228055,1.9459101490553132,1.9459101490553132,1,0,0,293318.67804873566,215530.76107594935,165865.41974652268,0.25144858075339965,0.8843555174431118,1.1391207070245153,0.11763177455760256,-0.016114366641495355,-1.222499172317344,-0.6375017536909693,-0.9483664637200454,0.9598817940102741,-0.9791120117694853
TER00032,terreno,disponible,venta,423000.0,dolar,0,0,La Florida,La Paz,846.0,-16.552868,-68.083992,12.955129822091815,12.955129822091815,6.741700694652055,6.741700694652055,0.0,0.0,0.0,0.0,1,2,0,687663.6869501647,215530.76107594935,307658.8642004635,1.013835123594267,-1.7747055502094886,-1.8276372100843195,1.7525844210160881,-0.016114366641495355,0.8280415687087431,0.3741161929354213,-0.9483664637200454,0.8962561318588461,-0.9912919403309677
DEP00245,departamento,disponible,venta,245000.0,dolar,3,4,Achumani,La Paz,153.0,-16.523392,-68.067879,12.409017571151187,12.409017571151187,5.0369526024136295,5.0369526024136295,1.3862943611198906,1.3862943611198906,1.6094379124341003,1.6094379124341003,1,2,0,71095.44020000269,215530.76107594935,165865.41974652268,-0.36941462237699013,0.2826249270494829,0.6261311055427021,-0.8037047775075877,-0.016114366641495355,0.8280415687087431,-0.6375017536909693,-0.9483664637200454,0.9403424040162385,-0.9846621454214661
OFI00061,oficina,disponible,venta,64900.0,dolar,4,1,San Jorge,La Paz,76.0,-16.510347,-68.123749,11.080618310893968,11.080618310893968,4.343805421853684,4.343805421853684,1.6094379124341003,1.6094379124341003,0.6931471805599453,0.6931471805599453,1,2,0,127588.56880770384,215530.76107594935,232957.16613209486,-0.9318412153707314,0.6137811675983271,-0.7708567176005267,-0.5694845184983812,-0.016114366641495355,0.8280415687087431,-0.15883918240264788,-0.9483664637200454,0.9598533763426492,-1.0076502073338394
OFI00062,oficina,disponible,alquiler,4800.0,dolar,36,6,Centro,La Paz,1200.0,-16.496256,-68.132271,8.476579508530941,8.476579508530941,7.0909098220799835,7.0909098220799835,3.6109179126442243,3.6109179126442243,1.9459101490553132,1.9459101490553132,1,0,0,127588.56880770384,215530.76107594935,288595.4885427981,1.2971869214374694,3.5840780392743925,1.1391207070245153,-0.5694845184983812,-0.016114366641495355,-1.222499172317344,0.2381095318881303,-0.9483664637200454,0.980928816055292,-1.0111566376831724
DEP00246,departamento,disponible,alquiler,480.0,dolar,3,3,San Jorge,La Paz,175.0,-16.510078,-68.123878,6.175867270105761,6.175867270105761,5.170483995038151,5.170483995038151,1.3862943611198906,1.3862943611198906,1.3862943611198906,1.3862943611198906,1,0,0,71095.44020000269,215530.76107594935,232957.16613209486,-0.2610659075328353,0.2826249270494829,0.2859237748832662,-0.8037047775075877,-0.016114366641495355,-1.222499172317344,-0.15883918240264788,-0.9483664637200454,0.9602557106895862,-1.007703285192918
DEP00247,departamento,disponible,venta,65000.0,dolar,1,1,Obrajes,La Paz,50.0,-16.527155,-68.101524,11.082157933374816,11.082157933374816,3.9318256327243257,3.9318256327243257,0.6931471805599453,0.6931471805599453,0.6931471805599453,0.6931471805599453,1,2,0,71095.44020000269,215530.76107594935,214249.3211053662,-1.2661257593764128,-0.7460403115800028,-0.7708567176005267,-0.8037047775075877,-0.016114366641495355,0.8280415687087431,-0.2923093286751119,-0.9483664637200454,0.9347142101592619,-0.998505591690334
OFI00063,oficina,disponible,alquiler,260.0,dolar,1,1,Calacoto,La Paz,35.0,-16.538591,-68.075943,5.564520407322694,5.564520407322694,3.58351893845611,3.58351893845611,0.6931471805599453,0.6931471805599453,0.6931471805599453,0.6931471805599453,1,0,0,127588.56880770384,215530.76107594935,88304.6800232977,-1.548745313878436,-0.7460403115800028,-0.7708567176005267,-0.5694845184983812,-0.016114366641495355,-1.222499172317344,-1.1908548128524579,-0.9483664637200454,0.9176097655808948,-0.9879801287982544
TER00033,terreno,disponible,venta,355000.0,dolar,0,0,Mallasilla,La Paz,708.0,-16.569035,-68.104935,12.779875885354993,12.779875885354993,6.5638555265321274,6.5638555265321274,0.0,0.0,0.0,0.0,1,2,0,687663.6869501647,215530.76107594935,272561.5281283459,0.8695297656682827,-1.7747055502094886,-1.8276372100843195,1.7525844210160881,-0.016114366641495355,0.8280415687087431,0.12371607615946424,-0.9483664637200454,0.8720756880412127,-0.9999090690338656
CAS00137,casa,disponible,alquiler,2000.0,dolar,3,5,La Florida,La Paz,280.0,-16.54789,-68.088905,7.601402334583733,7.601402334583733,5.638354669333745,5.638354669333745,1.3862943611198906,1.3862943611198906,1.791759469228055,1.791759469228055,1,0,0,293318.67804873566,215530.76107594935,307658.8642004635,0.1185690627676721,0.2826249270494829,0.9041007344799207,0.11763177455760256,-0.016114366641495355,-1.222499172317344,0.3741161929354213,-0.9483664637200454,0.9037015607772734,-0.9933134249949293
TER00034,terreno,vendido,venta,1925000.0,dolar,0,0,Cota Cota,La Paz,5500.0,-16.54575,-68.059547,14.470437045184406,14.470437045184406,8.612685172875459,8.612685172875459,0.0,0.0,0.0,0.0,2,2,0,687663.6869501647,215530.76107594935,359218.9313947517,2.53197074492261,-1.7747055502094886,-1.8276372100843195,1.7525844210160881,6.880834555918761,0.8280415687087431,0.7419688077292422,-0.9483664637200454,0.9069022875521647,-0.9812338917637942
OFI00064,oficina,disponible,alquiler,2100.0,dolar,2,2,Calacoto,La Paz,150.0,-16.538776,-68.084312,7.650168700845001,7.650168700845001,5.017279836814924,5.017279836814924,1.0986122886681098,1.0986122886681098,1.0986122886681098,1.0986122886681098,1,0,0,127588.56880770384,215530.76107594935,88304.6800232977,-0.38537730222444483,-0.1443097211863738,-0.152679758003872,-0.5694845184983812,-0.016114366641495355,-1.222499172317344,-1.1908548128524579,-0.9483664637200454,0.9173330672382077,-0.9914236063379841
DEP00248,departamento,disponible,alquiler,200.0,dolar,1,1,Obrajes,La Paz,38.0,-16.524008,-68.112015,5.303304908059076,5.5254529391317835,3.6635616461296463,3.6635616461296463,0.6931471805599453,0.6931471805599453,0.6931471805599453,0.6931471805599453,1,0,0,71095.44020000269,215530.76107594935,214249.3211053662,-1.483797855916544,-0.7460403115800028,-0.7708567176005267,-0.8037047775075877,-0.016114366641495355,-1.222499172317344,-0.2923093286751119,-0.9483664637200454,0.9394210733184222,-1.0028221794390857
CAS00138,casa,disponible,alquiler,400.0,dolar,2,2,San Miguel,La Paz,80.0,-16.544592,-68.080246,5.993961427306569,5.993961427306569,4.394449154672439,4.394449154672439,1.0986122886681098,1.0986122886681098,1.0986122886681098,1.0986122886681098,1,0,0,293318.67804873566,215530.76107594935,138042.37744274875,-0.8907483812590382,-0.1443097211863738,-0.152679758003872,0.11763177455760256,-0.016114366641495355,-1.222499172317344,-0.8360038003309732,-0.9483664637200454,0.90863426961073,-0.9897506251363448
DEP00249,departamento,disponible,venta,114400.0,dolar,2,2,Achumani,La Paz,89.0,-16.514112,-68.060089,11.647465099148372,11.647465099148372,4.499809670330265,4.499809670330265,1.0986122886681098,1.0986122886681098,1.0986122886681098,1.0986122886681098,1,2,0,71095.44020000269,215530.76107594935,165865.41974652268,-0.8052577992882298,-0.1443097211863738,-0.152679758003872,-0.8037047775075877,-0.016114366641495355,0.8280415687087431,-0.6375017536909693,-0.9483664637200454,0.954222191152235,-0.981456901063181
DEP00250,departamento,alquilado,alquiler,450.0,dolar,1,3,San Jorge,La Paz,117.0,-16.507355,-68.125984,6.111467339502679,6.111467339502679,4.770684624465665,4.770684624465665,0.6931471805599453,0.6931471805599453,1.3862943611198906,1.3862943611198906,0,0,0,71095.44020000269,215530.76107594935,232957.16613209486,-0.5854671374281639,-0.7460403115800028,0.2859237748832662,-0.8037047775075877,-6.913063289201752,-1.222499172317344,-0.15883918240264788,-0.9483664637200454,0.9643284111606326,-1.0085698121015882
CAS00139,casa,disponible,venta,412000.0,dolar,4,5,Achumani,La Paz,396.0,-16.527363,-68.069496,12.928781055513184,12.928781055513184,5.983936280687191,5.983936280687191,1.6094379124341003,1.6094379124341003,1.791759469228055,1.791759469228055,1,2,0,293318.67804873566,215530.76107594935,165865.41974652268,0.3989774575876468,0.6137811675983271,0.9041007344799207,0.11763177455760256,-0.016114366641495355,0.8280415687087431,-0.6375017536909693,-0.9483664637200454,0.9344031114820748,-0.9853274702131649
OFI00065,oficina,disponible,alquiler,1000.0,dolar,5,2,Calacoto,La Paz,179.0,-16.541677,-68.083542,6.90875477931522,6.90875477931522,5.19295685089021,5.19295685089021,1.791759469228055,1.791759469228055,1.0986122886681098,1.0986122886681098,1,0,0,127588.56880770384,215530.76107594935,88304.6800232977,-0.24283120629448854,0.8843555174431118,-0.152679758003872,-0.5694845184983812,-0.016114366641495355,-1.222499172317344,-1.1908548128524579,-0.9483664637200454,0.9129941380914897,-0.9911067850086017
DEP00251,departamento,disponible,alquiler,430.0,dolar,1,1,Calacoto,La Paz,80.0,-16.540607,-68.083717,6.066108090103747,6.066108090103747,4.394449154672439,4.394449154672439,0.6931471805599453,0.6931471805599453,0.6931471805599453,0.6931471805599453,1,0,0,71095.44020000269,215530.76107594935,88304.6800232977,-0.8907483812590382,-0.7460403115800028,-0.7708567176005267,-0.8037047775075877,-0.016114366641495355,-1.222499172317344,-1.1908548128524579,-0.9483664637200454,0.9145945014789354,-0.9911787898561878
DEP00252,departamento,disponible,alquiler,290.0,dolar,3,3,Achumani,La Paz,91.0,-16.518414,-68.0597,5.673323267171493,5.673323267171493,4.5217885770490405,4.5217885770490405,1.3862943611198906,1.3862943611198906,1.3862943611198906,1.3862943611198906,1,0,0,71095.44020000269,215530.76107594935,165865.41974652268,-0.7874238933440664,0.2826249270494829,0.2859237748832662,-0.8037047775075877,-0.016114366641495355,-1.222499172317344,-0.6375017536909693,-0.9483664637200454,0.9477878329346658,-0.9812968445734033
DEP00253,departamento,disponible,alquiler,800.0,dolar,3,4,Calacoto,La Paz,175.0,-16.538839,-68.081123,6.68586094706836,6.68586094706836,5.170483995038151,5.170483995038151,1.3862943611198906,1.3862943611198906,1.6094379124341003,1.6094379124341003,1,0,0,71095.44020000269,215530.76107594935,88304.6800232977,-0.2610659075328353,0.2826249270494829,0.6261311055427021,-0.8037047775075877,-0.016114366641495355,-1.222499172317344,-1.1908548128524579,-0.9483664637200454,0.9172388402350203,-0.990111472286823
DEP00254,departamento,disponible,venta,149000.0,dolar,3,2,Irpavi,La Paz,140.0,-16.513968,-68.087555,11.91170829631447,11.91170829631447,4.948759890378168,4.948759890378168,1.3862943611198906,1.3862943611198906,1.0986122886681098,1.0986122886681098,1,2,0,71095.44020000269,215530.76107594935,145975.06199191516,-0.44097507583928736,0.2826249270494829,-0.152679758003872,-0.8037047775075877,-0.016114366641495355,0.8280415687087431,-0.7794084754500027,-0.9483664637200454,0.9544375671595212,-0.9927579590278315
EDI00011,edificio,disponible,venta,770000.0,dolar,12,12,Miraflores,La Paz,997.0,-16.485687,-68.123772,13.554147092530322,13.554147092530322,6.905753276311464,6.905753276311464,2.5649493574615367,2.5649493574615367,2.5649493574615367,2.5649493574615367,1,2,0,1171175.6402570198,215530.76107594935,387897.8094654558,1.1469490381599912,2.031808155486145,2.0829152976594116,3.757222820917717,-0.016114366641495355,0.8280415687087431,0.9465767700871803,-0.9483664637200454,0.996736517589812,-1.0076596708280932
DEP00255,departamento,disponible,alquiler,700.0,dolar,3,3,Achumani,La Paz,245.0,-16.524771,-68.066696,6.55250788703459,6.55250788703459,5.5053315359323625,5.5053315359323625,1.3862943611198906,1.3862943611198906,1.3862943611198906,1.3862943611198906,1,0,0,71095.44020000269,215530.76107594935,165865.41974652268,0.010632754568519774,0.2826249270494829,0.2859237748832662,-0.8037047775075877,-0.016114366641495355,-1.222499172317344,-0.6375017536909693,-0.9483664637200454,0.9382798796131632,-0.9841753926517756
DEP00256,departamento,disponible,alquiler,250.0,dolar,1,1,Calacoto,La Paz,40.0,-16.544764,-68.084099,5.5254529391317835,5.5254529391317835,3.713572066704308,3.713572066704308,0.6931471805599453,0.6931471805599453,0.6931471805599453,0.6931471805599453,1,0,0,71095.44020000269,215530.76107594935,88304.6800232977,-1.4432188977286609,-0.7460403115800028,-0.7708567176005267,-0.8037047775075877,-0.016114366641495355,-1.222499172317344,-1.1908548128524579,-0.9483664637200454,0.9083770149353658,-0.9913359661520634
DEP00257,departamento,disponible,alquiler,1200.0,dolar,3,4,Calacoto,La Paz,200.0,-16.539249,-68.078445,7.0909098220799835,7.0909098220799835,5.303304908059076,5.303304908059076,1.3862943611198906,1.3862943611198906,1.6094379124341003,1.6094379124341003,1,0,0,71095.44020000269,215530.76107594935,88304.6800232977,-0.15329368298403176,0.2826249270494829,0.6261311055427021,-0.8037047775075877,-0.016114366641495355,-1.222499172317344,-1.1908548128524579,-0.9483664637200454,0.9166256168809482,-0.9890095923906101
DEP00258,departamento,disponible,alquiler,800.0,dolar,3,3,Calacoto,La Paz,140.0,-16.540855,-68.090149,6.68586094706836,6.68586094706836,4.948759890378168,4.948759890378168,1.3862943611198906,1.3862943611198906,1.3862943611198906,1.3862943611198906,1,0,0,71095.44020000269,215530.76107594935,88304.6800232977,-0.44097507583928736,0.2826249270494829,0.2859237748832662,-0.8037047775075877,-0.016114366641495355,-1.222499172317344,-1.1908548128524579,-0.9483664637200454,0.9142235761330609,-0.9938252765972022
CAS00140,casa,disponible,venta,550000.0,dolar,4,5,Achumani,La Paz,320.0,-16.522757,-68.057907,13.217675375388819,13.217675375388819,5.771441123130016,5.771441123130016,1.6094379124341003,1.6094379124341003,1.791759469228055,1.791759469228055,1,2,0,293318.67804873566,215530.76107594935,165865.41974652268,0.22655674977202245,0.6137811675983271,0.9041007344799207,0.11763177455760256,-0.016114366641495355,0.8280415687087431,-0.6375017536909693,-0.9483664637200454,0.9412921523816904,-0.9805591034778416
DEP00259,departamento,disponible,alquiler,570.0,dolar,2,3,Los Pinos,La Paz,150.0,-16.541101,-68.07457,6.3473892096560105,6.3473892096560105,5.017279836814924,5.017279836814924,1.0986122886681098,1.0986122886681098,1.3862943611198906,1.3862943611198906,1,0,0,71095.44020000269,215530.76107594935,208233.91537402666,-0.38537730222444483,-0.1443097211863738,0.2859237748832662,-0.8037047775075877,-0.016114366641495355,-1.222499172317344,-0.3352259276582124,-0.9483664637200454,0.9138556421206186,-0.9874151993369028
CAS00141,casa,disponible,alquiler,3500.0,dolar,4,6,Aranjuez,La Paz,580.0,-16.55772,-68.094505,8.160803920954665,8.160803920954665,6.364750756851911,6.364750756851911,1.6094379124341003,1.6094379124341003,1.9459101490553132,1.9459101490553132,1,0,0,293318.67804873566,215530.76107594935,254486.02420655577,0.7079741532374777,0.6137811675983271,1.1391207070245153,0.11763177455760256,-0.016114366641495355,-1.222499172317344,-0.0052426654242366715,-0.9483664637200454,0.8889991569467935,-0.9956175801177022
CAS00142,casa,alquilado,alquiler,1800.0,dolar,6,6,Achumani,La Paz,560.0,-16.529009,-68.0709,7.496097345175956,7.496097345175956,6.329720905522696,6.329720905522696,1.9459101490553132,1.9459101490553132,1.9459101490553132,1.9459101490553132,0,0,0,293318.67804873566,215530.76107594935,165865.41974652268,0.6795505795885854,1.1131228706065581,1.1391207070245153,0.11763177455760256,-6.913063289201752,-1.222499172317344,-0.6375017536909693,-0.9483664637200454,0.9319412440655002,-0.9859051548189431
CAS00143,casa,disponible,alquiler,1100.0,dolar,4,5,Achumani,La Paz,300.0,-16.526087,-68.06588,7.00397413672268,7.00397413672268,5.707110264748875,5.707110264748875,1.6094379124341003,1.6094379124341003,1.791759469228055,1.791759469228055,1,0,0,293318.67804873566,215530.76107594935,165865.41974652268,0.1743580443333893,0.6137811675983271,0.9041007344799207,0.11763177455760256,-0.016114366641495355,-1.222499172317344,-0.6375017536909693,-0.9483664637200454,0.9363115822132754,-0.9838396443338916
OFI00066,oficina,disponible,alquiler,1400.0,dolar,4,2,Seguencoma,La Paz,297.0,-16.544043,-68.096359,7.244941546337007,7.244941546337007,5.697093486505405,5.697093486505405,1.6094379124341003,1.6094379124341003,1.0986122886681098,1.0986122886681098,1,0,0,127588.56880770384,215530.76107594935,222577.85210455372,0.16623032973214397,0.6137811675983271,-0.152679758003872,-0.5694845184983812,-0.016114366641495355,-1.222499172317344,-0.23288985790720107,-0.9483664637200454,0.9094553906384998,-0.9963804200458521
OFI00067,oficina,disponible,alquiler,500.0,dolar,1,1,Obrajes,La Paz,42.0,-16.526169,-68.108276,6.2166061010848646,6.2166061010848646,3.7612001156935624,3.7612001156935624,0.6931471805599453,0.6931471805599453,0.6931471805599453,0.6931471805599453,1,0,0,127588.56880770384,215530.76107594935,214249.3211053662,-1.4045730198036785,-0.7460403115800028,-0.7708567176005267,-0.5694845184983812,-0.016114366641495355,-1.222499172317344,-0.2923093286751119,-0.9483664637200454,0.936188937542463,-1.0012837444383649
DEP00260,departamento,disponible,alquiler,550.0,dolar,3,4,Calacoto,La Paz,157.0,-16.537975,-68.080261,6.311734809152915,6.311734809152915,5.062595033026967,5.062595033026967,1.3862943611198906,1.3862943611198906,1.6094379124341003,1.6094379124341003,1,0,0,71095.44020000269,215530.76107594935,88304.6800232977,-0.3486080963022722,0.2826249270494829,0.6261311055427021,-0.8037047775075877,-0.016114366641495355,-1.222499172317344,-1.1908548128524579,-0.9483664637200454,0.9185310962787164,-0.9897567969804197
CAS00144,casa,disponible,alquiler,650.0,dolar,3,3,Calacoto,La Paz,180.0,-16.539415,-68.079979,6.478509642208569,6.478509642208569,5.198497031265826,5.198497031265826,1.3862943611198906,1.3862943611198906,1.3862943611198906,1.3862943611198906,1,0,0,293318.67804873566,215530.76107594935,88304.6800232977,-0.2383358482224682,0.2826249270494829,0.2859237748832662,0.11763177455760256,-0.016114366641495355,-1.222499172317344,-1.1908548128524579,-0.9483664637200454,0.916377336205886,-0.9896407663117378
CAS00145,casa,disponible,alquiler,2000.0,dolar,4,6,Irpavi,La Paz,430.0,-16.515881,-68.086075,7.601402334583733,7.601402334583733,6.066108090103747,6.066108090103747,1.6094379124341003,1.6094379124341003,1.9459101490553132,1.9459101490553132,1,0,0,293318.67804873566,215530.76107594935,145975.06199191516,0.4656524901152993,0.6137811675983271,1.1391207070245153,0.11763177455760256,-0.016114366641495355,-1.222499172317344,-0.7794084754500027,-0.9483664637200454,0.9515763567294366,-0.9921490037453842
CAS00146,casa,disponible,alquiler,2500.0,dolar,4,6,Auquisamaña,La Paz,400.0,-16.5483,-68.076866,7.824445930877619,7.824445930877619,5.993961427306569,5.993961427306569,1.6094379124341003,1.6094379124341003,1.9459101490553132,1.9459101490553132,1,0,0,293318.67804873566,215530.76107594935,340279.9913660373,0.40711196237326097,0.6137811675983271,1.1391207070245153,0.11763177455760256,-0.016114366641495355,-1.222499172317344,0.60684992619765,-0.9483664637200454,0.9030883374232013,-0.98835990293724
CAS00147,casa,disponible,alquiler,3000.0,dolar,4,5,Calacoto,La Paz,550.0,-16.543673,-68.086098,8.006700845440367,8.006700845440367,6.311734809152915,6.311734809152915,1.6094379124341003,1.6094379124341003,1.791759469228055,1.791759469228055,1,0,0,293318.67804873566,215530.76107594935,88304.6800232977,0.6649564801155974,0.6137811675983271,0.9041007344799207,0.11763177455760256,-0.016114366641495355,-1.222499172317344,-1.1908548128524579,-0.9483664637200454,0.9100087873238792,-0.9921584672396437
DEP00261,departamento,disponible,venta,230000.0,dolar,3,3,San Miguel,La Paz,130.0,-16.541586,-68.080765,12.345838935721968,12.345838935721968,4.875197323201151,4.875197323201151,1.3862943611198906,1.3862943611198906,1.3862943611198906,1.3862943611198906,1,2,0,71095.44020000269,215530.76107594935,138042.37744274875,-0.5006644826342774,0.2826249270494829,0.2859237748832662,-0.8037047775075877,-0.016114366641495355,0.8280415687087431,-0.8360038003309732,-0.9483664637200454,0.9131302437627604,-0.9899641709414719
DEP00262,departamento,disponible,alquiler,380.0,dolar,2,3,Achumani,La Paz,90.0,-16.522343,-68.066055,5.942799375126701,5.942799375126701,4.51085950651685,4.51085950651685,1.0986122886681098,1.0986122886681098,1.3862943611198906,1.3862943611198906,1,0,0,71095.44020000269,215530.76107594935,165865.41974652268,-0.7962918510829159,-0.1443097211863738,0.2859237748832662,-0.8037047775075877,-0.016114366641495355,-1.222499172317344,-0.6375017536909693,-0.9483664637200454,0.941911358402627,-0.9839116491814777
CAS00148,casa,disponible,venta,280000.0,dolar,3,4,Achumani,La Paz,420.0,-16.518063,-68.062706,12.54254845357358,12.54254845357358,6.042632833682381,6.042632833682381,1.3862943611198906,1.3862943611198906,1.6094379124341003,1.6094379124341003,1,2,0,293318.67804873566,215530.76107594935,165865.41974652268,0.44660443097429897,0.2826249270494829,0.6261311055427021,0.11763177455760256,-0.016114366641495355,0.8280415687087431,-0.6375017536909693,-0.9483664637200454,0.948312811952415,-0.9825336821268055
TER00035,terreno,disponible,venta,2472000.0,dolar,0,0,Auquisamaña,La Paz,4774.0,-16.547169,-68.060516,14.720538502090381,14.720538502090381,8.471149252914831,8.471149252914831,0.0,0.0,0.0,0.0,1,2,0,687663.6869501647,215530.76107594935,340279.9913660373,2.4171270760998,-1.7747055502094886,-1.8276372100843195,1.7525844210160881,-0.016114366641495355,0.8280415687087431,0.60684992619765,-0.9483664637200454,0.904779936480402,-0.9816325928912931
DEP00263,departamento,disponible,alquiler,280.0,dolar,1,1,Sopocachi,La Paz,52.0,-16.509447,-68.128944,5.638354669333745,5.638354669333745,3.970291913552122,3.970291913552122,0.6931471805599453,0.6931471805599453,0.6931471805599453,0.6931471805599453,1,0,0,71095.44020000269,215530.76107594935,476606.72866823,-1.2349138322736566,-0.7460403115800028,-0.7708567176005267,-0.8037047775075877,-0.016114366641495355,-1.222499172317344,1.5794659352876712,-0.9483664637200454,0.9611994763881629,-1.0097877226664829
DEP00264,departamento,disponible,alquiler,450.0,dolar,2,3,Calacoto,La Paz,112.0,-16.540607,-68.085838,6.111467339502679,6.111467339502679,4.727387818712341,4.727387818712341,1.0986122886681098,1.0986122886681098,1.3862943611198906,1.3862943611198906,1,0,0,71095.44020000269,215530.76107594935,88304.6800232977,-0.6205986010340352,-0.1443097211863738,0.2859237748832662,-0.8037047775075877,-0.016114366641495355,-1.222499172317344,-1.1908548128524579,-0.9483664637200454,0.9145945014789354,-0.9920514886089389
CAS00149,casa,disponible,venta,450000.0,dolar,4,4,Achumani,La Paz,407.0,-16.534159,-68.072372,13.017005083966255,13.017005083966255,6.0112671744041615,6.0112671744041615,1.6094379124341003,1.6094379124341003,1.6094379124341003,1.6094379124341003,1,2,0,293318.67804873566,215530.76107594935,165865.41974652268,0.42115401960481064,0.6137811675983271,0.6261311055427021,0.11763177455760256,-0.016114366641495355,0.8280415687087431,-0.6375017536909693,-0.9483664637200454,0.9242385604717086,-0.9865108184512176
CAS00150,casa,disponible,alquiler,1500.0,dolar,7,4,Obrajes,La Paz,670.0,-16.52833,-68.10376,7.313886831633462,7.313886831633462,6.508769136971682,6.508769136971682,2.0794415416798357,2.0794415416798357,1.6094379124341003,1.6094379124341003,1,0,0,293318.67804873566,215530.76107594935,214249.3211053662,0.8248321151984661,1.3112901656789684,0.6261311055427021,0.11763177455760256,-0.016114366641495355,-1.222499172317344,-0.2923093286751119,-0.9483664637200454,0.9329568017665039,-0.9994256079143539
DEP00265,departamento,disponible,venta,82000.0,dolar,3,3,Achumani,La Paz,91.0,-16.517775,-68.057472,11.314486721293981,11.314486721293981,4.5217885770490405,4.5217885770490405,1.3862943611198906,1.3862943611198906,1.3862943611198906,1.3862943611198906,1,2,0,71095.44020000269,215530.76107594935,165865.41974652268,-0.7874238933440664,0.2826249270494829,0.2859237748832662,-0.8037047775075877,-0.016114366641495355,0.8280415687087431,-0.6375017536909693,-0.9483664637200454,0.9487435639669821,-0.9803801199995564
CAS00151,casa,vendido,venta,980000.0,dolar,4,7,Auquisamaña,La Paz,864.0,-16.548166,-68.069199,13.795308871054397,13.795308871054397,6.762729506931879,6.762729506931879,1.6094379124341003,1.6094379124341003,2.0794415416798357,2.0794415416798357,2,2,0,293318.67804873566,215530.76107594935,340279.9913660373,1.0308981133559683,0.6137811675983271,1.3427042673670588,0.11763177455760256,6.880834555918761,0.8280415687087431,0.60684992619765,-0.9483664637200454,0.9032887567633157,-0.9852052677004023
CAS00152,casa,disponible,alquiler,2000.0,dolar,4,5,Achumani,La Paz,589.0,-16.514072,-68.059914,7.601402334583733,7.601402334583733,6.380122536899765,6.380122536899765,1.6094379124341003,1.6094379124341003,1.791759469228055,1.791759469228055,1,0,0,293318.67804873566,215530.76107594935,165865.41974652268,0.7204469701557829,0.6137811675983271,0.9041007344799207,0.11763177455760256,-0.016114366641495355,-1.222499172317344,-0.6375017536909693,-0.9483664637200454,0.9542820178209277,-0.9813848962155949
OFI00068,oficina,disponible,alquiler,10290.0,dolar,1,6,Calacoto,La Paz,735.0,-16.53927,-68.085175,9.239025005836092,9.239025005836092,6.601230118728877,6.601230118728877,0.6931471805599453,0.6931471805599453,1.9459101490553132,1.9459101490553132,1,0,0,127588.56880770384,215530.76107594935,88304.6800232977,0.8998558856371573,-0.7460403115800028,1.1391207070245153,-0.5694845184983812,-0.016114366641495355,-1.222499172317344,-1.1908548128524579,-0.9483664637200454,0.9165942078798911,-0.9917786931006581
CAS00153,casa,disponible,venta,268000.0,dolar,4,4,Río Abajo,La Paz,320.0,-16.610308,-68.062851,12.498745990829315,12.498745990829315,5.771441123130016,5.771441123130016,1.6094379124341003,1.6094379124341003,1.6094379124341003,1.6094379124341003,1,2,0,293318.67804873566,215530.76107594935,286386.1732485499,0.22655674977202245,0.6137811675983271,0.6261311055427021,0.11763177455760256,-0.016114366641495355,0.8280415687087431,0.2223472869548421,-0.9483664637200454,0.8103450356205268,-0.9825933432862299
DEP00266,departamento,disponible,alquiler,575.0,dolar,3,3,Irpavi,La Paz,110.0,-16.513741,-68.087601,6.3561076606958915,6.3561076606958915,4.709530201312334,4.709530201312334,1.3862943611198906,1.3862943611198906,1.3862943611198906,1.3862943611198906,1,0,0,71095.44020000269,215530.76107594935,145975.06199191516,-0.6350884513788899,0.2826249270494829,0.2859237748832662,-0.8037047775075877,-0.016114366641495355,-1.222499172317344,-0.7794084754500027,-0.9483664637200454,0.9547770835043332,-0.9927768860163448
PAR00002,parqueo,disponible,venta,20926.0,dolar,0,0,San Jorge,La Paz,10.0,-16.510984,-68.123558,9.94879547024067,9.94879547024067,2.3978952727983707,3.4011973816621555,0.0,0.0,0.0,0.0,1,2,0,218605.7220172926,215530.76107594935,232957.16613209486,-1.6966828585916696,-1.7747055502094886,-1.8276372100843195,-0.1921278076129368,-0.016114366641495355,0.8280415687087431,-0.15883918240264788,-0.9483664637200454,0.958900636643765,-1.0075716191859017
DEP00267,departamento,disponible,alquiler,1600.0,dolar,3,5,Calacoto,La Paz,280.0,-16.538757,-68.079292,7.3783837129967145,7.3783837129967145,5.638354669333745,5.638354669333745,1.3862943611198906,1.3862943611198906,1.791759469228055,1.791759469228055,1,0,0,71095.44020000269,215530.76107594935,88304.6800232977,0.1185690627676721,0.2826249270494829,0.9041007344799207,-0.8037047775075877,-0.016114366641495355,-1.222499172317344,-1.1908548128524579,-0.9483664637200454,0.9173614849058327,-0.9893580958529267
CAS00154,casa,disponible,alquiler,1293.0,dolar,3,3,Miraflores,La Paz,241.0,-16.498022,-68.121391,7.165493475060845,7.165493475060845,5.488937726156687,5.488937726156687,1.3862943611198906,1.3862943611198906,1.3862943611198906,1.3862943611198906,1,0,0,293318.67804873566,215530.76107594935,387897.8094654558,-0.002669347549059839,0.2826249270494829,0.2859237748832662,0.11763177455760256,-0.016114366641495355,-1.222499172317344,0.9465767700871803,-0.9483664637200454,0.9782874686326447,-1.006679993444643
DEP00268,departamento,disponible,alquiler,800.0,dolar,3,4,Calacoto,La Paz,240.0,-16.539209,-68.080109,6.68586094706836,6.68586094706836,5.484796933490655,5.484796933490655,1.3862943611198906,1.3862943611198906,1.6094379124341003,1.6094379124341003,1,0,0,71095.44020000269,215530.76107594935,88304.6800232977,-0.006029228360474918,0.2826249270494829,0.6261311055427021,-0.8037047775075877,-0.016114366641495355,-1.222499172317344,-1.1908548128524579,-0.9483664637200454,0.9166854435496409,-0.9896942556270873
TER00036,terreno,disponible,venta,168000.0,dolar,0,0,Aranjuez,La Paz,510.0,-16.557556,-68.111526,12.031725210748633,12.031725210748633,6.236369590203704,6.236369590203704,0.0,0.0,0.0,0.0,1,2,0,687663.6869501647,215530.76107594935,254486.02420655577,0.6038043835441449,-1.7747055502094886,-1.8276372100843195,1.7525844210160881,-0.016114366641495355,0.8280415687087431,-0.0052426654242366715,-0.9483664637200454,0.8892444462884181,-1.0026209773221144
EDI00012,edificio,disponible,venta,4800000.0,dolar,20,16,Sopocachi,La Paz,6140.0,-16.515141,-68.129608,15.38412668421143,15.38412668421143,8.722742874329398,8.722742874329398,3.044522437723423,3.044522437723423,2.833213344056216,2.833213344056216,1,2,0,1171175.6402570198,215530.76107594935,476606.72866823,2.621272670685992,2.7435186996296728,2.491913784301418,3.757222820917717,-0.016114366641495355,0.8280415687087431,1.5794659352876712,-0.9483664637200454,0.9526831501001956,-1.0100609296310403
DEP00269,departamento,disponible,venta,155000.0,dolar,3,4,Achumani,La Paz,103.0,-16.519802,-68.064034,11.951186847493476,11.951186847493476,4.6443908991413725,4.6443908991413725,1.3862943611198906,1.3862943611198906,1.6094379124341003,1.6094379124341003,1,2,0,71095.44020000269,215530.76107594935,165865.41974652268,-0.6879431362387604,0.2826249270494829,0.6261311055427021,-0.8037047775075877,-0.016114366641495355,0.8280415687087431,-0.6375017536909693,-0.9483664637200454,0.9457118475311375,-0.9830800960559204
DEP00270,departamento,disponible,alquiler,580.0,dolar,3,4,Calacoto,La Paz,157.0,-16.538006,-68.07988,6.364750756851911,6.364750756851911,5.062595033026967,5.062595033026967,1.3862943611198906,1.3862943611198906,1.6094379124341003,1.6094379124341003,1,0,0,71095.44020000269,215530.76107594935,88304.6800232977,-0.3486080963022722,0.2826249270494829,0.6261311055427021,-0.8037047775075877,-0.016114366641495355,-1.222499172317344,-1.1908548128524579,-0.9483664637200454,0.9184847306104822,-0.9896000321408208
DEP00271,departamento,disponible,alquiler,550.0,dolar,3,5,Calacoto,La Paz,186.0,-16.538715,-68.078995,6.311734809152915,6.311734809152915,5.231108616854587,5.231108616854587,1.3862943611198906,1.3862943611198906,1.791759469228055,1.791759469228055,1,0,0,71095.44020000269,215530.76107594935,88304.6800232977,-0.21187447971485399,0.2826249270494829,0.9041007344799207,-0.8037047775075877,-0.016114366641495355,-1.222499172317344,-1.1908548128524579,-0.9483664637200454,0.9174243029079576,-0.9892358933401698
CAS00155,casa,disponible,venta,398000.0,dolar,4,4,Achumani,La Paz,300.0,-16.534109,-68.066994,12.894209796826232,12.894209796826232,5.707110264748875,5.707110264748875,1.6094379124341003,1.6094379124341003,1.6094379124341003,1.6094379124341003,1,2,0,293318.67804873566,215530.76107594935,165865.41974652268,0.1743580443333893,0.6137811675983271,0.6261311055427021,0.11763177455760256,-0.016114366641495355,0.8280415687087431,-0.6375017536909693,-0.9483664637200454,0.9243133438075679,-0.9842980066208091
DEP00272,departamento,alquilado,alquiler,450.0,dolar,1,1,Calacoto,La Paz,70.0,-16.537533,-68.07737,6.111467339502679,6.111467339502679,4.2626798770413155,4.2626798770413155,0.6931471805599453,0.6931471805599453,0.6931471805599453,0.6931471805599453,0,0,0,71095.44020000269,215530.76107594935,88304.6800232977,-0.9976672982767061,-0.7460403115800028,-0.7708567176005267,-0.8037047775075877,-6.913063289201752,-1.222499172317344,-1.1908548128524579,-0.9483664637200454,0.9191921809677364,-0.9885672768982922
DEP00273,departamento,disponible,alquiler,1200.0,dolar,3,4,Irpavi,La Paz,310.0,-16.526434,-68.087601,7.0909098220799835,7.0909098220799835,5.739792912179234,5.739792912179234,1.3862943611198906,1.3862943611198906,1.6094379124341003,1.6094379124341003,1,0,0,71095.44020000269,215530.76107594935,145975.06199191516,0.20087707313391476,0.2826249270494829,0.6261311055427021,-0.8037047775075877,-0.016114366641495355,-1.222499172317344,-0.7794084754500027,-0.9483664637200454,0.9357925858623959,-0.9927768860163448
DEP00274,departamento,disponible,venta,115000.0,dolar,2,1,Obrajes,La Paz,80.0,-16.528883,-68.101929,11.652696102959753,11.652696102959753,4.394449154672439,4.394449154672439,1.0986122886681098,1.0986122886681098,0.6931471805599453,0.6931471805599453,1,2,0,71095.44020000269,215530.76107594935,214249.3211053662,-0.8907483812590382,-0.1443097211863738,-0.7708567176005267,-0.8037047775075877,-0.016114366641495355,0.8280415687087431,-0.2923093286751119,-0.9483664637200454,0.9321296980718696,-0.9986722314804634
DEP00275,departamento,disponible,alquiler,470.0,dolar,4,3,Sopocachi,La Paz,183.0,-16.51475,-68.133797,6.154858094016418,6.154858094016418,5.214935757608986,5.214935757608986,1.6094379124341003,1.6094379124341003,1.3862943611198906,1.3862943611198906,1,0,0,71095.44020000269,215530.76107594935,476606.72866823,-0.2249973003503251,0.6137811675983271,0.2859237748832662,-0.8037047775075877,-0.016114366641495355,-1.222499172317344,1.5794659352876712,-0.9483664637200454,0.9532679557866375,-1.011784519954127
CAS00156,casa,alquilado,alquiler,3500.0,dolar,3,4,La Florida,La Paz,580.0,-16.550081,-68.085228,8.160803920954665,8.160803920954665,6.364750756851911,6.364750756851911,1.3862943611198906,1.3862943611198906,1.6094379124341003,1.6094379124341003,0,0,0,293318.67804873566,215530.76107594935,307658.8642004635,0.7079741532374777,0.2826249270494829,0.6261311055427021,0.11763177455760256,-6.913063289201752,-1.222499172317344,0.3741161929354213,-0.9483664637200454,0.9004245549997987,-0.9918005002830677
DEP00276,departamento,disponible,alquiler,2500.0,dolar,3,3,Calacoto,La Paz,175.0,-16.541842,-68.089935,7.824445930877619,7.824445930877619,5.170483995038151,5.170483995038151,1.3862943611198906,1.3862943611198906,1.3862943611198906,1.3862943611198906,1,0,0,71095.44020000269,215530.76107594935,88304.6800232977,-0.2610659075328353,0.2826249270494829,0.2859237748832662,-0.8037047775075877,-0.016114366641495355,-1.222499172317344,-1.1908548128524579,-0.9483664637200454,0.9127473530831464,-0.9937372249550107
DEP00277,departamento,disponible,venta,42600.0,dolar,1,1,Obrajes,La Paz,47.0,-16.527855,-68.10302,10.659633006160352,10.659633006160352,3.871201010907891,3.871201010907891,0.6931471805599453,0.6931471805599453,0.6931471805599453,0.6931471805599453,1,2,0,71095.44020000269,215530.76107594935,214249.3211053662,-1.3153171871943934,-0.7460403115800028,-0.7708567176005267,-0.8037047775075877,-0.016114366641495355,0.8280415687087431,-0.2923093286751119,-0.9483664637200454,0.9336672434571957,-0.9991211302731331
CAS00157,casa,disponible,alquiler,4000.0,dolar,28,5,Obrajes,La Paz,764.0,-16.524605,-68.111519,8.294299608857235,8.294299608857235,6.639875833826536,6.639875833826536,3.367295829986474,3.367295829986474,1.791759469228055,1.791759469228055,1,0,0,293318.67804873566,215530.76107594935,214249.3211053662,0.9312134075109746,3.2225306294009224,0.9041007344799207,0.11763177455760256,-0.016114366641495355,-1.222499172317344,-0.2923093286751119,-0.9483664637200454,0.9385281602882254,-1.0026180971282124
CAS00158,casa,disponible,venta,1300000.0,dolar,28,5,Obrajes,La Paz,764.0,-16.527155,-68.106743,14.077875591662238,14.077875591662238,6.639875833826536,6.639875833826536,3.367295829986474,3.367295829986474,1.791759469228055,1.791759469228055,1,2,0,293318.67804873566,215530.76107594935,214249.3211053662,0.9312134075109746,3.2225306294009224,0.9041007344799207,0.11763177455760256,-0.016114366641495355,0.8280415687087431,-0.2923093286751119,-0.9483664637200454,0.9347142101592619,-1.0006529819735022
OFI00069,oficina,disponible,alquiler,350.0,dolar,1,1,San Miguel,La Paz,60.0,-16.543375,-68.080055,5.860786223465865,5.860786223465865,4.110873864173311,4.110873864173311,0.6931471805599453,0.6931471805599453,0.6931471805599453,0.6931471805599453,1,0,0,127588.56880770384,215530.76107594935,138042.37744274875,-1.1208442237665324,-0.7460403115800028,-0.7708567176005267,-0.5694845184983812,-0.016114366641495355,-1.222499172317344,-0.8360038003309732,-0.9483664637200454,0.910454496005613,-0.989672036988407
CAS00159,casa,disponible,alquiler,1400.0,dolar,4,5,Achumani,La Paz,300.0,-16.532108,-68.07515,7.244941546337007,7.244941546337007,5.707110264748875,5.707110264748875,1.6094379124341003,1.6094379124341003,1.791759469228055,1.791759469228055,1,0,0,293318.67804873566,215530.76107594935,165865.41974652268,0.1743580443333893,0.6137811675983271,0.9041007344799207,0.11763177455760256,-0.016114366641495355,-1.222499172317344,-0.6375017536909693,-0.9483664637200454,0.9273061729087668,-0.9876538439746182
CAS00160,casa,disponible,alquiler,1500.0,dolar,6,2,Achumani,La Paz,420.0,-16.528534,-68.070923,7.313886831633462,7.313886831633462,6.042632833682381,6.042632833682381,1.9459101490553132,1.9459101490553132,1.0986122886681098,1.0986122886681098,1,0,0,293318.67804873566,215530.76107594935,165865.41974652268,0.44660443097429897,1.1131228706065581,-0.152679758003872,0.11763177455760256,-0.016114366641495355,-1.222499172317344,-0.6375017536909693,-0.9483664637200454,0.9326516857561866,-0.9859146183131969
DEP00278,departamento,disponible,alquiler,1200.0,dolar,4,3,Calacoto,La Paz,190.0,-16.543694,-68.089333,7.0909098220799835,7.0909098220799835,5.25227342804663,5.25227342804663,1.6094379124341003,1.6094379124341003,1.3862943611198906,1.3862943611198906,1,0,0,71095.44020000269,215530.76107594935,88304.6800232977,-0.19470113906809491,0.6137811675983271,0.2859237748832662,-0.8037047775075877,-0.016114366641495355,-1.222499172317344,-1.1908548128524579,-0.9483664637200454,0.9099773783228168,-0.9934895282793124
CAS00161,casa,disponible,venta,630000.0,dolar,4,4,La Florida,La Paz,500.0,-16.547213,-68.089127,13.353476685668044,13.353476685668044,6.2166061010848646,6.2166061010848646,1.6094379124341003,1.6094379124341003,1.6094379124341003,1.6094379124341003,1,2,0,293318.67804873566,215530.76107594935,307658.8642004635,0.587768089720085,0.6137811675983271,0.6261311055427021,0.11763177455760256,-0.016114366641495355,0.8280415687087431,0.3741161929354213,-0.9483664637200454,0.9047141271448449,-0.9934047682872996
DEP00279,departamento,disponible,alquiler,2000.0,dolar,2,2,San Miguel,La Paz,180.0,-16.540031,-68.077873,7.601402334583733,7.601402334583733,5.198497031265826,5.198497031265826,1.0986122886681098,1.0986122886681098,1.0986122886681098,1.0986122886681098,1,0,0,71095.44020000269,215530.76107594935,138042.37744274875,-0.2383358482224682,-0.1443097211863738,-0.152679758003872,-0.8037047775075877,-0.016114366641495355,-1.222499172317344,-0.8360038003309732,-0.9483664637200454,0.9154560055080697,-0.9887742394030676
DEP00280,departamento,disponible,venta,66120.0,dolar,1,1,Sopocachi,La Paz,52.0,-16.517508,-68.130859,11.099241675837533,11.099241675837533,3.970291913552122,3.970291913552122,0.6931471805599453,0.6931471805599453,0.6931471805599453,0.6931471805599453,1,2,0,71095.44020000269,215530.76107594935,476606.72866823,-1.2349138322736566,-0.7460403115800028,-0.7708567176005267,-0.8037047775075877,-0.016114366641495355,0.8280415687087431,1.5794659352876712,-0.9483664637200454,0.9491429069804869,-1.0105756614272154
DEP00281,departamento,disponible,alquiler,550.0,dolar,2,2,Sopocachi,La Paz,70.0,-16.510265,-68.125298,6.311734809152915,6.311734809152915,4.2626798770413155,4.2626798770413155,1.0986122886681098,1.0986122886681098,1.0986122886681098,1.0986122886681098,1,0,0,71095.44020000269,215530.76107594935,476606.72866823,-0.9976672982767061,-0.1443097211863738,-0.152679758003872,-0.8037047775075877,-0.016114366641495355,-1.222499172317344,1.5794659352876712,-0.9483664637200454,0.9599760210134615,-1.008287553099048
DEP00282,departamento,disponible,alquiler,900.0,dolar,4,3,Calacoto,La Paz,207.0,-16.541348,-68.082687,6.803505257608338,6.803505257608338,5.337538079701318,5.337538079701318,1.6094379124341003,1.6094379124341003,1.3862943611198906,1.3862943611198906,1,0,0,71095.44020000269,215530.76107594935,88304.6800232977,-0.12551654324501915,0.6137811675983271,0.2859237748832662,-0.8037047775075877,-0.016114366641495355,-1.222499172317344,-1.1908548128524579,-0.9483664637200454,0.913486212441463,-0.9907549898961122
CAS00162,casa,disponible,venta,980000.0,dolar,4,6,San Alberto,La Paz,591.0,-16.532791,-68.091064,13.795308871054397,13.795308871054397,6.3835066348840055,6.3835066348840055,1.6094379124341003,1.6094379124341003,1.9459101490553132,1.9459101490553132,1,2,0,293318.67804873566,215530.76107594935,440202.7221345401,0.7231928612926348,0.6137811675983271,1.1391207070245153,0.11763177455760256,-0.016114366641495355,0.8280415687087431,1.3197434461386917,-0.9483664637200454,0.9262846325408933,-0.9942017590860149
OFI00070,oficina,disponible,alquiler,4576.0,dolar,1,5,Calacoto,La Paz,352.0,-16.540031,-68.084999,8.428799040653642,8.428799040653642,5.8664680569332965,5.8664680569332965,0.6931471805599453,0.6931471805599453,1.791759469228055,1.791759469228055,1,0,0,127588.56880770384,215530.76107594935,88304.6800232977,0.30366255950560017,-0.7460403115800028,0.9041007344799207,-0.5694845184983812,-0.016114366641495355,-1.222499172317344,-1.1908548128524579,-0.9483664637200454,0.9154560055080697,-0.9917062767967952
DEP00283,departamento,disponible,alquiler,450.0,dolar,1,1,Calacoto,La Paz,50.0,-16.538015,-68.080605,6.111467339502679,6.111467339502679,3.9318256327243257,3.9318256327243257,0.6931471805599453,0.6931471805599453,0.6931471805599453,0.6931471805599453,1,0,0,71095.44020000269,215530.76107594935,88304.6800232977,-1.2661257593764128,-0.7460403115800028,-0.7708567176005267,-0.8037047775075877,-0.016114366641495355,-1.222499172317344,-1.1908548128524579,-0.9483664637200454,0.9184712696100238,-0.9898983379379667
CAS00163,casa,disponible,anticretico,105000.0,dolar,3,5,Calacoto,La Paz,380.0,-16.53985,-68.081757,11.561725152903833,11.561725152903833,5.942799375126701,5.942799375126701,1.3862943611198906,1.3862943611198906,1.791759469228055,1.791759469228055,1,1,0,293318.67804873566,215530.76107594935,88304.6800232977,0.3655985587194424,0.2826249270494829,0.9041007344799207,0.11763177455760256,-0.016114366641495355,-0.1972288018043005,-1.1908548128524579,-0.9483664637200454,0.915726721183887,-0.9903723355632188
DEP00284,departamento,disponible,alquiler,220.0,dolar,1,1,Obrajes,La Paz,70.0,-16.529953,-68.115601,5.3981627015177525,5.5254529391317835,4.2626798770413155,4.2626798770413155,0.6931471805599453,0.6931471805599453,0.6931471805599453,0.6931471805599453,1,0,0,71095.44020000269,215530.76107594935,214249.3211053662,-0.9976672982767061,-0.7460403115800028,-0.7708567176005267,-0.8037047775075877,-0.016114366641495355,-1.222499172317344,-0.2923093286751119,-0.9483664637200454,0.9305293346844239,-1.0042976616302033
OFI00071,oficina,disponible,venta,135000.0,dolar,5,1,Sopocachi,La Paz,120.0,-16.51189,-68.124557,11.813037464800539,11.813037464800539,4.795790545596741,4.795790545596741,1.791759469228055,1.791759469228055,0.6931471805599453,0.6931471805599453,1,2,0,127588.56880770384,215530.76107594935,476606.72866823,-0.5650959405428011,0.8843555174431118,-0.7708567176005267,-0.5694845184983812,-0.016114366641495355,0.8280415687087431,1.5794659352876712,-0.9483664637200454,0.957545562597944,-1.0079826640015506
CAS00164,casa,disponible,alquiler,900.0,dolar,3,5,Achumani,La Paz,400.0,-16.530243,-68.070107,6.803505257608338,6.803505257608338,5.993961427306569,5.993961427306569,1.3862943611198906,1.3862943611198906,1.791759469228055,1.791759469228055,1,0,0,293318.67804873566,215530.76107594935,165865.41974652268,0.40711196237326097,0.2826249270494829,0.9041007344799207,0.11763177455760256,-0.016114366641495355,-1.222499172317344,-0.6375017536909693,-0.9483664637200454,0.9300955913364245,-0.9855788699953071
DEP00285,departamento,disponible,alquiler,1500.0,dolar,3,4,Calacoto,La Paz,214.0,-16.539949,-68.087234,7.313886831633462,7.313886831633462,5.3706380281276624,5.3706380281276624,1.3862943611198906,1.3862943611198906,1.6094379124341003,1.6094379124341003,1,0,0,71095.44020000269,215530.76107594935,88304.6800232977,-0.0986589122197314,0.2826249270494829,0.6261311055427021,-0.8037047775075877,-0.016114366641495355,-1.222499172317344,-1.1908548128524579,-0.9483664637200454,0.915578650178882,-0.9926258815645441
TER00037,terreno,disponible,venta,2850000.0,dolar,0,0,Achumani,La Paz,8216.0,-16.51436,-68.058884,14.862829903121964,14.862829903121964,9.013960457931187,9.013960457931187,0.0,0.0,0.0,0.0,1,2,0,687663.6869501647,215530.76107594935,165865.41974652268,2.8575695466722877,-1.7747055502094886,-1.8276372100843195,1.7525844210160881,-0.016114366641495355,0.8280415687087431,-0.6375017536909693,-0.9483664637200454,0.9538512658063606,-0.9809610962555134
OFI00072,oficina,disponible,alquiler,650.0,dolar,2,1,Calacoto,La Paz,80.0,-16.540607,-68.088135,6.478509642208569,6.478509642208569,4.394449154672439,4.394449154672439,1.0986122886681098,1.0986122886681098,0.6931471805599453,0.6931471805599453,1,0,0,127588.56880770384,215530.76107594935,88304.6800232977,-0.8907483812590382,-0.1443097211863738,-0.7708567176005267,-0.5694845184983812,-0.016114366641495355,-1.222499172317344,-1.1908548128524579,-0.9483664637200454,0.9145945014789354,-0.9929966036655469
DEP00286,departamento,disponible,alquiler,400.0,dolar,2,2,Achumani,La Paz,88.0,-16.53166,-68.072212,5.993961427306569,5.993961427306569,4.48863636973214,4.48863636973214,1.0986122886681098,1.0986122886681098,1.0986122886681098,1.0986122886681098,1,0,0,71095.44020000269,215530.76107594935,165865.41974652268,-0.814323927758697,-0.1443097211863738,-0.152679758003872,-0.8037047775075877,-0.016114366641495355,-1.222499172317344,-0.6375017536909693,-0.9483664637200454,0.9279762315980942,-0.9864449854477064
CAS00165,casa,disponible,venta,185000.0,dolar,12,5,Tembladerani,La Paz,435.0,-16.506313,-68.148964,12.128116509451258,12.128116509451258,6.077642243349034,6.077642243349034,2.5649493574615367,2.5649493574615367,1.791759469228055,1.791759469228055,1,2,0,293318.67804873566,215530.76107594935,262660.5446979545,0.47501141805261543,2.031808155486145,0.9041007344799207,0.11763177455760256,-0.016114366641495355,0.8280415687087431,0.05307802539479716,-0.9483664637200454,0.9658868958800003,-1.0180250772303951
DEP00287,departamento,disponible,alquiler,650.0,dolar,2,3,Calacoto,La Paz,160.0,-16.539333,-68.080238,6.478509642208569,6.478509642208569,5.081404364984463,5.081404364984463,1.0986122886681098,1.0986122886681098,1.3862943611198906,1.3862943611198906,1,0,0,71095.44020000269,215530.76107594935,88304.6800232977,-0.33334601519448065,-0.1443097211863738,0.2859237748832662,-0.8037047775075877,-0.016114366641495355,-1.222499172317344,-1.1908548128524579,-0.9483664637200454,0.9164999808767037,-0.989747333486166
DEP00288,departamento,disponible,alquiler,500.0,dolar,2,3,Irpavi,La Paz,120.0,-16.529821,-68.086082,6.2166061010848646,6.2166061010848646,4.795790545596741,4.795790545596741,1.0986122886681098,1.0986122886681098,1.3862943611198906,1.3862943611198906,1,0,0,71095.44020000269,215530.76107594935,145975.06199191516,-0.5650959405428011,-0.1443097211863738,0.2859237748832662,-0.8037047775075877,-0.016114366641495355,-1.222499172317344,-0.7794084754500027,-0.9483664637200454,0.9307267626911008,-0.992151883939292
DEP00289,departamento,disponible,alquiler,1100.0,dolar,3,3,Calacoto,La Paz,187.0,-16.539785,-68.087059,7.00397413672268,7.00397413672268,5.236441962829949,5.236441962829949,1.3862943611198906,1.3862943611198906,1.3862943611198906,1.3862943611198906,1,0,0,71095.44020000269,215530.76107594935,88304.6800232977,-0.20754694915524505,0.2826249270494829,0.2859237748832662,-0.8037047775075877,-0.016114366641495355,-1.222499172317344,-1.1908548128524579,-0.9483664637200454,0.9158239395205119,-0.992553876716958
TER00038,terreno,disponible,venta,398000.0,dolar,0,0,Cota Cota,La Paz,543.0,-16.540401,-68.056198,12.894209796826232,12.894209796826232,6.298949246855942,6.298949246855942,0.0,0.0,0.0,0.0,1,2,0,687663.6869501647,215530.76107594935,359218.9313947517,0.654582146288853,-1.7747055502094886,-1.8276372100843195,1.7525844210160881,-0.016114366641495355,0.8280415687087431,0.7419688077292422,-0.9483664637200454,0.9149026088226903,-0.9798559247091219
DEP00290,departamento,disponible,alquiler,900.0,dolar,2,3,La Florida,La Paz,135.0,-16.546101,-68.089897,6.803505257608338,6.803505257608338,4.912654885736052,4.912654885736052,1.0986122886681098,1.0986122886681098,1.3862943611198906,1.3862943611198906,1,0,0,71095.44020000269,215530.76107594935,307658.8642004635,-0.47027103969862877,-0.1443097211863738,0.2859237748832662,-0.8037047775075877,-0.016114366641495355,-1.222499172317344,0.3741161929354213,-0.9483664637200454,0.9063773085344154,-0.9937215896166761
OFI00073,oficina,disponible,alquiler,1600.0,dolar,10,4,Calacoto,La Paz,350.0,-16.54213,-68.085213,7.3783837129967145,7.3783837129967145,5.860786223465865,5.860786223465865,2.3978952727983707,2.3978952727983707,1.6094379124341003,1.6094379124341003,1,0,0,127588.56880770384,215530.76107594935,88304.6800232977,0.29905226269033564,1.783891501298435,0.6261311055427021,-0.5694845184983812,-0.016114366641495355,-1.222499172317344,-1.1908548128524579,-0.9483664637200454,0.9123166010685791,-0.9917943284389868
DEP00291,departamento,disponible,alquiler,450.0,dolar,2,1,Achumani,La Paz,52.0,-16.536377,-68.079185,6.111467339502679,6.111467339502679,3.970291913552122,3.970291913552122,1.0986122886681098,1.0986122886681098,0.6931471805599453,0.6931471805599453,1,0,0,71095.44020000269,215530.76107594935,165865.41974652268,-1.2349138322736566,-0.1443097211863738,-0.7708567176005267,-0.8037047775075877,-0.016114366641495355,-1.222499172317344,-0.6375017536909693,-0.9483664637200454,0.9209211716928641,-0.9893140700318309
CAS00166,casa,vendido,venta,320000.0,dolar,4,5,Achumani,La Paz,380.0,-16.535652,-68.072876,12.676079399771027,12.676079399771027,5.942799375126701,5.942799375126701,1.6094379124341003,1.6094379124341003,1.791759469228055,1.791759469228055,2,2,0,293318.67804873566,215530.76107594935,165865.41974652268,0.3655985587194424,0.6137811675983271,0.9041007344799207,0.11763177455760256,6.880834555918761,0.8280415687087431,-0.6375017536909693,-0.9483664637200454,0.922005530062868,-0.9867181924122639
CAS00167,casa,disponible,alquiler,1200.0,dolar,3,6,Achumani,La Paz,400.0,-16.526014,-68.074562,7.0909098220799835,7.0909098220799835,5.993961427306569,5.993961427306569,1.3862943611198906,1.3862943611198906,1.9459101490553132,1.9459101490553132,1,0,0,293318.67804873566,215530.76107594935,165865.41974652268,0.40711196237326097,0.2826249270494829,1.1391207070245153,0.11763177455760256,-0.016114366641495355,-1.222499172317344,-0.6375017536909693,-0.9483664637200454,0.9364207658836345,-0.9874119076867298
DEP00292,departamento,disponible,alquiler,500.0,dolar,2,3,Calacoto,La Paz,108.0,-16.541471,-68.083755,6.2166061010848646,6.2166061010848646,4.6913478822291435,4.6913478822291435,1.0986122886681098,1.0986122886681098,1.3862943611198906,1.3862943611198906,1,0,0,71095.44020000269,215530.76107594935,88304.6800232977,-0.649841767934867,-0.1443097211863738,0.2859237748832662,-0.8037047775075877,-0.016114366641495355,-1.222499172317344,-1.1908548128524579,-0.9483664637200454,0.9133022454352393,-0.9911944251945224
DEP00293,departamento,disponible,alquiler,300.0,dolar,1,1,Irpavi,La Paz,40.0,-16.520859,-68.085884,5.707110264748875,5.707110264748875,3.713572066704308,3.713572066704308,0.6931471805599453,0.6931471805599453,0.6931471805599453,0.6931471805599453,1,0,0,71095.44020000269,215530.76107594935,145975.06199191516,-1.4432188977286609,-0.7460403115800028,-0.7708567176005267,-0.8037047775075877,-0.016114366641495355,-1.222499172317344,-0.7794084754500027,-0.9483664637200454,0.9441309278110093,-0.9920704155974464
CAS00168,casa,disponible,venta,550000.0,dolar,4,4,Achumani,La Paz,320.0,-16.532915,-68.074249,13.217675375388819,13.217675375388819,5.771441123130016,5.771441123130016,1.6094379124341003,1.6094379124341003,1.6094379124341003,1.6094379124341003,1,2,0,293318.67804873566,215530.76107594935,165865.41974652268,0.22655674977202245,0.6137811675983271,0.6261311055427021,0.11763177455760256,-0.016114366641495355,0.8280415687087431,-0.6375017536909693,-0.9483664637200454,0.926099169867956,-0.9872831218736154
DEP00294,departamento,disponible,alquiler,270.0,dolar,1,1,Auquisamaña,La Paz,40.0,-16.547724,-68.068626,5.602118820879701,5.602118820879701,3.713572066704308,3.713572066704308,0.6931471805599453,0.6931471805599453,0.6931471805599453,0.6931471805599453,1,0,0,71095.44020000269,215530.76107594935,340279.9913660373,-1.4432188977286609,-0.7460403115800028,-0.7708567176005267,-0.8037047775075877,-0.016114366641495355,-1.222499172317344,0.60684992619765,-0.9483664637200454,0.9039498414523355,-0.9849695032565888
DEP00295,departamento,disponible,alquiler,1000.0,dolar,1,2,Calacoto,La Paz,80.0,-16.540319,-68.084953,6.90875477931522,6.90875477931522,4.394449154672439,4.394449154672439,0.6931471805599453,0.6931471805599453,1.0986122886681098,1.0986122886681098,1,0,0,71095.44020000269,215530.76107594935,88304.6800232977,-0.8907483812590382,-0.7460403115800028,-0.152679758003872,-0.8037047775075877,-0.016114366641495355,-1.222499172317344,-1.1908548128524579,-0.9483664637200454,0.9150252534935025,-0.9916873498082878
DEP00296,departamento,disponible,alquiler,350.0,dolar,2,3,Irpavi,La Paz,108.0,-16.50292,-68.081116,5.860786223465865,5.860786223465865,4.6913478822291435,4.6913478822291435,1.0986122886681098,1.0986122886681098,1.3862943611198906,1.3862943611198906,1,0,0,71095.44020000269,215530.76107594935,145975.06199191516,-0.649841767934867,-0.1443097211863738,0.2859237748832662,-0.8037047775075877,-0.016114366641495355,-1.222499172317344,-0.7794084754500027,-0.9483664637200454,0.9709616930515974,-0.990108592092915
TER00039,terreno,disponible,venta,300000.0,dolar,0,0,Río Abajo,La Paz,2000.0,-16.629614,-68.051079,12.611541086966115,12.611541086966115,7.601402334583733,7.601402334583733,0.0,0.0,0.0,0.0,1,2,0,687663.6869501647,215530.76107594935,286386.1732485499,1.7114056798898358,-1.7747055502094886,-1.8276372100843195,1.7525844210160881,-0.016114366641495355,0.8280415687087431,0.2223472869548421,-0.9483664637200454,0.7814696939774728,-0.9777496800531474
CAS00169,casa,disponible,alquiler,1600.0,dolar,9,3,Obrajes,La Paz,250.0,-16.529089,-68.102806,7.3783837129967145,7.3783837129967145,5.5254529391317835,5.5254529391317835,2.302585092994046,2.302585092994046,1.3862943611198906,1.3862943611198906,1,0,0,293318.67804873566,215530.76107594935,214249.3211053662,0.026959463476953424,1.6424464062278135,0.2859237748832662,0.11763177455760256,-0.016114366641495355,-1.222499172317344,-0.2923093286751119,-0.9483664637200454,0.9318215907281201,-0.9990330786309415
DEP00297,departamento,disponible,alquiler,350.0,dolar,2,2,Calacoto,La Paz,90.0,-16.539291,-68.078735,5.860786223465865,5.860786223465865,4.51085950651685,4.51085950651685,1.0986122886681098,1.0986122886681098,1.0986122886681098,1.0986122886681098,1,0,0,71095.44020000269,215530.76107594935,88304.6800232977,-0.7962918510829159,-0.1443097211863738,-0.152679758003872,-0.8037047775075877,-0.016114366641495355,-1.222499172317344,-1.1908548128524579,-0.9483664637200454,0.9165627988788286,-0.989128914709465
OFI00074,oficina,disponible,venta,214500.0,dolar,5,3,Calacoto,La Paz,143.0,-16.538591,-68.07663,12.276069679344003,12.276069679344003,4.969813299576001,4.969813299576001,1.791759469228055,1.791759469228055,1.3862943611198906,1.3862943611198906,1,2,0,127588.56880770384,215530.76107594935,88304.6800232977,-0.42389212789095354,0.8843555174431118,0.2859237748832662,-0.5694845184983812,-0.016114366641495355,0.8280415687087431,-1.1908548128524579,-0.9483664637200454,0.9176097655808948,-0.9882627992570656
DEP00298,departamento,disponible,alquiler,450.0,dolar,2,3,Achumani,La Paz,120.0,-16.524544,-68.068283,6.111467339502679,6.111467339502679,4.795790545596741,4.795790545596741,1.0986122886681098,1.0986122886681098,1.3862943611198906,1.3862943611198906,1,0,0,71095.44020000269,215530.76107594935,165865.41974652268,-0.5650959405428011,-0.1443097211863738,0.2859237748832662,-0.8037047775075877,-0.016114366641495355,-1.222499172317344,-0.6375017536909693,-0.9483664637200454,0.9386193959579805,-0.9848283737553187
TER00040,terreno,disponible,venta,430000.0,dolar,0,0,Irpavi,La Paz,1272.0,-16.511211,-68.085045,12.971542813248437,12.971542813248437,7.149131598557407,7.149131598557407,0.0,0.0,0.0,0.0,1,2,0,687663.6869501647,215530.76107594935,145975.06199191516,1.344428656382979,-1.7747055502094886,-1.8276372100843195,1.7525844210160881,-0.016114366641495355,0.8280415687087431,-0.7794084754500027,-0.9483664637200454,0.958561120298953,-0.9917252037853027
CAS00170,casa,disponible,alquiler,1600.0,dolar,3,2,Calacoto,La Paz,250.0,-16.539703,-68.080276,7.3783837129967145,7.3783837129967145,5.5254529391317835,5.5254529391317835,1.3862943611198906,1.3862943611198906,1.0986122886681098,1.0986122886681098,1,0,0,293318.67804873566,215530.76107594935,88304.6800232977,0.026959463476953424,0.2826249270494829,-0.152679758003872,0.11763177455760256,-0.016114366641495355,-1.222499172317344,-1.1908548128524579,-0.9483664637200454,0.9159465841913242,-0.9897629688245005
OFI00075,oficina,disponible,alquiler,2000.0,dolar,3,3,Calacoto,La Paz,250.0,-16.540155,-68.086929,7.601402334583733,7.601402334583733,5.5254529391317835,5.5254529391317835,1.3862943611198906,1.3862943611198906,1.3862943611198906,1.3862943611198906,1,0,0,127588.56880770384,215530.76107594935,88304.6800232977,0.026959463476953424,0.2826249270494829,0.2859237748832662,-0.5694845184983812,-0.016114366641495355,-1.222499172317344,-1.1908548128524579,-0.9483664637200454,0.9152705428351324,-0.9925003874016085
DEP00299,departamento,disponible,alquiler,800.0,dolar,3,4,Calacoto,La Paz,320.0,-16.539537,-68.081635,6.68586094706836,6.68586094706836,5.771441123130016,5.771441123130016,1.3862943611198906,1.3862943611198906,1.6094379124341003,1.6094379124341003,1,0,0,71095.44020000269,215530.76107594935,88304.6800232977,0.22655674977202245,0.2826249270494829,0.6261311055427021,-0.8037047775075877,-0.016114366641495355,-1.222499172317344,-1.1908548128524579,-0.9483664637200454,0.9161948648663863,-0.990322137898048
DEP00300,departamento,disponible,alquiler,900.0,dolar,3,3,Calacoto,La Paz,175.0,-16.541143,-68.084656,6.803505257608338,6.803505257608338,5.170483995038151,5.170483995038151,1.3862943611198906,1.3862943611198906,1.3862943611198906,1.3862943611198906,1,0,0,71095.44020000269,215530.76107594935,88304.6800232977,-0.2610659075328353,0.2826249270494829,0.2859237748832662,-0.8037047775075877,-0.016114366641495355,-1.222499172317344,-1.1908548128524579,-0.9483664637200454,0.9137928241184937,-0.9915651472955251
LOC00026,local comercial,disponible,alquiler,500.0,dolar,1,1,Irpavi,La Paz,34.0,-16.519964,-68.08567,6.2166061010848646,6.2166061010848646,3.5553480614894135,3.5553480614894135,0.6931471805599453,0.6931471805599453,0.6931471805599453,0.6931471805599453,1,0,0,225639.55594352554,215530.76107594935,145975.06199191516,-1.5716034467517828,-0.7460403115800028,-0.7708567176005267,-0.16296556355542782,-0.016114366641495355,-1.222499172317344,-0.7794084754500027,-0.9483664637200454,0.9454695495229397,-0.9919823639552549
CAS00171,casa,disponible,alquiler,3000.0,dolar,5,6,Aranjuez,La Paz,619.0,-16.550522,-68.091805,8.006700845440367,8.006700845440367,6.429719478039138,6.429719478039138,1.791759469228055,1.791759469228055,1.9459101490553132,1.9459101490553132,1,0,0,293318.67804873566,215530.76107594935,254486.02420655577,0.7606904269716851,0.8843555174431118,1.1391207070245153,0.11763177455760256,-0.016114366641495355,-1.222499172317344,-0.0052426654242366715,-0.9483664637200454,0.8997649659774922,-0.9945066481835065
DEP00301,departamento,disponible,alquiler,1350.0,dolar,3,3,San Miguel,La Paz,180.0,-16.540813,-68.080063,7.208600337960199,7.208600337960199,5.198497031265826,5.198497031265826,1.3862943611198906,1.3862943611198906,1.3862943611198906,1.3862943611198906,1,0,0,71095.44020000269,215530.76107594935,138042.37744274875,-0.2383358482224682,0.2826249270494829,0.2859237748832662,-0.8037047775075877,-0.016114366641495355,-1.222499172317344,-0.8360038003309732,-0.9483664637200454,0.9142863941351859,-0.9896753286385799
CAS00172,casa,disponible,venta,120000.0,dolar,3,3,Achumani,La Paz,132.0,-16.506294,-68.046745,11.695255355062795,11.695255355062795,4.890349128221754,4.890349128221754,1.3862943611198906,1.3862943611198906,1.3862943611198906,1.3862943611198906,1,2,0,293318.67804873566,215530.76107594935,165865.41974652268,-0.48837015566527964,0.2826249270494829,0.2859237748832662,0.11763177455760256,-0.016114366641495355,0.8280415687087431,-0.6375017536909693,-0.9483664637200454,0.9659153135476252,-0.9759664285706304
DEP00302,departamento,disponible,alquiler,1200.0,dolar,3,4,Calacoto,La Paz,190.0,-16.543528,-68.091698,7.0909098220799835,7.0909098220799835,5.25227342804663,5.25227342804663,1.3862943611198906,1.3862943611198906,1.6094379124341003,1.6094379124341003,1,0,0,71095.44020000269,215530.76107594935,88304.6800232977,-0.19470113906809491,0.2826249270494829,0.6261311055427021,-0.8037047775075877,-0.016114366641495355,-1.222499172317344,-1.1908548128524579,-0.9483664637200454,0.910225658997879,-0.9944626223624108
CAS00173,casa,disponible,venta,750000.0,dolar,6,8,Río Abajo,La Paz,750.0,-16.642443,-68.045029,13.527829818844937,13.527829818844937,6.621405651764134,6.621405651764134,1.9459101490553132,1.9459101490553132,2.1972245773362196,2.1972245773362196,1,2,0,293318.67804873566,215530.76107594935,286386.1732485499,0.9162265160387497,1.1131228706065581,1.5222776940765754,0.11763177455760256,-0.016114366641495355,0.8280415687087431,0.2223472869548421,-0.9483664637200454,0.7622817856619888,-0.9752603696080087
DEP00303,departamento,disponible,venta,199100.0,dolar,4,6,Los Pinos,La Paz,257.0,-16.540379,-68.074127,12.201567512641383,12.201567512641383,5.552959584921617,5.552959584921617,1.6094379124341003,1.6094379124341003,1.9459101490553132,1.9459101490553132,1,2,0,71095.44020000269,215530.76107594935,208233.91537402666,0.04927863249350252,0.6137811675983271,1.1391207070245153,-0.8037047775075877,-0.016114366641495355,0.8280415687087431,-0.3352259276582124,-0.9483664637200454,0.9149355134904662,-0.9872329242084448
CAS00174,casa,disponible,venta,430000.0,dolar,5,5,Entre 5to y 6to anillo Norte,Santa Cruz de la Sierra,571.0,-17.731726,-63.173225,12.971542813248437,12.971542813248437,6.349138991379798,6.349138991379798,1.791759469228055,1.791759469228055,1.791759469228055,1.791759469228055,1,2,0,293318.67804873566,338544.4936065574,371269.9043009016,0.6953066097324969,0.8843555174431118,0.9041007344799207,0.11763177455760256,-0.016114366641495355,0.8280415687087431,0.8279458464641297,0.8986208764902223,-0.8669225430943731,1.0292739417746744
OFI00076,oficina,disponible,alquiler,9000.0,dolar,10,6,Sirari,Santa Cruz de la Sierra,545.0,-17.760134,-63.200851,9.105090961257085,9.105090961257085,6.302618975744905,6.302618975744905,2.3978952727983707,2.3978952727983707,1.9459101490553132,1.9459101490553132,1,0,0,127588.56880770384,338544.4936065574,216778.5354302577,0.6575598012142655,1.783891501298435,1.1391207070245153,-0.5694845184983812,-0.016114366641495355,-1.222499172317344,-0.27426478076404176,0.8986208764902223,-0.9094114431977574,1.0179070508065127
TER00041,terreno,disponible,venta,77330.0,dolar,0,0,Urubó,Santa Cruz de la Sierra,703.0,-17.705027,-63.220688,11.255850189111348,11.255850189111348,6.556778356158042,6.556778356158042,0.0,0.0,0.0,0.0,1,2,0,687663.6869501647,338544.4936065574,363867.0815300617,0.8637872784546471,-1.7747055502094886,-1.8276372100843195,1.7525844210160881,-0.016114366641495355,0.8280415687087431,0.7751307928520517,0.8986208764902223,-0.8269897374107614,1.0097449927403623
DEP00304,departamento,disponible,alquiler,420.0,dolar,1,1,Entre 2do y 3er anillo Norte,Santa Cruz de la Sierra,466.0,-17.762671,-63.174702,6.042632833682381,6.042632833682381,6.1463292576688975,6.1463292576688975,0.6931471805599453,0.6931471805599453,0.6931471805599453,0.6931471805599453,1,0,0,71095.44020000269,338544.4936065574,401212.6233841972,0.5307447522279423,-0.7460403115800028,-0.7708567176005267,-0.8037047775075877,-0.016114366641495355,-1.222499172317344,1.0415706167213592,0.8986208764902223,-0.9132059496593979,1.0286662208610426
TER00042,terreno,disponible,venta,1262940.0,dolar,0,0,Las Palmas,Santa Cruz de la Sierra,1052.0,-17.804317,-63.211163,14.048953686068883,14.048953686068883,6.959398512133975,6.959398512133975,0.0,0.0,0.0,0.0,1,2,0,687663.6869501647,338544.4936065574,347140.37653496256,1.1904773219937759,-1.7747055502094886,-1.8276372100843195,1.7525844210160881,-0.016114366641495355,0.8280415687087431,0.6557949869822386,0.8986208764902223,-0.9754944857656144,1.0136641137304365
CAS00175,casa,disponible,venta,86000.0,dolar,3,2,Distrito 12,Santa Cruz de la Sierra,85.0,-17.851448,-63.152946,11.362114203075018,11.362114203075018,4.454347296253507,4.454347296253507,1.3862943611198906,1.3862943611198906,1.0986122886681098,1.0986122886681098,1,2,0,293318.67804873566,338544.4936065574,270627.0917822349,-0.8421464268099377,0.2826249270494829,-0.152679758003872,0.11763177455760256,-0.016114366641495355,0.8280415687087431,0.10991494076940084,0.8986208764902223,-1.0459867538158976,1.0376178635130147
DEP00305,departamento,disponible,venta,152000.0,dolar,3,4,Entre 4to y 5to anillo Norte,Santa Cruz de la Sierra,158.0,-17.746948,-63.169838,11.931642378754141,11.931642378754141,5.0689042022202315,5.0689042022202315,1.3862943611198906,1.3862943611198906,1.6094379124341003,1.6094379124341003,1,2,0,71095.44020000269,338544.4936065574,326892.80690165295,-0.34348877297021685,0.2826249270494829,0.6261311055427021,-0.8037047775075877,-0.016114366641495355,0.8280415687087431,0.5113397556737347,0.8986208764902223,-0.8896895818642168,1.0306675441676811
DEP00306,departamento,disponible,venta,20000.0,dolar,1,1,Entre 1er y 2do anillo Norte,Santa Cruz de la Sierra,55.0,-17.773169,-63.182587,9.90353755128617,9.90353755128617,4.02535169073515,4.02535169073515,0.6931471805599453,0.6931471805599453,0.6931471805599453,0.6931471805599453,1,2,0,71095.44020000269,338544.4936065574,204581.96379801774,-1.1902377753545061,-0.7460403115800028,-0.7708567176005267,-0.8037047775075877,-0.016114366641495355,0.8280415687087431,-0.36128058602925733,0.8986208764902223,-0.9289074588569909,1.0254218881569268
CAS00176,casa,disponible,alquiler,1900.0,dolar,4,6,Entre 5to y 6to anillo Norte,Santa Cruz de la Sierra,280.0,-17.738699,-63.163666,7.550135342488429,7.550135342488429,5.638354669333745,5.638354669333745,1.6094379124341003,1.6094379124341003,1.9459101490553132,1.9459101490553132,1,0,0,293318.67804873566,338544.4936065574,371269.9043009016,0.1185690627676721,0.6137811675983271,1.1391207070245153,0.11763177455760256,-0.016114366641495355,-1.222499172317344,0.8279458464641297,0.8986208764902223,-0.8773518271136973,1.0332070522779937
TER00043,terreno,disponible,venta,730000.0,dolar,0,0,Entre 1er y 2do anillo Este,Santa Cruz de la Sierra,22640.0,-17.781113,-63.168037,13.500801182986649,13.500801182986649,10.027517700952979,10.027517700952979,0.0,0.0,0.0,0.0,1,2,0,687663.6869501647,338544.4936065574,284036.80966702325,3.6799800865757617,-1.7747055502094886,-1.8276372100843195,1.7525844210160881,-0.016114366641495355,0.8280415687087431,0.20558587480792967,0.8986208764902223,-0.9407890352587559,1.0314085769134158
DEP00307,departamento,disponible,alquiler,470.0,dolar,3,2,Entre 7mo y 8vo anillo Norte,Santa Cruz de la Sierra,84.0,-17.715485,-63.175678,6.154858094016418,6.154858094016418,4.442651256490317,4.442651256490317,1.3862943611198906,1.3862943611198906,1.0986122886681098,1.0986122886681098,1,0,0,71095.44020000269,338544.4936065574,299803.402354987,-0.851636711095905,0.2826249270494829,-0.152679758003872,-0.8037047775075877,-0.016114366641495355,-1.222499172317344,0.3180718094131331,0.8986208764902223,-0.842631419939667,1.0282646395396475
CAS00177,casa,disponible,venta,150000.0,dolar,7,3,Entre 5to y 6to anillo Este,Santa Cruz de la Sierra,283.0,-17.773026,-63.126495,11.918397239722838,11.918397239722838,5.648974238161206,5.648974238161206,2.0794415416798357,2.0794415416798357,1.3862943611198906,1.3862943611198906,1,2,0,293318.67804873566,338544.4936065574,254966.55077703058,0.12718588771077638,1.3112901656789684,0.2859237748832662,0.11763177455760256,-0.016114366641495355,0.8280415687087431,-0.001814373627001579,0.8986208764902223,-0.9286935785164288,1.0485012933616675
CAS00178,casa,disponible,alquiler,730.0,dolar,3,4,Urubó,Santa Cruz de la Sierra,280.0,-17.7624,-63.236736,6.594413459749778,6.594413459749778,5.638354669333745,5.638354669333745,1.3862943611198906,1.3862943611198906,1.6094379124341003,1.6094379124341003,1,0,0,293318.67804873566,338544.4936065574,363867.0815300617,0.1185690627676721,0.2826249270494829,0.6261311055427021,0.11763177455760256,-0.016114366641495355,-1.222499172317344,0.7751307928520517,0.8986208764902223,-0.9128006239790235,1.0031419424885326
QUI00001,quinta propiedad agricola,disponible,venta,750000.0,dolar,9,12,Doble vía La Guardia,Santa Cruz de la Sierra,741.0,-17.958361,-63.248222,13.527829818844937,13.527829818844937,6.60934924316738,6.60934924316738,2.302585092994046,2.302585092994046,2.5649493574615367,2.5649493574615367,1,2,0,1140720.0707306254,338544.4936065574,262142.00621492576,0.9064438248571525,1.6424464062278135,2.0829152976594116,3.6309541656219544,-0.016114366641495355,0.8280415687087431,0.0493785395866314,0.8986208764902223,-1.2058929695562763,0.9984159557492186
TER00044,terreno,disponible,alquiler,1400.0,dolar,0,0,Pampa de la isla,Santa Cruz de la Sierra,7812.0,-17.743946,-63.064587,7.244941546337007,7.244941546337007,8.963544291996744,8.963544291996744,0.0,0.0,0.0,0.0,1,0,0,687663.6869501647,338544.4936065574,227163.6946854984,2.8166613626190684,-1.7747055502094886,-1.8276372100843195,1.7525844210160881,-0.016114366641495355,-1.222499172317344,-0.20017240278681248,0.8986208764902223,-0.8851995903790615,1.0739737282439146
CAS00179,casa,disponible,venta,3300000.0,dolar,7,15,Urubó,Santa Cruz de la Sierra,2100.0,-17.749241,-63.226395,15.009433329466965,15.009433329466965,7.650168700845001,7.650168700845001,2.0794415416798357,2.0794415416798357,2.772588722239781,2.772588722239781,1,2,0,293318.67804873566,338544.4936065574,363867.0815300617,1.7509751998969036,1.3112901656789684,2.3994847598508517,0.11763177455760256,-0.016114366641495355,0.8280415687087431,0.7751307928520517,0.8986208764902223,-0.8931191456468527,1.0073968117964966
CAS00180,casa,disponible,venta,245000.0,dolar,4,4,Carretera Norte,Santa Cruz de la Sierra,220.0,-17.703096,-63.188641,12.409017571151187,12.409017571151187,5.3981627015177525,5.3981627015177525,1.6094379124341003,1.6094379124341003,1.6094379124341003,1.6094379124341003,1,2,0,293318.67804873566,338544.4936065574,241093.2232523852,-0.07632511542703853,0.6137811675983271,0.6261311055427021,0.11763177455760256,-0.016114366641495355,0.8280415687087431,-0.10079290650209513,0.8986208764902223,-0.8241016049797654,1.0229309318867017
TER00045,terreno,disponible,venta,235000.0,dolar,0,0,Carretera Norte,Santa Cruz de la Sierra,2950.0,-17.659477,-63.158669,12.367345048436391,12.367345048436391,7.989899374942939,7.989899374942939,0.0,0.0,0.0,0.0,1,2,0,687663.6869501647,338544.4936065574,241093.2232523852,2.026636085387364,-1.7747055502094886,-1.8276372100843195,1.7525844210160881,-0.016114366641495355,0.8280415687087431,-0.10079290650209513,0.8986208764902223,-0.7588621184404333,1.0352630992687943
DEP00308,departamento,disponible,alquiler,245.0,dolar,1,1,Equipetrol,Santa Cruz de la Sierra,40.0,-17.760124,-63.192829,5.5053315359323625,5.5254529391317835,3.713572066704308,3.713572066704308,0.6931471805599453,0.6931471805599453,0.6931471805599453,0.6931471805599453,1,0,0,71095.44020000269,338544.4936065574,109656.35558668687,-1.4432188977286609,-0.7460403115800028,-0.7708567176005267,-0.8037047775075877,-0.016114366641495355,-1.222499172317344,-1.0385223952738374,0.8986208764902223,-0.9093964865305855,1.0212077530198829
CAS00181,casa,disponible,venta,1100000.0,dolar,4,7,Entre 5to y 6to anillo Oeste,Santa Cruz de la Sierra,522.0,-17.811621,-63.229332,13.910821646859095,13.910821646859095,6.259581464064923,6.259581464064923,1.6094379124341003,1.6094379124341003,2.0794415416798357,2.0794415416798357,1,2,0,293318.67804873566,338544.4936065574,334089.19898291264,0.6226387314271148,0.6137811675983271,1.3427042673670588,0.11763177455760256,-0.016114366641495355,0.8280415687087431,0.5626820402793331,0.8986208764902223,-0.9864188354683389,1.0061883647258558
CAS00182,casa,disponible,venta,393000.0,dolar,3,3,Barrio Urbari,Santa Cruz de la Sierra,258.0,-17.793818,-63.199139,12.881567435377423,12.881567435377423,5.556828061699537,5.556828061699537,1.3862943611198906,1.3862943611198906,1.3862943611198906,1.3862943611198906,1,2,0,293318.67804873566,338544.4936065574,236906.37987131116,0.05241755345473811,0.2826249270494829,0.2859237748832662,0.11763177455760256,-0.016114366641495355,0.8280415687087431,-0.13066372260589781,0.8986208764902223,-0.9597914809013026,1.0186114639440451
CAS00183,casa,disponible,alquiler,1630.0,dolar,3,4,Entre 4to y 5to anillo Norte,Santa Cruz de la Sierra,260.0,-17.738976,-63.178055,7.396948602621014,7.396948602621014,5.564520407322694,5.564520407322694,1.3862943611198906,1.3862943611198906,1.6094379124341003,1.6094379124341003,1,0,0,293318.67804873566,338544.4936065574,326892.80690165295,0.05865920005202667,0.2826249270494829,0.6261311055427021,0.11763177455760256,-0.016114366641495355,-1.222499172317344,0.5113397556737347,0.8986208764902223,-0.8777661267943738,1.027286607981284
PAR00003,parqueo,disponible,venta,11490.0,dolar,0,0,Centro,Santa Cruz de la Sierra,10.0,-17.78685,-63.181389,9.349319399257634,9.349319399257634,2.3978952727983707,3.4011973816621555,0.0,0.0,0.0,0.0,1,2,0,218605.7220172926,338544.4936065574,288595.4885427981,-1.6966828585916696,-1.7747055502094886,-1.8276372100843195,-0.1921278076129368,-0.016114366641495355,0.8280415687087431,0.2381095318881303,0.8986208764902223,-0.9493696752155669,1.0259148127706894
CAS00184,casa,disponible,venta,290000.0,dolar,3,5,El Remanso,Santa Cruz de la Sierra,372.0,-17.715965,-63.167782,12.577639650232573,12.577639650232573,5.921578419643816,5.921578419643816,1.3862943611198906,1.3862943611198906,1.791759469228055,1.791759469228055,1,2,0,293318.67804873566,338544.4936065574,267866.7550229507,0.3483796620304746,0.2826249270494829,0.9041007344799207,0.11763177455760256,-0.016114366641495355,0.8280415687087431,0.09022146188412354,0.8986208764902223,-0.843349339963942,1.0315134982627545
TER00046,terreno,disponible,venta,335000.0,dolar,0,0,Urubó,Santa Cruz de la Sierra,859.0,-17.748831,-63.226093,12.721888795877375,12.721888795877375,6.756932389247553,6.756932389247553,0.0,0.0,0.0,0.0,1,2,0,687663.6869501647,338544.4936065574,363867.0815300617,1.0261942737677512,-1.7747055502094886,-1.8276372100843195,1.7525844210160881,-0.016114366641495355,0.8280415687087431,0.7751307928520517,0.8986208764902223,-0.8925059222927806,1.0075210715906167
CAS00185,casa,disponible,venta,45300.0,dolar,3,2,Pampa de la isla,Santa Cruz de la Sierra,164.0,-17.74964,-63.093498,10.721084386282662,10.721084386282662,5.10594547390058,5.10594547390058,1.3862943611198906,1.3862943611198906,1.0986122886681098,1.0986122886681098,1,2,0,293318.67804873566,338544.4936065574,227163.6946854984,-0.3134331126204127,0.2826249270494829,-0.152679758003872,0.11763177455760256,-0.016114366641495355,0.8280415687087431,-0.20017240278681248,0.8986208764902223,-0.8937159166670289,1.0620781159663328
DEP00309,departamento,disponible,alquiler,1100.0,dolar,3,4,Entre 5to y 6to anillo Norte,Santa Cruz de la Sierra,215.0,-17.732662,-63.169952,7.00397413672268,7.00397413672268,5.375278407684165,5.375278407684165,1.3862943611198906,1.3862943611198906,1.6094379124341003,1.6094379124341003,1,0,0,71095.44020000269,338544.4936065574,371269.9043009016,-0.09489366158125462,0.2826249270494829,0.6261311055427021,-0.8037047775075877,-0.016114366641495355,-1.222499172317344,0.8279458464641297,0.8986208764902223,-0.868322487141715,1.0306206381526806
DEP00310,departamento,disponible,alquiler,390.0,dolar,2,2,Sirari,Santa Cruz de la Sierra,65.0,-17.763468,-63.19944,5.968707559985366,5.968707559985366,4.189654742026425,4.189654742026425,1.0986122886681098,1.0986122886681098,1.0986122886681098,1.0986122886681098,1,0,0,71095.44020000269,338544.4936065574,216778.5354302577,-1.0569206272106189,-0.1443097211863738,-0.152679758003872,-0.8037047775075877,-0.016114366641495355,-1.222499172317344,-0.27426478076404176,0.8986208764902223,-0.914397996033037,1.018487615606196
DEP00311,departamento,disponible,alquiler,950.0,dolar,2,3,Entre 2do y 3er anillo Norte,Santa Cruz de la Sierra,173.0,-17.764996,-63.173496,6.85751406254539,6.85751406254539,5.159055299214529,5.159055299214529,1.0986122886681098,1.0986122886681098,1.3862943611198906,1.3862943611198906,1,0,0,71095.44020000269,338544.4936065574,401212.6233841972,-0.27033926625767224,-0.1443097211863738,0.2859237748832662,-0.8037047775075877,-0.016114366641495355,-1.222499172317344,1.0415706167213592,0.8986208764902223,-0.9166833747769817,1.029162437124984
TER00047,terreno,disponible,venta,750000.0,dolar,0,0,Entre 8vo y 9no anillo Norte,Santa Cruz de la Sierra,6991.0,-17.717129,-63.145489,13.527829818844937,13.527829818844937,8.852521917335372,8.852521917335372,0.0,0.0,0.0,0.0,1,2,0,687663.6869501647,338544.4936065574,261562.36069303774,2.7265766913138663,-1.7747055502094886,-1.8276372100843195,1.7525844210160881,-0.016114366641495355,0.8280415687087431,0.04524308879141491,0.8986208764902223,-0.8450902960228094,1.0406860929327504
CAS00186,casa,disponible,venta,1300000.0,dolar,4,7,Entre 2do y 3er anillo Norte,Santa Cruz de la Sierra,583.0,-17.765802,-63.179924,14.077875591662238,14.077875591662238,6.369900982828227,6.369900982828227,1.6094379124341003,1.6094379124341003,2.0794415416798357,2.0794415416798357,1,2,0,293318.67804873566,338544.4936065574,401212.6233841972,0.7121530983883004,0.6137811675983271,1.3427042673670588,0.11763177455760256,-0.016114366641495355,0.8280415687087431,1.0415706167213592,0.8986208764902223,-0.917888882151079,1.026517596209059
CAS00187,casa,disponible,alquiler,2100.0,dolar,4,5,Entre 3er y 4to anillo Oeste,Santa Cruz de la Sierra,470.0,-17.802969,-63.213242,7.650168700845001,7.650168700845001,6.154858094016418,6.154858094016418,1.6094379124341003,1.6094379124341003,1.791759469228055,1.791759469228055,1,0,0,293318.67804873566,338544.4936065574,227097.1951425342,0.5376651358112123,0.6137811675983271,0.9041007344799207,0.11763177455760256,-0.016114366641495355,-1.222499172317344,-0.20064684031362548,0.8986208764902223,-0.9734783270307733,1.0128086961411065
TER00048,terreno,disponible,venta,99000.0,dolar,0,0,Urubó,Santa Cruz de la Sierra,625.0,-17.765997,-63.24498,11.502885230075814,11.502885230075814,6.439350371100098,6.439350371100098,0.0,0.0,0.0,0.0,1,2,0,687663.6869501647,338544.4936065574,363867.0815300617,0.7685050304551582,-1.7747055502094886,-1.8276372100843195,1.7525844210160881,-0.016114366641495355,0.8280415687087431,0.7751307928520517,0.8986208764902223,-0.918180537160938,0.9997498969827951
CAS00188,casa,disponible,alquiler,670.0,dolar,3,2,Hamacas,Santa Cruz de la Sierra,250.0,-17.751995,-63.170788,6.508769136971682,6.508769136971682,5.5254529391317835,5.5254529391317835,1.3862943611198906,1.3862943611198906,1.0986122886681098,1.0986122886681098,1,0,0,293318.67804873566,338544.4936065574,218877.34020268283,0.026959463476953424,0.2826249270494829,-0.152679758003872,0.11763177455760256,-0.016114366641495355,-1.222499172317344,-0.2592909673946934,0.8986208764902223,-0.8972382117861335,1.0302766607093525
CAS00189,casa,disponible,venta,230000.0,dolar,4,5,Entre 6to y 7mo anillo Sur,Santa Cruz de la Sierra,226.0,-17.847635,-63.189606,12.345838935721968,12.345838935721968,5.424950017481403,5.424950017481403,1.6094379124341003,1.6094379124341003,1.791759469228055,1.791759469228055,1,2,0,293318.67804873566,338544.4936065574,252500.43998189725,-0.05458961786544981,0.6137811675983271,0.9041007344799207,0.11763177455760256,-0.016114366641495355,0.8280415687087431,-0.019408712690655153,0.8986208764902223,-1.0402837766230564,1.022533876584295
CAS00190,casa,disponible,venta,169000.0,dolar,5,3,Carretera Norte,Santa Cruz de la Sierra,193.0,-17.698927,-63.18013,12.037659911047468,12.037659911047468,5.267858159063328,5.267858159063328,1.791759469228055,1.791759469228055,1.3862943611198906,1.3862943611198906,1,2,0,293318.67804873566,338544.4936065574,241093.2232523852,-0.18205553159211169,0.8843555174431118,0.2859237748832662,0.11763177455760256,-0.016114366641495355,0.8280415687087431,-0.10079290650209513,0.8986208764902223,-0.8178661704355917,1.0264328362170432
CAS00191,casa,disponible,venta,169000.0,dolar,5,4,Carretera Norte,Santa Cruz de la Sierra,193.0,-17.673044,-63.188774,12.037659911047468,12.037659911047468,5.267858159063328,5.267858159063328,1.791759469228055,1.791759469228055,1.6094379124341003,1.6094379124341003,1,2,0,293318.67804873566,338544.4936065574,241093.2232523852,-0.18205553159211169,0.8843555174431118,0.6261311055427021,0.11763177455760256,-0.016114366641495355,0.8280415687087431,-0.10079290650209513,0.8986208764902223,-0.7791538287932439,1.0228762082025336
EDI00013,edificio,disponible,venta,600000.0,dolar,8,5,Plan 3000,Santa Cruz de la Sierra,1134.0,-17.853062,-63.110119,13.304686600863562,13.304686600863562,7.034387929915503,7.034387929915503,2.1972245773362196,2.1972245773362196,1.791759469228055,1.791759469228055,1,2,0,1171175.6402570198,338544.4936065574,302588.0374980981,1.2513244897184976,1.4860861078367409,0.9041007344799207,3.757222820917717,-0.016114366641495355,0.8280415687087431,0.3379386438526675,0.8986208764902223,-1.0484007598975245,1.0552393012706895
CAS00192,casa,disponible,venta,213000.0,dolar,4,5,Entre 6to y 7mo anillo Este,Santa Cruz de la Sierra,386.0,-17.769693,-63.109882,12.269052139516223,12.269052139516223,5.958424693029782,5.958424693029782,1.6094379124341003,1.6094379124341003,1.791759469228055,1.791759469228055,1,2,0,293318.67804873566,338544.4936065574,243363.94598023925,0.37827709880320143,0.6137811675983271,0.9041007344799207,0.11763177455760256,-0.016114366641495355,0.8280415687087431,-0.08459255343107744,0.8986208764902223,-0.9237085213478626,1.0553368164071348
LOC00027,local comercial,disponible,venta,25000.0,dolar,1,2,Equipetrol,Santa Cruz de la Sierra,105.0,-17.768248,-63.196606,10.12667110305036,10.12667110305036,4.663439094112067,4.663439094112067,0.6931471805599453,0.6931471805599453,1.0986122886681098,1.0986122886681098,1,2,0,225639.55594352554,338544.4936065574,109656.35558668687,-0.6724872392799157,-0.7460403115800028,-0.152679758003872,-0.16296556355542782,-0.016114366641495355,0.8280415687087431,-1.0385223952738374,0.8986208764902223,-0.9215472829414489,1.0196536826808276
CAS00193,casa,disponible,venta,600000.0,dolar,4,6,Urubó,Santa Cruz de la Sierra,431.0,-17.740482,-63.226879,13.304686600863562,13.304686600863562,6.068425588244111,6.068425588244111,1.6094379124341003,1.6094379124341003,1.9459101490553132,1.9459101490553132,1,2,0,293318.67804873566,338544.4936065574,363867.0815300617,0.46753293141248664,0.6137811675983271,1.1391207070245153,0.11763177455760256,-0.016114366641495355,0.8280415687087431,0.7751307928520517,0.8986208764902223,-0.8800186008705374,1.0071976669608855
CAS00194,casa,disponible,venta,135000.0,dolar,3,3,El Remanso,Santa Cruz de la Sierra,114.0,-17.71106,-63.170097,11.813037464800539,11.813037464800539,4.74493212836325,4.74493212836325,1.3862943611198906,1.3862943611198906,1.3862943611198906,1.3862943611198906,1,2,0,293318.67804873566,338544.4936065574,267866.7550229507,-0.6063629717476013,0.2826249270494829,0.2859237748832662,0.11763177455760256,-0.016114366641495355,0.8280415687087431,0.09022146188412354,0.8986208764902223,-0.8360130947158739,1.030560976993253
TER00049,terreno,disponible,alquiler,6000.0,dolar,0,0,Equipetrol,Santa Cruz de la Sierra,1500.0,-17.760201,-63.192001,8.699681400989514,8.699681400989514,7.313886831633462,7.313886831633462,0.0,0.0,0.0,0.0,1,0,0,687663.6869501647,338544.4936065574,109656.35558668687,1.4781127093744368,-1.7747055502094886,-1.8276372100843195,1.7525844210160881,-0.016114366641495355,-1.222499172317344,-1.0385223952738374,0.8986208764902223,-0.9095116528678092,1.021548438813038
TER00050,terreno,disponible,alquiler,10177.0,dolar,0,0,Doble vía La Guardia,Santa Cruz de la Sierra,18279.0,-17.84129,-63.236111,9.227983807148778,9.227983807148778,9.813562845008141,9.813562845008141,0.0,0.0,0.0,0.0,1,0,0,687663.6869501647,338544.4936065574,262142.00621492576,3.5063749648088196,-1.7747055502094886,-1.8276372100843195,1.7525844210160881,-0.016114366641495355,-1.222499172317344,0.0493785395866314,0.8986208764902223,-1.0307937713021633,1.0033991026584848
TER00051,terreno,disponible,venta,540000.0,dolar,0,0,Sirari,Santa Cruz de la Sierra,450.0,-17.764959,-63.201012,13.199326270390594,13.199326270390594,6.111467339502679,6.111467339502679,0.0,0.0,0.0,0.0,1,2,0,687663.6869501647,338544.4936065574,216778.5354302577,0.5024574412363376,-1.7747055502094886,-1.8276372100843195,1.7525844210160881,-0.016114366641495355,0.8280415687087431,-0.27426478076404176,0.8986208764902223,-0.9166280351084454,1.0178408063467337
OFI00077,oficina,disponible,alquiler,400.0,dolar,4,2,Entre 1er y 2do anillo Sur,Santa Cruz de la Sierra,126.0,-17.796644,-63.178062,5.993961427306569,5.993961427306569,4.844187086458591,4.844187086458591,1.6094379124341003,1.6094379124341003,1.0986122886681098,1.0986122886681098,1,0,0,127588.56880770384,338544.4936065574,294155.68177753733,-0.5258265005839977,0.6137811675983271,-0.152679758003872,-0.5694845184983812,-0.016114366641495355,-1.222499172317344,0.277778441016013,0.8986208764902223,-0.9640182350442239,1.0272837277873819
CAS00195,casa,disponible,venta,580000.0,dolar,5,6,Entre 4to y 5to anillo Norte,Santa Cruz de la Sierra,633.0,-17.742903,-63.166191,13.270785106659046,13.270785106659046,6.452048954437226,6.452048954437226,1.791759469228055,1.791759469228055,1.9459101490553132,1.9459101490553132,1,2,0,293318.67804873566,338544.4936065574,326892.80690165295,0.7788087886791736,0.8843555174431118,1.1391207070245153,0.11763177455760256,-0.016114366641495355,0.8280415687087431,0.5113397556737347,0.8986208764902223,-0.8836396099929751,1.032168125191387
DEP00312,departamento,disponible,alquiler,800.0,dolar,3,4,Urubó,Santa Cruz de la Sierra,245.0,-17.765671,-63.222576,6.68586094706836,6.68586094706836,5.5053315359323625,5.5053315359323625,1.3862943611198906,1.3862943611198906,1.6094379124341003,1.6094379124341003,1,0,0,71095.44020000269,338544.4936065574,363867.0815300617,0.010632754568519774,0.2826249270494829,0.6261311055427021,-0.8037047775075877,-0.016114366641495355,-1.222499172317344,0.7751307928520517,0.8986208764902223,-0.9176929498111209,1.008968163298973
TER00052,terreno,disponible,venta,95000.0,dolar,0,0,Carretera Norte,Santa Cruz de la Sierra,489.0,-17.698156,-63.170429,11.461642696843066,11.461642696843066,6.194405391104672,6.194405391104672,0.0,0.0,0.0,0.0,1,2,0,687663.6869501647,338544.4936065574,241093.2232523852,0.5697542103790263,-1.7747055502094886,-1.8276372100843195,1.7525844210160881,-0.016114366641495355,0.8280415687087431,-0.10079290650209513,0.8986208764902223,-0.8167130113965985,1.0304243735109744
CAS00196,casa,disponible,alquiler,2800.0,dolar,4,6,Entre 3er y 4to anillo Oeste,Santa Cruz de la Sierra,420.0,-17.793009,-63.208355,7.937731775260109,7.937731775260109,6.042632833682381,6.042632833682381,1.6094379124341003,1.6094379124341003,1.9459101490553132,1.9459101490553132,1,0,0,293318.67804873566,338544.4936065574,227097.1951425342,0.44660443097429897,0.6137811675983271,1.1391207070245153,0.11763177455760256,-0.016114366641495355,-1.222499172317344,-0.20064684031362548,0.8986208764902223,-0.9585814865270543,1.0148194829419988
DEP00313,departamento,disponible,alquiler,600.0,dolar,1,1,Sirari,Santa Cruz de la Sierra,43.0,-17.764875,-63.203201,6.398594934535208,6.398594934535208,3.784189633918261,3.784189633918261,0.6931471805599453,0.6931471805599453,0.6931471805599453,0.6931471805599453,1,0,0,71095.44020000269,338544.4936065574,216778.5354302577,-1.3859190935203174,-0.7460403115800028,-0.7708567176005267,-0.8037047775075877,-0.016114366641495355,-1.222499172317344,-0.27426478076404176,0.8986208764902223,-0.9165023991041955,1.0169401285674922
CAS00197,casa,disponible,venta,340000.0,dolar,6,6,Entre 3er y 4to anillo Norte,Santa Cruz de la Sierra,480.0,-17.757484,-63.173874,12.73670383776449,12.73670383776449,6.175867270105761,6.175867270105761,1.9459101490553132,1.9459101490553132,1.9459101490553132,1.9459101490553132,1,2,0,293318.67804873566,338544.4936065574,544356.7072126968,0.5547121925704847,1.1131228706065581,1.1391207070245153,0.11763177455760256,-0.016114366641495355,0.8280415687087431,2.062824629641123,0.8986208764902223,-0.9054479263970702,1.0290069066541976
DEP00314,departamento,disponible,venta,90263.0,dolar,1,1,Entre 4to y 5to anillo Oeste,Santa Cruz de la Sierra,48.0,-17.784603,-63.217049,11.410493988818281,11.410493988818281,3.8918202981106265,3.8918202981106265,0.6931471805599453,0.6931471805599453,0.6931471805599453,0.6931471805599453,1,2,0,71095.44020000269,338544.4936065574,230627.24970349422,-1.2985864901986621,-0.7460403115800028,-0.7708567176005267,-0.8037047775075877,-0.016114366641495355,0.8280415687087431,-0.17546184984957416,0.8986208764902223,-0.9460089121019257,1.0112422821138924
DEP00315,departamento,disponible,venta,36400.0,dolar,1,1,Entre 5to y 6to anillo Norte,Santa Cruz de la Sierra,34.0,-17.736008,-63.15963,10.502351525774941,10.502351525774941,3.5553480614894135,3.5553480614894135,0.6931471805599453,0.6931471805599453,0.6931471805599453,0.6931471805599453,1,2,0,71095.44020000269,338544.4936065574,371269.9043009016,-1.5716034467517828,-0.7460403115800028,-0.7708567176005267,-0.8037047775075877,-0.016114366641495355,0.8280415687087431,0.8279458464641297,0.8986208764902223,-0.8733269879776039,1.0348676897914773
DEP00316,departamento,disponible,venta,214000.0,dolar,1,2,Equipetrol,Santa Cruz de la Sierra,91.0,-17.765121,-63.194168,12.273735966890268,12.273735966890268,4.5217885770490405,4.5217885770490405,0.6931471805599453,0.6931471805599453,1.0986122886681098,1.0986122886681098,1,2,0,71095.44020000269,338544.4936065574,109656.35558668687,-0.7874238933440664,-0.7460403115800028,-0.152679758003872,-0.8037047775075877,-0.016114366641495355,0.8280415687087431,-1.0385223952738374,0.8986208764902223,-0.9168703331166377,1.0206568130717795
CAS00198,casa,disponible,venta,120000.0,dolar,4,3,Carretera Norte,Santa Cruz de la Sierra,170.0,-17.69788,-63.182487,11.695255355062795,11.695255355062795,5.14166355650266,5.14166355650266,1.6094379124341003,1.6094379124341003,1.3862943611198906,1.3862943611198906,1,2,0,293318.67804873566,338544.4936065574,241093.2232523852,-0.2844511011954675,0.6137811675983271,0.2859237748832662,0.11763177455760256,-0.016114366641495355,0.8280415687087431,-0.10079290650209513,0.8986208764902223,-0.8163002073826408,1.0254630337841177
TER00053,terreno,disponible,venta,72000.0,dolar,0,0,Urubó,Santa Cruz de la Sierra,384.0,-17.808838,-63.270039,11.184435286790631,11.184435286790631,5.953243334287785,5.953243334287785,0.0,0.0,0.0,0.0,1,2,0,687663.6869501647,338544.4936065574,363867.0815300617,0.3740728922132161,-1.7747055502094886,-1.8276372100843195,1.7525844210160881,-0.016114366641495355,0.8280415687087431,0.7751307928520517,0.8986208764902223,-0.9822563949942613,0.9894392142646611
TER00054,terreno,disponible,venta,14900.0,dolar,0,0,Carretera Norte,Santa Cruz de la Sierra,300.0,-17.591972,-63.183842,9.60918360377546,9.60918360377546,5.707110264748875,5.707110264748875,0.0,0.0,0.0,0.0,1,2,0,687663.6869501647,338544.4936065574,241093.2232523852,0.1743580443333893,-1.7747055502094886,-1.8276372100843195,1.7525844210160881,-0.016114366641495355,0.8280415687087431,-0.10079290650209513,0.8986208764902223,-0.6578971366930826,1.0249055105356626
DEP00317,departamento,disponible,alquiler,1100.0,dolar,3,4,Entre 5to y 6to anillo Norte,Santa Cruz de la Sierra,215.0,-17.732321,-63.168621,7.00397413672268,7.00397413672268,5.375278407684165,5.375278407684165,1.3862943611198906,1.3862943611198906,1.6094379124341003,1.6094379124341003,1,0,0,71095.44020000269,338544.4936065574,371269.9043009016,-0.09489366158125462,0.2826249270494829,0.6261311055427021,-0.8037047775075877,-0.016114366641495355,-1.222499172317344,0.8279458464641297,0.8986208764902223,-0.8678124647911323,1.031168286450611
DEP00318,departamento,disponible,venta,145000.0,dolar,1,1,Sirari,Santa Cruz de la Sierra,67.0,-17.765348,-63.202972,11.884495917930655,11.884495917930655,4.219507705176107,4.219507705176107,0.6931471805599453,0.6931471805599453,0.6931471805599453,0.6931471805599453,1,2,0,71095.44020000269,338544.4936065574,216778.5354302577,-1.03269763269237,-0.7460403115800028,-0.7708567176005267,-0.8037047775075877,-0.016114366641495355,0.8280415687087431,-0.27426478076404176,0.8986208764902223,-0.9172098494614497,1.0170343520537617
DEP00319,departamento,disponible,alquiler,600.0,dolar,2,2,Entre 2do y 3er anillo Norte,Santa Cruz de la Sierra,75.0,-17.768602,-63.188721,6.398594934535208,6.398594934535208,4.330733340286331,4.330733340286331,1.0986122886681098,1.0986122886681098,1.0986122886681098,1.0986122886681098,1,0,0,71095.44020000269,338544.4936065574,401212.6233841972,-0.9424480338148653,-0.1443097211863738,-0.152679758003872,-0.8037047775075877,-0.016114366641495355,-1.222499172317344,1.0415706167213592,0.8986208764902223,-0.9220767489593545,1.022898015384946
CAS00199,casa,disponible,venta,380000.0,dolar,4,4,Urubó,Santa Cruz de la Sierra,320.0,-17.758577,-63.236172,12.847929163278053,12.847929163278053,5.771441123130016,5.771441123130016,1.6094379124341003,1.6094379124341003,1.6094379124341003,1.6094379124341003,1,2,0,293318.67804873566,338544.4936065574,363867.0815300617,0.22655674977202245,0.6137811675983271,0.6261311055427021,0.11763177455760256,-0.016114366641495355,0.8280415687087431,0.7751307928520517,0.8986208764902223,-0.9070826901190105,1.0033740038258965
OFI00078,oficina,disponible,alquiler,2240.0,dolar,8,1,Equipetrol,Santa Cruz de la Sierra,188.0,-17.755421,-63.198158,7.714677473800927,7.714677473800927,5.241747015059643,5.241747015059643,2.1972245773362196,2.1972245773362196,0.6931471805599453,0.6931471805599453,1,0,0,127588.56880770384,338544.4936065574,109656.35558668687,-0.20324237642541015,1.4860861078367409,-0.7708567176005267,-0.5694845184983812,-0.016114366641495355,-1.222499172317344,-1.0385223952738374,0.8986208764902223,-0.9023623659593972,1.0190151025468033
TER00055,terreno,disponible,venta,1600.0,dolar,0,0,Entre 3er y 4to anillo Norte,Santa Cruz de la Sierra,2118.0,-17.757841,-63.175766,7.3783837129967145,7.3783837129967145,7.6586995582682995,7.6586995582682995,0.0,0.0,0.0,0.0,1,2,0,687663.6869501647,338544.4936065574,544356.7072126968,1.7578972234013857,-1.7747055502094886,-1.8276372100843195,1.7525844210160881,-0.016114366641495355,0.8280415687087431,2.062824629641123,0.8986208764902223,-0.9059818794151214,1.0282284313877161
CAS00200,casa,disponible,venta,160000.0,dolar,3,3,Entre 5to y 6to anillo Oeste,Santa Cruz de la Sierra,160.0,-17.809067,-63.22929,11.982935344196433,11.982935344196433,5.081404364984463,5.081404364984463,1.3862943611198906,1.3862943611198906,1.3862943611198906,1.3862943611198906,1,2,0,293318.67804873566,338544.4936065574,334089.19898291264,-0.33334601519448065,0.2826249270494829,0.2859237748832662,0.11763177455760256,-0.016114366641495355,0.8280415687087431,0.5626820402793331,0.8986208764902223,-0.9825989026725055,1.0062056458892767
TER00056,terreno,disponible,alquiler,1500.0,dolar,0,0,Entre 5to y 6to anillo Norte,Santa Cruz de la Sierra,2389.0,-17.733391,-63.166065,7.313886831633462,7.313886831633462,7.779048644925556,7.779048644925556,0.0,0.0,0.0,0.0,1,0,0,687663.6869501647,338544.4936065574,371269.9043009016,1.8555496826148377,-1.7747055502094886,-1.8276372100843195,1.7525844210160881,-0.016114366641495355,-1.222499172317344,0.8279458464641297,0.8986208764902223,-0.8694128281785832,1.0322199686816471
CAS00201,casa,disponible,venta,249000.0,dolar,3,4,Pampa de la isla,Santa Cruz de la Sierra,389.0,-17.762074,-63.108639,12.425212191503038,12.425212191503038,5.966146739123692,5.966146739123692,1.3862943611198906,1.3862943611198906,1.6094379124341003,1.6094379124341003,1,2,0,293318.67804873566,338544.4936065574,227163.6946854984,0.38454284466114474,0.2826249270494829,0.6261311055427021,0.11763177455760256,-0.016114366641495355,0.8280415687087431,-0.20017240278681248,0.8986208764902223,-0.9123130366292013,1.0558482565531369
DEP00320,departamento,disponible,venta,69000.0,dolar,1,1,Equipetrol,Santa Cruz de la Sierra,50.0,-17.761597,-63.199608,11.141876276228,11.141876276228,3.9318256327243257,3.9318256327243257,0.6931471805599453,0.6931471805599453,0.6931471805599453,0.6931471805599453,1,2,0,71095.44020000269,338544.4936065574,109656.35558668687,-1.2661257593764128,-0.7460403115800028,-0.7708567176005267,-0.8037047775075877,-0.016114366641495355,0.8280415687087431,-1.0385223952738374,0.8986208764902223,-0.9115996036050772,1.0184184909525147
CAS00202,casa,disponible,alquiler,830.0,dolar,7,4,Las Palmas,Santa Cruz de la Sierra,320.0,-17.797636,-63.213371,6.7226297948554485,6.7226297948554485,5.771441123130016,5.771441123130016,2.0794415416798357,2.0794415416798357,1.6094379124341003,1.6094379124341003,1,0,0,293318.67804873566,338544.4936065574,347140.37653496256,0.22655674977202245,1.3112901656789684,0.6261311055427021,0.11763177455760256,-0.016114366641495355,-1.222499172317344,0.6557949869822386,0.8986208764902223,-0.9655019364277271,1.0127556182820279
TER00057,terreno,disponible,venta,342000.0,dolar,0,0,Entre 6to y 7mo anillo Norte,Santa Cruz de la Sierra,1800.0,-17.743067,-63.13847,12.742568940017076,12.742568940017076,7.496097345175956,7.496097345175956,0.0,0.0,0.0,0.0,1,2,0,687663.6869501647,338544.4936065574,557886.4069768668,1.6259601524767207,-1.7747055502094886,-1.8276372100843195,1.7525844210160881,-0.016114366641495355,0.8280415687087431,2.159351568150943,0.8986208764902223,-0.883884899334605,1.0435741045053821
TER00058,terreno,disponible,venta,760000.0,dolar,0,0,Equipetrol,Santa Cruz de la Sierra,721.0,-17.756039,-63.195576,13.541075028051122,13.541075028051122,6.582025138892826,6.582025138892826,0.0,0.0,0.0,0.0,1,2,0,687663.6869501647,338544.4936065574,109656.35558668687,0.8842727718618437,-1.7747055502094886,-1.8276372100843195,1.7525844210160881,-0.016114366641495355,0.8280415687087431,-1.0385223952738374,0.8986208764902223,-0.9032866879906565,1.020077482640909
CAS00203,casa,disponible,venta,170000.0,dolar,3,4,Carretera Norte,Santa Cruz de la Sierra,267.0,-17.701544,-63.165379,12.04355959836804,12.04355959836804,5.5909869805108565,5.5909869805108565,1.3862943611198906,1.3862943611198906,1.6094379124341003,1.6094379124341003,1,2,0,293318.67804873566,338544.4936065574,241093.2232523852,0.08013444370001056,0.2826249270494829,0.6261311055427021,0.11763177455760256,-0.016114366641495355,0.8280415687087431,-0.10079290650209513,0.8986208764902223,-0.8217803302346071,1.0325022276841875
DEP00321,departamento,disponible,alquiler,750.0,dolar,3,2,Entre 5to y 6to anillo Norte,Santa Cruz de la Sierra,241.0,-17.732487,-63.170147,6.621405651764134,6.621405651764134,5.488937726156687,5.488937726156687,1.3862943611198906,1.3862943611198906,1.0986122886681098,1.0986122886681098,1,0,0,71095.44020000269,338544.4936065574,371269.9043009016,-0.002669347549059839,0.2826249270494829,-0.152679758003872,-0.8037047775075877,-0.016114366641495355,-1.222499172317344,0.8279458464641297,0.8986208764902223,-0.8680607454661944,1.0305404041796562
DEP00322,departamento,disponible,alquiler,420.0,dolar,3,3,Entre 1er y 2do anillo Sur,Santa Cruz de la Sierra,115.0,-17.79505,-63.179092,6.042632833682381,6.042632833682381,4.7535901911063645,4.7535901911063645,1.3862943611198906,1.3862943611198906,1.3862943611198906,1.3862943611198906,1,0,0,71095.44020000269,338544.4936065574,294155.68177753733,-0.5993377325673712,0.2826249270494829,0.2859237748832662,-0.8037047775075877,-0.016114366641495355,-1.222499172317344,0.277778441016013,0.8986208764902223,-0.9616341422969407,1.0268599278273005
CAS00204,casa,disponible,venta,210000.0,dolar,3,4,Urubó,Santa Cruz de la Sierra,185.0,-17.752754,-63.226868,12.25486757159303,12.25486757159303,5.225746673713202,5.225746673713202,1.3862943611198906,1.3862943611198906,1.6094379124341003,1.6094379124341003,1,2,0,293318.67804873566,338544.4936065574,363867.0815300617,-0.21622521430256342,0.2826249270494829,0.6261311055427021,0.11763177455760256,-0.016114366641495355,0.8280415687087431,0.7751307928520517,0.8986208764902223,-0.8983734228245173,1.007202192979874
DEP00323,departamento,disponible,venta,220000.0,dolar,3,4,Entre 2do y 3er anillo Norte,Santa Cruz de la Sierra,201.0,-17.769011,-63.175503,12.301387370778713,12.301387370778713,5.308267697401205,5.308267697401205,1.3862943611198906,1.3862943611198906,1.6094379124341003,1.6094379124341003,1,2,0,71095.44020000269,338544.4936065574,401212.6233841972,-0.1492668258031591,0.2826249270494829,0.6261311055427021,-0.8037047775075877,-0.016114366641495355,0.8280415687087431,1.0415706167213592,0.8986208764902223,-0.9226884766467026,1.0283366443872335
CAS00205,casa,disponible,anticretico,150000.0,dolar,4,4,Entre 2do y 3er anillo Norte,Santa Cruz de la Sierra,310.0,-17.766562,-63.164867,11.918397239722838,11.918397239722838,5.739792912179234,5.739792912179234,1.6094379124341003,1.6094379124341003,1.6094379124341003,1.6094379124341003,1,1,0,293318.67804873566,338544.4936065574,401212.6233841972,0.20087707313391476,0.6137811675983271,0.6261311055427021,0.11763177455760256,-0.016114366641495355,-0.1972288018043005,1.0415706167213592,0.8986208764902223,-0.9190255888561816,1.0327128932954126
TER00059,terreno,disponible,venta,99000.0,dolar,0,0,Urubó,Santa Cruz de la Sierra,729.0,-17.695993,-63.210426,11.502885230075814,11.502885230075814,6.593044534142437,6.593044534142437,0.0,0.0,0.0,0.0,1,2,0,687663.6869501647,338544.4936065574,363867.0815300617,0.8932140199847654,-1.7747055502094886,-1.8276372100843195,1.7525844210160881,-0.016114366641495355,0.8280415687087431,0.7751307928520517,0.8986208764902223,-0.8134778842872071,1.0139673570028447
CAS00206,casa,disponible,venta,42000.0,dolar,2,1,Carretera Norte,Santa Cruz de la Sierra,70.0,-17.634632,-63.170258,10.645448706505872,10.645448706505872,4.2626798770413155,4.2626798770413155,1.0986122886681098,1.0986122886681098,0.6931471805599453,0.6931471805599453,1,2,0,293318.67804873566,338544.4936065574,241093.2232523852,-0.9976672982767061,-0.1443097211863738,-0.7708567176005267,0.11763177455760256,-0.016114366641495355,0.8280415687087431,-0.10079290650209513,0.8986208764902223,-0.7217022788505834,1.030494732533474
CAS00207,casa,disponible,venta,278000.0,dolar,3,4,Entre 6to y 7mo anillo Sur,Santa Cruz de la Sierra,457.0,-17.844065,-63.191402,12.535379989788607,12.535379989788607,6.126869184114185,6.126869184114185,1.3862943611198906,1.3862943611198906,1.6094379124341003,1.6094379124341003,1,2,0,293318.67804873566,338544.4936065574,252500.43998189725,0.5149546528439373,0.2826249270494829,0.6261311055427021,0.11763177455760256,-0.016114366641495355,0.8280415687087431,-0.019408712690655153,0.8986208764902223,-1.0349442464425065,1.0217949011199206
QUI00003,quinta propiedad agricola,disponible,venta,7350000.0,dolar,10,5,Carretera Cotoca,Santa Cruz de la Sierra,800.0,-17.607403,-62.197193,15.810211007243431,15.520258832020865,6.68586094706836,6.68586094706836,2.3978952727983707,2.3978952727983707,1.791759469228055,1.791759469228055,1,2,0,1140720.0707306254,338544.4936065574,1051546.0699277688,0.9685261908481834,1.783891501298435,0.9041007344799207,3.6309541656219544,-0.016114366641495355,0.8280415687087431,5.681340729849371,0.8986208764902223,-0.6809767698068322,1.4308684297728513
CAS00208,casa,disponible,venta,285000.0,dolar,4,4,Urubó,Santa Cruz de la Sierra,311.0,-17.78647,-63.269226,12.560247968016562,12.560247968016562,5.7430031878094825,5.7430031878094825,1.6094379124341003,1.6094379124341003,1.6094379124341003,1.6094379124341003,1,2,0,293318.67804873566,338544.4936065574,363867.0815300617,0.20348192306467977,0.6137811675983271,0.6261311055427021,0.11763177455760256,-0.016114366641495355,0.8280415687087431,0.7751307928520517,0.8986208764902223,-0.9488013218630157,0.9897737282137324
TER00060,terreno,disponible,venta,205000.0,dolar,0,0,Entre 6to y 7mo anillo Norte,Santa Cruz de la Sierra,605.0,-17.730988,-63.169155,12.230770136157428,12.230770136157428,6.406879986069314,6.406879986069314,0.0,0.0,0.0,0.0,1,2,0,687663.6869501647,338544.4936065574,557886.4069768668,0.7421582335002803,-1.7747055502094886,-1.8276372100843195,1.7525844210160881,-0.016114366641495355,0.8280415687087431,2.159351568150943,0.8986208764902223,-0.8658187410570517,1.030948568801403
TER00061,terreno,disponible,venta,3875000.0,dolar,0,0,Parque Industrial,Santa Cruz de la Sierra,13426.0,-17.75025,-63.143368,15.170056478834066,15.170056478834066,9.505022884072709,9.505022884072709,0.0,0.0,0.0,0.0,1,2,0,687663.6869501647,338544.4936065574,1073827.332361073,3.256022537650199,-1.7747055502094886,-1.8276372100843195,1.7525844210160881,-0.016114366641495355,0.8280415687087431,5.840305236550135,0.8986208764902223,-0.8946282733645485,1.0415587916854985
LOC00028,local comercial,disponible,alquiler,11000.0,dolar,4,3,Entre 2do y 3er anillo Norte,Santa Cruz de la Sierra,1449.0,-17.773884,-63.165638,9.305741456739435,9.305741456739435,7.27931883541462,7.27931883541462,1.6094379124341003,1.6094379124341003,1.3862943611198906,1.3862943611198906,1,0,0,225639.55594352554,338544.4936065574,401212.6233841972,1.4500638896067826,0.6137811675983271,0.2859237748832662,-0.16296556355542782,-0.016114366641495355,-1.222499172317344,1.0415706167213592,0.8986208764902223,-0.9299768605598175,1.0323956605097593
DEP00324,departamento,disponible,venta,58500.0,dolar,1,1,Equipetrol,Santa Cruz de la Sierra,32.0,-17.765724,-63.193687,10.97679912709094,10.97679912709094,3.4965075614664802,3.4965075614664802,0.6931471805599453,0.6931471805599453,0.6931471805599453,0.6931471805599453,1,2,0,71095.44020000269,338544.4936065574,109656.35558668687,-1.6193472202043597,-0.7460403115800028,-0.7708567176005267,-0.8037047775075877,-0.016114366641495355,0.8280415687087431,-1.0385223952738374,0.8986208764902223,-0.9177722201471312,1.020854723538575
CAS00209,casa,disponible,venta,385000.0,dolar,5,7,Carretera Norte,Santa Cruz de la Sierra,340.0,-17.702545,-63.178432,12.861001210669146,12.861001210669146,5.831882477283517,5.831882477283517,1.791759469228055,1.791759469228055,2.0794415416798357,2.0794415416798357,1,2,0,293318.67804873566,338544.4936065574,241093.2232523852,0.2755994723652537,0.8843555174431118,1.3427042673670588,0.11763177455760256,-0.016114366641495355,0.8280415687087431,-0.10079290650209513,0.8986208764902223,-0.8232774926185686,1.0271314889667684
TER00062,terreno,disponible,alquiler,1750.0,dolar,0,0,Entre 4to y 5to anillo Norte,Santa Cruz de la Sierra,3388.0,-17.73859,-63.180183,7.467942332285852,7.467942332285852,8.128290171607052,8.128290171607052,0.0,0.0,0.0,0.0,1,0,0,687663.6869501647,338544.4936065574,326892.80690165295,2.13892776953821,-1.7747055502094886,-1.8276372100843195,1.7525844210160881,-0.016114366641495355,-1.222499172317344,0.5113397556737347,0.8986208764902223,-0.8771887994415152,1.0264110290346307
TER00063,terreno,disponible,venta,50900.0,dolar,0,0,Entre 8vo y 9no anillo Norte,Santa Cruz de la Sierra,486.0,-17.727177,-63.130859,10.837637848711049,10.837637848711049,6.18826412308259,6.18826412308259,0.0,0.0,0.0,0.0,1,2,0,687663.6869501647,338544.4936065574,261562.36069303774,0.5647711237457792,-1.7747055502094886,-1.8276372100843195,1.7525844210160881,-0.016114366641495355,0.8280415687087431,0.04524308879141491,0.8986208764902223,-0.8601187551976481,1.046705698190992
DEP00325,departamento,disponible,alquiler,450.0,dolar,2,1,Entre 2do y 3er anillo Oeste,Santa Cruz de la Sierra,86.0,-17.797028,-63.196686,6.111467339502679,6.111467339502679,4.465908118654584,4.465908118654584,1.0986122886681098,1.0986122886681098,0.6931471805599453,0.6931471805599453,1,0,0,71095.44020000269,338544.4936065574,220026.08791509928,-0.8327658592514134,-0.1443097211863738,-0.7708567176005267,-0.8037047775075877,-0.016114366641495355,-1.222499172317344,-0.25109528665288033,0.8986208764902223,-0.9645925710636449,1.0196207661790748
DEP00326,departamento,disponible,venta,150000.0,dolar,3,2,Entre 2do y 3er anillo Norte,Santa Cruz de la Sierra,109.0,-17.765312,-63.188942,11.918397239722838,11.918397239722838,4.700480365792417,4.700480365792417,1.3862943611198906,1.3862943611198906,1.0986122886681098,1.0986122886681098,1,2,0,71095.44020000269,338544.4936065574,401212.6233841972,-0.6424315789301108,0.2826249270494829,-0.152679758003872,-0.8037047775075877,-0.016114366641495355,0.8280415687087431,1.0415706167213592,0.8986208764902223,-0.9171560054596322,1.0228070835488525
TER00064,terreno,disponible,venta,230000.0,dolar,0,0,Urubó,Santa Cruz de la Sierra,843.0,-17.746624,-63.220516,12.345838935721968,12.345838935721968,6.738152494595957,6.738152494595957,0.0,0.0,0.0,0.0,1,2,0,687663.6869501647,338544.4936065574,363867.0815300617,1.0109560783860057,-1.7747055502094886,-1.8276372100843195,1.7525844210160881,-0.016114366641495355,0.8280415687087431,0.7751307928520517,0.8986208764902223,-0.889204985847832,1.009815763219133
CAS00210,casa,disponible,venta,385000.0,dolar,6,7,Carretera Norte,Santa Cruz de la Sierra,325.0,-17.702364,-63.177967,12.861001210669146,12.861001210669146,5.786897381366708,5.786897381366708,1.9459101490553132,1.9459101490553132,2.0794415416798357,2.0794415416798357,1,2,0,293318.67804873566,338544.4936065574,241093.2232523852,0.2390981131423122,1.1131228706065581,1.3427042673670588,0.11763177455760256,-0.016114366641495355,0.8280415687087431,-0.10079290650209513,0.8986208764902223,-0.823006776942746,1.0273228161332124
CAS00211,casa,disponible,venta,1270000.0,dolar,7,10,Carretera Norte,Santa Cruz de la Sierra,1400.0,-17.689964,-63.161674,14.054528245836039,14.054528245836039,7.244941546337007,7.244941546337007,2.0794415416798357,2.0794415416798357,2.3978952727983707,2.3978952727983707,1,2,0,293318.67804873566,338544.4936065574,241093.2232523852,1.4221698115313817,1.3112901656789684,1.8282226395732084,0.11763177455760256,-0.016114366641495355,0.8280415687087431,-0.10079290650209513,0.8986208764902223,-0.8044605096489591,1.034026673171666
TER00065,terreno,disponible,venta,29900.0,dolar,0,0,Carretera Norte,Santa Cruz de la Sierra,383.0,-17.653023,-63.17857,10.305647203635566,10.305647203635566,5.950642552587727,5.950642552587727,0.0,0.0,0.0,0.0,1,2,0,687663.6869501647,338544.4936065574,241093.2232523852,0.37196259178683005,-1.7747055502094886,-1.8276372100843195,1.7525844210160881,-0.016114366641495355,0.8280415687087431,-0.10079290650209513,0.8986208764902223,-0.7492090854473633,1.0270747080012432
TER00066,terreno,disponible,venta,335000.0,dolar,0,0,Urubó,Santa Cruz de la Sierra,859.0,-17.765615,-63.225391,12.721888795877375,12.721888795877375,6.756932389247553,6.756932389247553,0.0,0.0,0.0,0.0,1,2,0,687663.6869501647,338544.4936065574,363867.0815300617,1.0261942737677512,-1.7747055502094886,-1.8276372100843195,1.7525844210160881,-0.016114366641495355,0.8280415687087431,0.7751307928520517,0.8986208764902223,-0.9176091924749544,1.0078099138935057
DEP00327,departamento,disponible,alquiler,600.0,dolar,2,2,Entre 4to y 5to anillo Norte,Santa Cruz de la Sierra,98.0,-17.751179,-63.191242,6.398594934535208,6.398594934535208,4.59511985013459,4.59511985013459,1.0986122886681098,1.0986122886681098,1.0986122886681098,1.0986122886681098,1,0,0,71095.44020000269,338544.4936065574,326892.80690165295,-0.72792216090092,-0.1443097211863738,-0.152679758003872,-0.8037047775075877,-0.016114366641495355,-1.222499172317344,0.5113397556737347,0.8986208764902223,-0.8960177477448643,1.021860734123426
DEP00328,departamento,disponible,venta,105000.0,dolar,1,1,Equipetrol,Santa Cruz de la Sierra,36.0,-17.772423,-63.191975,11.561725152903833,11.561725152903833,3.6109179126442243,3.6109179126442243,0.6931471805599453,0.6931471805599453,0.6931471805599453,0.6931471805599453,1,2,0,71095.44020000269,338544.4936065574,109656.35558668687,-1.5265135106823298,-0.7460403115800028,-0.7708567176005267,-0.8037047775075877,-0.016114366641495355,0.8280415687087431,-1.0385223952738374,0.8986208764902223,-0.92779169148593,1.0215591366761072
CAS00212,casa,disponible,venta,210000.0,dolar,3,4,Entre 8vo y 9no anillo Norte,Santa Cruz de la Sierra,185.0,-17.713348,-63.169682,12.25486757159303,12.25486757159303,5.225746673713202,5.225746673713202,1.3862943611198906,1.3862943611198906,1.6094379124341003,1.6094379124341003,1,2,0,293318.67804873566,338544.4936065574,261562.36069303774,-0.21622521430256342,0.2826249270494829,0.6261311055427021,0.11763177455760256,-0.016114366641495355,0.8280415687087431,0.04524308879141491,0.8986208764902223,-0.8394351801649214,1.0307317313461
TER00067,terreno,disponible,venta,260000.0,dolar,0,0,Carretera Cotoca,Santa Cruz de la Sierra,16999.0,-17.762365,-63.023655,12.468440756144114,12.468440756144114,9.740968623038354,9.740968623038354,0.0,0.0,0.0,0.0,1,2,0,687663.6869501647,338544.4936065574,1051546.0699277688,3.4474712830532135,-1.7747055502094886,-1.8276372100843195,1.7525844210160881,-0.016114366641495355,0.8280415687087431,5.681340729849371,0.8986208764902223,-0.9127482756439194,1.090815456366295
CAS00213,casa,disponible,alquiler,440.0,dolar,3,3,Carretera Norte,Santa Cruz de la Sierra,140.0,-17.695917,-63.13559,6.089044875446846,6.089044875446846,4.948759890378168,4.948759890378168,1.3862943611198906,1.3862943611198906,1.3862943611198906,1.3862943611198906,1,0,0,293318.67804873566,338544.4936065574,241093.2232523852,-0.44097507583928736,0.2826249270494829,0.2859237748832662,0.11763177455760256,-0.016114366641495355,-1.222499172317344,-0.10079290650209513,0.8986208764902223,-0.8133642136166969,1.0447590985685213
TER00068,terreno,disponible,venta,89000.0,dolar,0,0,Urubó,Santa Cruz de la Sierra,697.0,-17.765285,-63.255135,11.39640288460621,11.39640288460621,6.548219102762372,6.548219102762372,0.0,0.0,0.0,0.0,1,2,0,687663.6869501647,338544.4936065574,363867.0815300617,0.8568422141726172,-1.7747055502094886,-1.8276372100843195,1.7525844210160881,-0.016114366641495355,0.8280415687087431,0.7751307928520517,0.8986208764902223,-0.9171156224582623,0.9955715585414087
CAS00214,casa,disponible,alquiler,1000.0,dolar,4,5,Urubó,Santa Cruz de la Sierra,241.0,-17.759825,-63.223049,6.90875477931522,6.90875477931522,5.488937726156687,5.488937726156687,1.6094379124341003,1.6094379124341003,1.791759469228055,1.791759469228055,1,0,0,293318.67804873566,338544.4936065574,363867.0815300617,-0.002669347549059839,0.6137811675983271,0.9041007344799207,0.11763177455760256,-0.016114366641495355,-1.222499172317344,0.7751307928520517,0.8986208764902223,-0.9089492821821278,1.0087735444823505
DEP00329,departamento,disponible,alquiler,450.0,dolar,2,2,Entre 4to y 5to anillo Norte,Santa Cruz de la Sierra,99.0,-17.748667,-63.169411,6.111467339502679,6.111467339502679,4.605170185988092,4.605170185988092,1.0986122886681098,1.0986122886681098,1.0986122886681098,1.0986122886681098,1,0,0,71095.44020000269,338544.4936065574,326892.80690165295,-0.7197672173174207,-0.1443097211863738,-0.152679758003872,-0.8037047775075877,-0.016114366641495355,-1.222499172317344,0.5113397556737347,0.8986208764902223,-0.892260632951156,1.0308432359957933
TER00069,terreno,disponible,venta,350000.0,dolar,0,0,Carretera Norte,Santa Cruz de la Sierra,1657.0,-17.504997,-63.163303,12.765691290604371,12.765691290604371,7.4133673356952405,7.4133673356952405,0.0,0.0,0.0,0.0,1,2,0,687663.6869501647,338544.4936065574,241093.2232523852,1.5588321908034282,-1.7747055502094886,-1.8276372100843195,1.7525844210160881,-0.016114366641495355,0.8280415687087431,-0.10079290650209513,0.8986208764902223,-0.5278115239610534,1.033356410904702
CAS00215,casa,disponible,alquiler,350.0,dolar,4,3,Carretera Norte,Santa Cruz de la Sierra,135.0,-17.703213,-63.144341,5.860786223465865,5.860786223465865,4.912654885736052,4.912654885736052,1.6094379124341003,1.6094379124341003,1.3862943611198906,1.3862943611198906,1,0,0,293318.67804873566,338544.4936065574,241093.2232523852,-0.47027103969862877,0.6137811675983271,0.2859237748832662,0.11763177455760256,-0.016114366641495355,-1.222499172317344,-0.10079290650209513,0.8986208764902223,-0.8242765979856871,1.041158444732919
OFI00079,oficina,disponible,venta,140000.0,dolar,6,1,Equipetrol,Santa Cruz de la Sierra,84.0,-17.756365,-63.197807,11.849404844423074,11.849404844423074,4.442651256490317,4.442651256490317,1.9459101490553132,1.9459101490553132,0.6931471805599453,0.6931471805599453,1,2,0,127588.56880770384,338544.4936065574,109656.35558668687,-0.851636711095905,1.1131228706065581,-0.7708567176005267,-0.5694845184983812,-0.016114366641495355,0.8280415687087431,-1.0385223952738374,0.8986208764902223,-0.9037742753404734,1.0191595236982494
OFI00080,oficina,disponible,venta,7900000.0,dolar,47,23,Entre 6to y 7mo anillo Norte,Santa Cruz de la Sierra,6946.0,-17.735476,-63.158298,15.882373444019521,15.520258832020865,8.846065190692881,8.846065190692881,3.871201010907891,3.713572066704308,3.1780538303479458,3.044522437723423,1,2,0,127588.56880770384,338544.4936065574,557886.4069768668,2.7213376383835866,3.7364219610908527,2.814078159104963,-0.5694845184983812,-0.016114366641495355,0.8280415687087431,2.159351568150943,0.8986208764902223,-0.8725312932840268,1.0354157495456786
TER00070,terreno,disponible,venta,7000000.0,dolar,0,0,Entre 4to y 5to anillo Este,Santa Cruz de la Sierra,3924.0,-17.793072,-63.147697,15.76142084987672,15.520258832020865,8.275121630216509,8.275121630216509,0.0,0.0,0.0,0.0,1,2,0,687663.6869501647,338544.4936065574,1029073.0044864314,2.258068291675667,-1.7747055502094886,-1.8276372100843195,1.7525844210160881,-0.016114366641495355,0.8280415687087431,5.521007814574497,0.8986208764902223,-0.9586757135302364,1.0397775974843415
CAS00216,casa,disponible,venta,376000.0,dolar,4,6,Entre 8vo y 9no anillo Sur,Santa Cruz de la Sierra,700.0,-17.865042,-63.224689,12.837347081942964,12.837347081942964,6.55250788703459,6.55250788703459,1.6094379124341003,1.6094379124341003,1.9459101490553132,1.9459101490553132,1,2,0,293318.67804873566,338544.4936065574,243796.34922976192,0.8603221768615802,0.6137811675983271,1.1391207070245153,0.11763177455760256,-0.016114366641495355,0.8280415687087431,-0.08150759496151438,0.8986208764902223,-1.0663188471700673,1.0080987561963979
CAS00217,casa,disponible,venta,178000.0,dolar,5,3,Carretera Norte,Santa Cruz de la Sierra,192.0,-17.696878,-63.184444,12.08954444723597,12.08954444723597,5.262690188904886,5.262690188904886,1.791759469228055,1.791759469228055,1.3862943611198906,1.3862943611198906,1,2,0,293318.67804873566,338544.4936065574,241093.2232523852,-0.18624887455075745,0.8843555174431118,0.2859237748832662,0.11763177455760256,-0.016114366641495355,0.8280415687087431,-0.10079290650209513,0.8986208764902223,-0.8148015493319657,1.0246578138599642
DEP00330,departamento,disponible,venta,102000.0,dolar,1,1,Equipetrol,Santa Cruz de la Sierra,36.0,-17.771463,-63.191074,11.532737896139919,11.532737896139919,3.6109179126442243,3.6109179126442243,0.6931471805599453,0.6931471805599453,0.6931471805599453,0.6931471805599453,1,2,0,71095.44020000269,338544.4936065574,109656.35558668687,-1.5265135106823298,-0.7460403115800028,-0.7708567176005267,-0.8037047775075877,-0.016114366641495355,0.8280415687087431,-1.0385223952738374,0.8986208764902223,-0.9263558514373799,1.02192985877711
CAS00218,casa,disponible,venta,285000.0,dolar,4,4,Entre 2do y 3er anillo Este,Santa Cruz de la Sierra,300.0,-17.774776,-63.158028,12.560247968016562,12.560247968016562,5.707110264748875,5.707110264748875,1.6094379124341003,1.6094379124341003,1.6094379124341003,1.6094379124341003,1,2,0,293318.67804873566,338544.4936065574,330053.4060606322,0.1743580443333893,0.6137811675983271,0.6261311055427021,0.11763177455760256,-0.016114366641495355,0.8280415687087431,0.5338888858089736,0.8986208764902223,-0.931310995271597,1.0355268427390982
DEP00331,departamento,disponible,alquiler,700.0,dolar,1,2,Equipetrol,Santa Cruz de la Sierra,65.0,-17.756273,-63.197926,6.55250788703459,6.55250788703459,4.189654742026425,4.189654742026425,0.6931471805599453,0.6931471805599453,1.0986122886681098,1.0986122886681098,1,0,0,71095.44020000269,338544.4936065574,109656.35558668687,-1.0569206272106189,-0.7460403115800028,-0.152679758003872,-0.8037047775075877,-0.016114366641495355,-1.222499172317344,-1.0385223952738374,0.8986208764902223,-0.9036366740024893,1.0191105604018884
TER00071,terreno,disponible,venta,90000.0,dolar,0,0,Urubó,Santa Cruz de la Sierra,526.0,-17.810598,-63.271908,11.407576060361786,11.407576060361786,6.267200548541362,6.267200548541362,0.0,0.0,0.0,0.0,1,2,0,687663.6869501647,338544.4936065574,363867.0815300617,0.6288209331932008,-1.7747055502094886,-1.8276372100843195,1.7525844210160881,-0.016114366641495355,0.8280415687087431,0.7751307928520517,0.8986208764902223,-0.9848887684166013,0.9886702024924332
CAS00219,casa,disponible,venta,120000.0,dolar,3,3,Carretera Norte,Santa Cruz de la Sierra,170.0,-17.703716,-63.180042,11.695255355062795,11.695255355062795,5.14166355650266,5.14166355650266,1.3862943611198906,1.3862943611198906,1.3862943611198906,1.3862943611198906,1,2,0,293318.67804873566,338544.4936065574,241093.2232523852,-0.2844511011954675,0.2826249270494829,0.2859237748832662,0.11763177455760256,-0.016114366641495355,0.8280415687087431,-0.10079290650209513,0.8986208764902223,-0.8250289183444568,1.0264690443689717
DEP00332,departamento,disponible,alquiler,1100.0,dolar,3,4,Entre 5to y 6to anillo Norte,Santa Cruz de la Sierra,220.0,-17.733072,-63.169323,7.00397413672268,7.00397413672268,5.3981627015177525,5.3981627015177525,1.3862943611198906,1.3862943611198906,1.6094379124341003,1.6094379124341003,1,0,0,71095.44020000269,338544.4936065574,371269.9043009016,-0.07632511542703853,0.2826249270494829,0.6261311055427021,-0.8037047775075877,-0.016114366641495355,-1.222499172317344,0.8279458464641297,0.8986208764902223,-0.8689357104957818,1.0308794441477218
DEP00333,departamento,disponible,alquiler,315.0,dolar,1,1,Entre 2do y 3er anillo Norte,Santa Cruz de la Sierra,46.0,-17.762596,-63.174774,5.755742213586912,5.755742213586912,3.8501476017100584,3.8501476017100584,0.6931471805599453,0.6931471805599453,0.6931471805599453,0.6931471805599453,1,0,0,71095.44020000269,338544.4936065574,401212.6233841972,-1.3324001351427275,-0.7460403115800028,-0.7708567176005267,-0.8037047775075877,-0.016114366641495355,-1.222499172317344,1.0415706167213592,0.8986208764902223,-0.9130937746556012,1.0286365960094659
CAS00220,casa,disponible,venta,265000.0,dolar,3,3,Entre 5to y 6to anillo Norte,Santa Cruz de la Sierra,288.0,-17.735008,-63.165146,12.487488878546145,12.487488878546145,5.666426688112432,5.666426688112432,1.3862943611198906,1.3862943611198906,1.3862943611198906,1.3862943611198906,1,2,0,293318.67804873566,338544.4936065574,371269.9043009016,0.14134698111309307,0.2826249270494829,0.2859237748832662,0.11763177455760256,-0.016114366641495355,0.8280415687087431,0.8279458464641297,0.8986208764902223,-0.8718313212603611,1.0325980969955464
CAS00221,casa,disponible,alquiler,3500.0,dolar,4,5,Urubó,Santa Cruz de la Sierra,435.0,-17.742863,-63.220345,8.160803920954665,8.160803920954665,6.077642243349034,6.077642243349034,1.6094379124341003,1.6094379124341003,1.791759469228055,1.791759469228055,1,0,0,293318.67804873566,338544.4936065574,363867.0815300617,0.47501141805261543,0.6137811675983271,0.9041007344799207,0.11763177455760256,-0.016114366641495355,-1.222499172317344,0.7751307928520517,0.8986208764902223,-0.8835797833242877,1.0098861222416324
TER00072,terreno,disponible,venta,270000.0,dolar,0,0,Carretera Norte,Santa Cruz de la Sierra,8564.0,-17.44466,-63.217548,12.506180941677357,12.506180941677357,9.05543941075822,9.05543941075822,0.0,0.0,0.0,0.0,1,2,0,687663.6869501647,338544.4936065574,241093.2232523852,2.8912259861323895,-1.7747055502094886,-1.8276372100843195,1.7525844210160881,-0.016114366641495355,0.8280415687087431,-0.10079290650209513,0.8986208764902223,-0.43756748124288586,1.0110369654342033
TER00073,terreno,disponible,alquiler,950.0,dolar,0,0,Entre 1er y 2do anillo Sur,Santa Cruz de la Sierra,1100.0,-17.795048,-63.182484,6.85751406254539,6.85751406254539,7.00397413672268,7.00397413672268,0.0,0.0,0.0,0.0,1,0,0,687663.6869501647,338544.4936065574,294155.68177753733,1.2266464320632133,-1.7747055502094886,-1.8276372100843195,1.7525844210160881,-0.016114366641495355,-1.222499172317344,0.277778441016013,0.8986208764902223,-0.9616311509635084,1.0254642681529333
CAS00222,casa,disponible,anticretico,65000.0,dolar,3,2,Urubó,Santa Cruz de la Sierra,250.0,-17.760439,-63.221718,11.082157933374816,11.082157933374816,5.5254529391317835,5.5254529391317835,1.3862943611198906,1.3862943611198906,1.0986122886681098,1.0986122886681098,1,1,0,293318.67804873566,338544.4936065574,363867.0815300617,0.026959463476953424,0.2826249270494829,-0.152679758003872,0.11763177455760256,-0.016114366641495355,-0.1972288018043005,0.7751307928520517,0.8986208764902223,-0.9098676215465171,1.009321192780281
CAS00223,casa,disponible,venta,2800000.0,dolar,5,6,Urubó,Santa Cruz de la Sierra,2000.0,-17.746502,-63.2206,14.845130332288226,14.845130332288226,7.601402334583733,7.601402334583733,1.791759469228055,1.791759469228055,1.9459101490553132,1.9459101490553132,1,2,0,293318.67804873566,338544.4936065574,363867.0815300617,1.7114056798898358,0.8843555174431118,1.1391207070245153,0.11763177455760256,-0.016114366641495355,0.8280415687087431,0.7751307928520517,0.8986208764902223,-0.889022514508327,1.0097812008922937
DEP00334,departamento,disponible,alquiler,980.0,dolar,1,3,Equipetrol,Santa Cruz de la Sierra,135.0,-17.770164,-63.191612,6.8885724595653635,6.8885724595653635,4.912654885736052,4.912654885736052,0.6931471805599453,0.6931471805599453,1.3862943611198906,1.3862943611198906,1,0,0,71095.44020000269,338544.4936065574,109656.35558668687,-0.47027103969862877,-0.7460403115800028,0.2859237748832662,-0.8037047775075877,-0.016114366641495355,-1.222499172317344,-1.0385223952738374,0.8986208764902223,-0.9244129803716846,1.0217084953028155
DEP00335,departamento,disponible,venta,62000.0,dolar,1,1,Sirari,Santa Cruz de la Sierra,43.0,-17.766163,-63.201767,11.034905792929415,11.034905792929415,3.784189633918261,3.784189633918261,0.6931471805599453,0.6931471805599453,0.6931471805599453,0.6931471805599453,1,2,0,71095.44020000269,338544.4936065574,216778.5354302577,-1.3859190935203174,-0.7460403115800028,-0.7708567176005267,-0.8037047775075877,-0.016114366641495355,0.8280415687087431,-0.27426478076404176,0.8986208764902223,-0.918428817836,1.0175301568614321
DEP00336,departamento,disponible,venta,69000.0,dolar,1,1,Entre 3er y 4to anillo Norte,Santa Cruz de la Sierra,41.0,-17.757717,-63.170197,11.141876276228,11.141876276228,3.7376696182833684,3.7376696182833684,0.6931471805599453,0.6931471805599453,0.6931471805599453,0.6931471805599453,1,2,0,71095.44020000269,338544.4936065574,544356.7072126968,-1.423665902038549,-0.7460403115800028,-0.7708567176005267,-0.8037047775075877,-0.016114366641495355,0.8280415687087431,2.062824629641123,0.8986208764902223,-0.9057964167421841,1.0305198313660593
LOC00029,local comercial,disponible,venta,300000.0,dolar,7,4,Urubó,Santa Cruz de la Sierra,224.0,-17.749363,-63.215065,12.611541086966115,12.611541086966115,5.41610040220442,5.41610040220442,2.0794415416798357,2.0794415416798357,1.6094379124341003,1.6094379124341003,1,2,0,225639.55594352554,338544.4936065574,363867.0815300617,-0.06177028469802355,1.3112901656789684,0.6261311055427021,-0.16296556355542782,-0.016114366641495355,0.8280415687087431,0.7751307928520517,0.8986208764902223,-0.8933016169863524,1.012058611357389
CAS00224,casa,disponible,venta,215000.0,dolar,3,4,Urubó,Santa Cruz de la Sierra,320.0,-17.749399,-63.234222,12.278397958261774,12.278397958261774,5.771441123130016,5.771441123130016,1.3862943611198906,1.3862943611198906,1.6094379124341003,1.6094379124341003,1,2,0,293318.67804873566,338544.4936065574,363867.0815300617,0.22655674977202245,0.2826249270494829,0.6261311055427021,0.11763177455760256,-0.016114366641495355,0.8280415687087431,0.7751307928520517,0.8986208764902223,-0.8933554609881753,1.004176343556148
DEP00337,departamento,disponible,venta,108300.0,dolar,1,1,Equipetrol,Santa Cruz de la Sierra,75.0,-17.764784,-63.194801,11.592669666556795,11.592669666556795,4.330733340286331,4.330733340286331,0.6931471805599453,0.6931471805599453,0.6931471805599453,0.6931471805599453,1,2,0,71095.44020000269,338544.4936065574,109656.35558668687,-0.9424480338148653,-0.7460403115800028,-0.7708567176005267,-0.8037047775075877,-0.016114366641495355,0.8280415687087431,-1.0385223952738374,0.8986208764902223,-0.9163662934329249,1.0203963612516516
DEP00338,departamento,disponible,alquiler,375.0,dolar,1,1,Equipetrol,Santa Cruz de la Sierra,67.0,-17.764261,-63.192204,5.929589143389895,5.929589143389895,4.219507705176107,4.219507705176107,0.6931471805599453,0.6931471805599453,0.6931471805599453,0.6931471805599453,1,0,0,71095.44020000269,338544.4936065574,109656.35558668687,-1.03269763269237,-0.7460403115800028,-0.7708567176005267,-0.8037047775075877,-0.016114366641495355,-1.222499172317344,-1.0385223952738374,0.8986208764902223,-0.9155840597398114,1.021464913189838
CAS00225,casa,disponible,alquiler,850.0,dolar,3,3,Entre 6to y 7mo anillo Norte,Santa Cruz de la Sierra,300.0,-17.732338,-63.158691,6.7464121285733745,6.7464121285733745,5.707110264748875,5.707110264748875,1.3862943611198906,1.3862943611198906,1.3862943611198906,1.3862943611198906,1,0,0,293318.67804873566,338544.4936065574,557886.4069768668,0.1743580443333893,0.2826249270494829,0.2859237748832662,0.11763177455760256,-0.016114366641495355,-1.222499172317344,2.159351568150943,0.8986208764902223,-0.867837891125325,1.0352540472308145
CAS00226,casa,disponible,venta,160000.0,dolar,5,4,Entre 6to y 7mo anillo Oeste,Santa Cruz de la Sierra,170.0,-17.817701,-63.23061,11.982935344196433,11.982935344196433,5.14166355650266,5.14166355650266,1.791759469228055,1.791759469228055,1.6094379124341003,1.6094379124341003,1,2,0,293318.67804873566,338544.4936065574,234401.0588416865,-0.2844511011954675,0.8843555174431118,0.6261311055427021,0.11763177455760256,-0.016114366641495355,0.8280415687087431,-0.14853780504595088,0.8986208764902223,-0.9955124891091649,1.0056625236103376
TER00074,terreno,disponible,venta,332000.0,dolar,0,0,Urubó,Santa Cruz de la Sierra,1106.0,-17.779156,-63.237339,12.712893259942282,12.712893259942282,7.009408932708637,7.009408932708637,0.0,0.0,0.0,0.0,1,2,0,687663.6869501647,338544.4936065574,363867.0815300617,1.231056280181659,-1.7747055502094886,-1.8276372100843195,1.7525844210160881,-0.016114366641495355,0.8280415687087431,0.7751307928520517,0.8986208764902223,-0.937862015493114,1.0028938343565634
TER00075,terreno,disponible,venta,1600000.0,dolar,0,0,Entre 1er y 2do anillo Oeste,Santa Cruz de la Sierra,1007.0,-17.795336,-63.193787,14.285514812209815,14.285514812209815,6.915723448631314,6.915723448631314,0.0,0.0,0.0,0.0,1,2,0,687663.6869501647,338544.4936065574,314160.57736389193,1.1550389362461146,-1.7747055502094886,-1.8276372100843195,1.7525844210160881,-0.016114366641495355,0.8280415687087431,0.42050232697194745,0.8986208764902223,-0.9620619029780703,1.0208135779113812
TER00076,terreno,disponible,venta,104000.0,dolar,0,0,Urubó,Santa Cruz de la Sierra,849.0,-17.766916,-63.236912,11.552155793461898,11.552155793461898,6.745236349484363,6.745236349484363,0.0,0.0,0.0,0.0,1,2,0,687663.6869501647,338544.4936065574,363867.0815300617,1.0167039894817838,-1.7747055502094886,-1.8276372100843195,1.7525844210160881,-0.016114366641495355,0.8280415687087431,0.7751307928520517,0.8986208764902223,-0.9195550548740818,1.0030695261846756
CAS00227,casa,disponible,venta,149500.0,dolar,3,3,Urubó,Santa Cruz de la Sierra,220.0,-17.749388,-63.2342,11.915058360753719,11.915058360753719,5.3981627015177525,5.3981627015177525,1.3862943611198906,1.3862943611198906,1.3862943611198906,1.3862943611198906,1,2,0,293318.67804873566,338544.4936065574,363867.0815300617,-0.07632511542703853,0.2826249270494829,0.2859237748832662,0.11763177455760256,-0.016114366641495355,0.8280415687087431,0.7751307928520517,0.8986208764902223,-0.8933390086542846,1.0041853955941307
CAS00228,casa,disponible,venta,189000.0,dolar,4,3,Carretera Norte,Santa Cruz de la Sierra,236.0,-17.70248,-63.165207,12.149507585033072,12.149507585033072,5.4680601411351315,5.4680601411351315,1.6094379124341003,1.6094379124341003,1.3862943611198906,1.3862943611198906,1,2,0,293318.67804873566,338544.4936065574,241093.2232523852,-0.019609629992573267,0.6137811675983271,0.2859237748832662,0.11763177455760256,-0.016114366641495355,0.8280415687087431,-0.10079290650209513,0.8986208764902223,-0.823180274281949,1.0325729981629581
OFI00081,oficina,disponible,alquiler,4000.0,dolar,7,2,Sirari,Santa Cruz de la Sierra,350.0,-17.759798,-63.199951,8.294299608857235,8.294299608857235,5.860786223465865,5.860786223465865,2.0794415416798357,2.0794415416798357,1.0986122886681098,1.0986122886681098,1,0,0,127588.56880770384,338544.4936065574,216778.5354302577,0.29905226269033564,1.3112901656789684,-0.152679758003872,-0.5694845184983812,-0.016114366641495355,-1.222499172317344,-0.27426478076404176,0.8986208764902223,-0.9089088991807632,1.0182773614512446
CAS00229,casa,disponible,venta,240000.0,dolar,4,3,Entre 4to y 5to anillo Norte,Santa Cruz de la Sierra,253.0,-17.738539,-63.183002,12.388398368982115,12.388398368982115,5.537334267018537,5.537334267018537,1.6094379124341003,1.6094379124341003,1.3862943611198906,1.3862943611198906,1,2,0,293318.67804873566,338544.4936065574,326892.80690165295,0.036600092409743504,0.6137811675983271,0.2859237748832662,0.11763177455760256,-0.016114366641495355,0.8280415687087431,0.5113397556737347,0.8986208764902223,-0.8771125204389372,1.025251133804077
TER00077,terreno,disponible,venta,80000.0,dolar,0,0,Urubó,Santa Cruz de la Sierra,763.0,-17.765642,-63.254745,11.289794413577894,11.289794413577894,6.638567789166521,6.638567789166521,0.0,0.0,0.0,0.0,1,2,0,687663.6869501647,338544.4936065574,363867.0815300617,0.9301520469193876,-1.7747055502094886,-1.8276372100843195,1.7525844210160881,-0.016114366641495355,0.8280415687087431,0.7751307928520517,0.8986208764902223,-0.9176495754763189,0.9957320264874601
CAS00230,casa,disponible,venta,880000.0,dolar,4,7,Las Palmas,Santa Cruz de la Sierra,645.0,-17.80364,-63.210869,13.68767832281738,13.68767832281738,6.470799503782602,6.470799503782602,1.6094379124341003,1.6094379124341003,2.0794415416798357,2.0794415416798357,1,2,0,293318.67804873566,338544.4936065574,347140.37653496256,0.794023172984339,0.6137811675983271,1.3427042673670588,0.11763177455760256,-0.016114366641495355,0.8280415687087431,0.6557949869822386,0.8986208764902223,-0.9744819193980429,1.0137850818743808
DEP00339,departamento,disponible,venta,82900.0,dolar,1,1,Entre 3er y 4to anillo Norte,Santa Cruz de la Sierra,34.0,-17.755369,-63.172844,11.325402403776808,11.325402403776808,3.5553480614894135,3.5553480614894135,0.6931471805599453,0.6931471805599453,0.6931471805599453,0.6931471805599453,1,2,0,71095.44020000269,338544.4936065574,544356.7072126968,-1.5716034467517828,-0.7460403115800028,-0.7708567176005267,-0.8037047775075877,-0.016114366641495355,0.8280415687087431,2.062824629641123,0.8986208764902223,-0.9022845912901057,1.0294307066142792
EDI00014,edificio,disponible,venta,750000.0,dolar,20,20,Entre 3er y 4to anillo Norte,Santa Cruz de la Sierra,406.0,-17.751202,-63.182724,13.527829818844937,13.527829818844937,6.008813185442595,6.008813185442595,3.044522437723423,3.044522437723423,3.044522437723423,3.044522437723423,1,2,0,1171175.6402570198,338544.4936065574,544356.7072126968,0.41916282828266843,2.7435186996296728,2.814078159104963,3.757222820917717,-0.016114366641495355,0.8280415687087431,2.062824629641123,0.8986208764902223,-0.8960521480793591,1.0253655186476724
DEP00340,departamento,disponible,alquiler,980.0,dolar,1,2,Equipetrol,Santa Cruz de la Sierra,135.0,-17.770302,-63.191734,6.8885724595653635,6.8885724595653635,4.912654885736052,4.912654885736052,0.6931471805599453,0.6931471805599453,1.0986122886681098,1.0986122886681098,1,0,0,71095.44020000269,338544.4936065574,109656.35558668687,-0.47027103969862877,-0.7460403115800028,-0.152679758003872,-0.8037047775075877,-0.016114366641495355,-1.222499172317344,-1.0385223952738374,0.8986208764902223,-0.9246193823786635,1.0216582976376418
DEP00341,departamento,disponible,venta,48400.0,dolar,1,1,Entre 4to y 5to anillo Norte,Santa Cruz de la Sierra,28.0,-17.748013,-63.169151,10.78727575364831,10.78727575364831,3.367295829986474,3.4011973816621555,0.6931471805599453,0.6931471805599453,0.6931471805599453,0.6931471805599453,1,2,0,71095.44020000269,338544.4936065574,326892.80690165295,-1.6966828585916696,-0.7460403115800028,-0.7708567176005267,-0.8037047775075877,-0.016114366641495355,0.8280415687087431,0.5113397556737347,0.8986208764902223,-0.8912824669180792,1.0309502146264924
DEP00342,departamento,disponible,alquiler,450.0,dolar,3,2,Barrio Urbari,Santa Cruz de la Sierra,86.0,-17.795179,-63.197517,6.111467339502679,6.111467339502679,4.465908118654584,4.465908118654584,1.3862943611198906,1.3862943611198906,1.0986122886681098,1.0986122886681098,1,0,0,71095.44020000269,338544.4936065574,236906.37987131116,-0.8327658592514134,0.2826249270494829,-0.152679758003872,-0.8037047775075877,-0.016114366641495355,-1.222499172317344,-0.13066372260589781,0.8986208764902223,-0.9618270833034664,1.0192788460171072
DEP00343,departamento,disponible,alquiler,390.0,dolar,3,3,Entre 1er y 2do anillo Norte,Santa Cruz de la Sierra,142.0,-17.770645,-63.176365,5.968707559985366,5.968707559985366,4.962844630259907,4.962844630259907,1.3862943611198906,1.3862943611198906,1.3862943611198906,1.3862943611198906,1,0,0,71095.44020000269,338544.4936065574,204581.96379801774,-0.4295465762549856,0.2826249270494829,0.2859237748832662,-0.8037047775075877,-0.016114366641495355,-1.222499172317344,-0.36128058602925733,0.8986208764902223,-0.9251323960626732,1.0279819690808363
OFI00082,oficina,disponible,alquiler,790.0,dolar,4,2,Urubó,Santa Cruz de la Sierra,75.0,-17.750793,-63.216568,6.673297967767654,6.673297967767654,4.330733340286331,4.330733340286331,1.6094379124341003,1.6094379124341003,1.0986122886681098,1.0986122886681098,1,0,0,127588.56880770384,338544.4936065574,363867.0815300617,-0.9424480338148653,0.6137811675983271,-0.152679758003872,-0.5694845184983812,-0.016114366641495355,-1.222499172317344,0.7751307928520517,0.8986208764902223,-0.895440420392011,1.011440192580688
CAS00231,casa,disponible,venta,450800.0,dolar,5,4,Entre 3er y 4to anillo Norte,Santa Cruz de la Sierra,360.0,-17.755962,-63.165638,13.018781279423914,13.018781279423914,5.8888779583328805,5.8888779583328805,1.791759469228055,1.791759469228055,1.6094379124341003,1.6094379124341003,1,2,0,293318.67804873566,338544.4936065574,544356.7072126968,0.32184617886810246,0.8843555174431118,0.6261311055427021,0.11763177455760256,-0.016114366641495355,0.8280415687087431,2.062824629641123,0.8986208764902223,-0.9031715216534274,1.0323956605097593
DEP00344,departamento,disponible,alquiler,300.0,dolar,1,1,Equipetrol,Santa Cruz de la Sierra,37.0,-17.764202,-63.192226,5.707110264748875,5.707110264748875,3.6375861597263857,3.6375861597263857,0.6931471805599453,0.6931471805599453,0.6931471805599453,0.6931471805599453,1,0,0,71095.44020000269,338544.4936065574,109656.35558668687,-1.5048746268086066,-0.7460403115800028,-0.7708567176005267,-0.8037047775075877,-0.016114366641495355,-1.222499172317344,-1.0385223952738374,0.8986208764902223,-0.9154958154034938,1.021455861151855
DEP00345,departamento,disponible,alquiler,250.0,dolar,2,3,Entre 3er y 4to anillo Oeste,Santa Cruz de la Sierra,110.0,-17.803869,-63.203732,5.5254529391317835,5.5254529391317835,4.709530201312334,4.709530201312334,1.0986122886681098,1.0986122886681098,1.3862943611198906,1.3862943611198906,1,0,0,71095.44020000269,338544.4936065574,227097.1951425342,-0.6350884513788899,-0.1443097211863738,0.2859237748832662,-0.8037047775075877,-0.016114366641495355,-1.222499172317344,-0.20064684031362548,0.8986208764902223,-0.974824427076287,1.0167216452870997
CAS00232,casa,disponible,venta,91000.0,dolar,4,3,Entre 8vo y 9no anillo Norte,Santa Cruz de la Sierra,160.0,-17.722065,-63.143147,11.418625774449598,11.418625774449598,5.081404364984463,5.081404364984463,1.6094379124341003,1.6094379124341003,1.3862943611198906,1.3862943611198906,1,2,0,293318.67804873566,338544.4936065574,261562.36069303774,-0.33334601519448065,0.6137811675983271,0.2859237748832662,0.11763177455760256,-0.016114366641495355,0.8280415687087431,0.04524308879141491,0.8986208764902223,-0.8524729069391117,1.041649723521595
CAS00233,casa,disponible,venta,135000.0,dolar,3,2,Carretera Norte,Santa Cruz de la Sierra,110.0,-17.695908,-63.130333,11.813037464800539,11.813037464800539,4.709530201312334,4.709530201312334,1.3862943611198906,1.3862943611198906,1.0986122886681098,1.0986122886681098,1,2,0,293318.67804873566,338544.4936065574,241093.2232523852,-0.6350884513788899,0.2826249270494829,-0.152679758003872,0.11763177455760256,-0.016114366641495355,0.8280415687087431,-0.10079290650209513,0.8986208764902223,-0.8133507526162385,1.046922124190024
DEP00346,departamento,disponible,alquiler,380.0,dolar,2,2,Centro,Santa Cruz de la Sierra,60.0,-17.79001,-63.176167,5.942799375126701,5.942799375126701,4.110873864173311,4.110873864173311,1.0986122886681098,1.0986122886681098,1.0986122886681098,1.0986122886681098,1,0,0,71095.44020000269,338544.4936065574,288595.4885427981,-1.1208442237665324,-0.1443097211863738,-0.152679758003872,-0.8037047775075877,-0.016114366641495355,-1.222499172317344,0.2381095318881303,0.8986208764902223,-0.9540959820420447,1.028063437422676
DEP00347,departamento,disponible,venta,59000.0,dolar,1,1,Equipetrol,Santa Cruz de la Sierra,38.0,-17.76539,-63.194401,10.985309671896763,10.985309671896763,3.6635616461296463,3.6635616461296463,0.6931471805599453,0.6931471805599453,0.6931471805599453,0.6931471805599453,1,2,0,71095.44020000269,338544.4936065574,109656.35558668687,-1.483797855916544,-0.7460403115800028,-0.7708567176005267,-0.8037047775075877,-0.016114366641495355,0.8280415687087431,-1.0385223952738374,0.8986208764902223,-0.9172726674635746,1.0205609437604206
CAS00234,casa,disponible,venta,1050000.0,dolar,5,6,Urubó,Santa Cruz de la Sierra,1080.0,-17.760071,-63.222233,13.864301674514206,13.864301674514206,6.985641817639208,6.985641817639208,1.791759469228055,1.791759469228055,1.9459101490553132,1.9459101490553132,1,2,0,293318.67804873566,338544.4936065574,363867.0815300617,1.2117714039985217,0.8843555174431118,1.1391207070245153,0.11763177455760256,-0.016114366641495355,0.8280415687087431,0.7751307928520517,0.8986208764902223,-0.90931721619457,1.0091092928002403
CAS00235,casa,disponible,alquiler,850.0,dolar,3,3,Entre 2do y 3er anillo Norte,Santa Cruz de la Sierra,180.0,-17.765999,-63.169235,6.7464121285733745,6.7464121285733745,5.198497031265826,5.198497031265826,1.3862943611198906,1.3862943611198906,1.3862943611198906,1.3862943611198906,1,0,0,293318.67804873566,338544.4936065574,401212.6233841972,-0.2383358482224682,0.2826249270494829,0.2859237748832662,0.11763177455760256,-0.016114366641495355,-1.222499172317344,1.0415706167213592,0.8986208764902223,-0.9181835284943755,1.0309156522996503
TER00078,terreno,disponible,venta,3600000.0,dolar,0,0,Carretera Cotoca,Santa Cruz de la Sierra,50000.0,-17.765306,-63.073269,15.096444681204078,15.096444681204078,10.819798284210286,10.819798284210286,0.0,0.0,0.0,0.0,1,2,0,687663.6869501647,338544.4936065574,1051546.0699277688,4.322844519460755,-1.7747055502094886,-1.8276372100843195,1.7525844210160881,-0.016114366641495355,0.8280415687087431,5.681340729849371,0.8986208764902223,-0.9171470314593247,1.0704014648910734
CAS00236,casa,disponible,alquiler,650.0,dolar,2,2,Carretera Norte,Santa Cruz de la Sierra,180.0,-17.687233,-63.150787,6.478509642208569,6.478509642208569,5.198497031265826,5.198497031265826,1.0986122886681098,1.0986122886681098,1.0986122886681098,1.0986122886681098,1,0,0,293318.67804873566,338544.4936065574,241093.2232523852,-0.2383358482224682,-0.1443097211863738,-0.152679758003872,0.11763177455760256,-0.016114366641495355,-1.222499172317344,-0.10079290650209513,0.8986208764902223,-0.800375843844173,1.0385061976040975
CAS00237,casa,disponible,venta,270000.0,dolar,4,4,Entre 3er y 4to anillo Oeste,Santa Cruz de la Sierra,420.0,-17.797323,-63.212589,12.506180941677357,12.506180941677357,6.042632833682381,6.042632833682381,1.6094379124341003,1.6094379124341003,1.6094379124341003,1.6094379124341003,1,2,0,293318.67804873566,338544.4936065574,227097.1951425342,0.44660443097429897,0.6137811675983271,0.6261311055427021,0.11763177455760256,-0.016114366641495355,0.8280415687087431,-0.20064684031362548,0.8986208764902223,-0.9650337927452276,1.0130773770866726
TER00079,terreno,disponible,venta,115000.0,dolar,0,0,Entre 3er y 4to anillo Norte,Santa Cruz de la Sierra,248.0,-17.755692,-63.158081,11.652696102959753,11.652696102959753,5.517452896464707,5.517452896464707,0.0,0.0,0.0,0.0,1,2,0,687663.6869501647,338544.4936065574,544356.7072126968,0.020468148403849622,-1.7747055502094886,-1.8276372100843195,1.7525844210160881,-0.016114366641495355,0.8280415687087431,2.062824629641123,0.8986208764902223,-0.9027676916397717,1.0355050355566857
CAS00238,casa,disponible,alquiler,4500.0,dolar,5,6,Urubó,Santa Cruz de la Sierra,500.0,-17.751499,-63.217743,8.412054873292933,8.412054873292933,6.2166061010848646,6.2166061010848646,1.791759469228055,1.791759469228055,1.9459101490553132,1.9459101490553132,1,0,0,293318.67804873566,338544.4936065574,363867.0815300617,0.587768089720085,0.8843555174431118,1.1391207070245153,0.11763177455760256,-0.016114366641495355,-1.222499172317344,0.7751307928520517,0.8986208764902223,-0.8964963610943792,1.0109567314611791
TER00080,terreno,disponible,venta,79000.0,dolar,0,0,Urubó,Santa Cruz de la Sierra,763.0,-17.765814,-63.255192,11.277215789596893,11.277215789596893,6.638567789166521,6.638567789166521,0.0,0.0,0.0,0.0,1,2,0,687663.6869501647,338544.4936065574,363867.0815300617,0.9301520469193876,-1.7747055502094886,-1.8276372100843195,1.7525844210160881,-0.016114366641495355,0.8280415687087431,0.7751307928520517,0.8986208764902223,-0.9179068301516831,0.9955481055339097
TER00081,terreno,disponible,venta,8470000.0,dolar,0,0,Carretera Cotoca,Santa Cruz de la Sierra,242000.0,-17.763264,-63.064598,15.952041184691984,15.520258832020865,12.396697137361691,10.819798284210286,0.0,0.0,0.0,0.0,1,2,0,687663.6869501647,338544.4936065574,1051546.0699277688,4.322844519460755,-1.7747055502094886,-1.8276372100843195,1.7525844210160881,-0.016114366641495355,0.8280415687087431,5.681340729849371,0.8986208764902223,-0.9140928800227196,1.073969202224926
TER00082,terreno,disponible,venta,178000.0,dolar,0,0,Urubó,Santa Cruz de la Sierra,774.0,-17.771229,-63.229527,12.08954444723597,12.08954444723597,6.652863029353347,6.652863029353347,0.0,0.0,0.0,0.0,1,2,0,687663.6869501647,338544.4936065574,363867.0815300617,0.9417513485681501,-1.7747055502094886,-1.8276372100843195,1.7525844210160881,-0.016114366641495355,0.8280415687087431,0.7751307928520517,0.8986208764902223,-0.9260058654255471,1.0061081307528315
OFI00083,oficina,disponible,alquiler,300.0,dolar,1,1,Entre 2do y 3er anillo Norte,Santa Cruz de la Sierra,37.0,-17.764277,-63.192581,5.707110264748875,5.707110264748875,3.6375861597263857,3.6375861597263857,0.6931471805599453,0.6931471805599453,0.6931471805599453,0.6931471805599453,1,0,0,127588.56880770384,338544.4936065574,401212.6233841972,-1.5048746268086066,-0.7460403115800028,-0.7708567176005267,-0.5694845184983812,-0.016114366641495355,-1.222499172317344,1.0415706167213592,0.8986208764902223,-0.9156079904072852,1.0213097941753224
TER00083,terreno,disponible,venta,814400.0,dolar,0,0,Urubó,Santa Cruz de la Sierra,2036.0,-17.748779,-63.215515,13.610208152675481,13.610208152675481,7.619233416226805,7.619233416226805,0.0,0.0,0.0,0.0,1,2,0,687663.6869501647,338544.4936065574,363867.0815300617,1.7258739988546548,-1.7747055502094886,-1.8276372100843195,1.7525844210160881,-0.016114366641495355,0.8280415687087431,0.7751307928520517,0.8986208764902223,-0.8924281476234838,1.011873456035023
TER00084,terreno,disponible,venta,2042000.0,dolar,0,0,Entre 7mo y 8vo anillo Norte,Santa Cruz de la Sierra,5105.0,-17.72086,-63.162548,14.529440767422592,14.529440767422592,8.53817159780143,8.53817159780143,0.0,0.0,0.0,0.0,1,2,0,687663.6869501647,338544.4936065574,299803.402354987,2.4715096807561014,-1.7747055502094886,-1.8276372100843195,1.7525844210160881,-0.016114366641495355,0.8280415687087431,0.3180718094131331,0.8986208764902223,-0.8506706285448329,1.0336670603900036
OFI00084,oficina,disponible,alquiler,2500.0,dolar,3,1,Equipetrol,Santa Cruz de la Sierra,188.0,-17.75515,-63.198364,7.824445930877619,7.824445930877619,5.241747015059643,5.241747015059643,1.3862943611198906,1.3862943611198906,0.6931471805599453,0.6931471805599453,1,0,0,127588.56880770384,338544.4936065574,109656.35558668687,-0.20324237642541015,0.2826249270494829,-0.7708567176005267,-0.5694845184983812,-0.016114366641495355,-1.222499172317344,-1.0385223952738374,0.8986208764902223,-0.901957040279028,1.0189303425547878
CAS00239,casa,disponible,venta,1141506.0,dolar,4,4,Sirari,Santa Cruz de la Sierra,580.0,-17.762388,-63.202374,13.94785987721527,13.94785987721527,6.364750756851911,6.364750756851911,1.6094379124341003,1.6094379124341003,1.6094379124341003,1.6094379124341003,1,2,0,293318.67804873566,338544.4936065574,216778.5354302577,0.7079741532374777,0.6137811675983271,0.6261311055427021,0.11763177455760256,-0.016114366641495355,0.8280415687087431,-0.27426478076404176,0.8986208764902223,-0.9127826759784194,1.0172804029043734
TER00085,terreno,disponible,venta,65000.0,dolar,0,0,Entre 8vo y 9no anillo Norte,Santa Cruz de la Sierra,633.0,-17.726183,-63.128529,11.082157933374816,11.082157933374816,6.452048954437226,6.452048954437226,0.0,0.0,0.0,0.0,1,2,0,687663.6869501647,338544.4936065574,261562.36069303774,0.7788087886791736,-1.7747055502094886,-1.8276372100843195,1.7525844210160881,-0.016114366641495355,0.8280415687087431,0.04524308879141491,0.8986208764902223,-0.8586320624807074,1.0476643913045742
TER00086,terreno,disponible,venta,19000.0,dolar,0,0,Urubó,Santa Cruz de la Sierra,1500.0,-17.779728,-63.26506,9.852246888342531,9.852246888342531,7.313886831633462,7.313886831633462,0.0,0.0,0.0,0.0,1,2,0,687663.6869501647,338544.4936065574,363867.0815300617,1.4781127093744368,-1.7747055502094886,-1.8276372100843195,1.7525844210160881,-0.016114366641495355,0.8280415687087431,0.7751307928520517,0.8986208764902223,-0.9387175368553732,0.9914878550425683
CAS00240,casa,disponible,venta,290000.0,dolar,3,4,Entre 4to y 5to anillo Norte,Santa Cruz de la Sierra,370.0,-17.744169,-63.174473,12.577639650232573,12.577639650232573,5.916202062607435,5.916202062607435,1.3862943611198906,1.3862943611198906,1.6094379124341003,1.6094379124341003,1,2,0,293318.67804873566,338544.4936065574,326892.80690165295,0.34401723186341115,0.2826249270494829,0.6261311055427021,0.11763177455760256,-0.016114366641495355,0.8280415687087431,0.5113397556737347,0.8986208764902223,-0.8855331240570037,1.028760444347315
GAL00003,galpon,disponible,venta,175000.0,dolar,3,3,Entre 4to y 5to anillo Norte,Santa Cruz de la Sierra,190.0,-17.750862,-63.157879,12.07254696717504,12.07254696717504,5.25227342804663,5.25227342804663,1.3862943611198906,1.3862943611198906,1.3862943611198906,1.3862943611198906,1,2,0,367581.7512828929,338544.4936065574,326892.80690165295,-0.19470113906809491,0.2826249270494829,0.2859237748832662,0.42552614465897515,-0.016114366641495355,0.8280415687087431,0.5113397556737347,0.8986208764902223,-0.8955436213955005,1.035588149723615
TER00087,terreno,disponible,venta,930000.0,dolar,0,0,Entre 3er y 4to anillo Norte,Santa Cruz de la Sierra,1100.0,-17.757931,-63.170841,13.742940940397677,13.742940940397677,7.00397413672268,7.00397413672268,0.0,0.0,0.0,0.0,1,2,0,687663.6869501647,338544.4936065574,544356.7072126968,1.2266464320632133,-1.7747055502094886,-1.8276372100843195,1.7525844210160881,-0.016114366641495355,0.8280415687087431,2.062824629641123,0.8986208764902223,-0.9061164894196733,1.03025485352694
CAS00241,casa,disponible,venta,1100000.0,dolar,4,7,Urubó,Santa Cruz de la Sierra,980.0,-17.731291,-63.218761,13.910821646859095,13.910821646859095,6.8885724595653635,6.8885724595653635,1.6094379124341003,1.6094379124341003,2.0794415416798357,2.0794415416798357,1,2,0,293318.67804873566,338544.4936065574,363867.0815300617,1.1330083506720132,0.6137811675983271,1.3427042673670588,0.11763177455760256,-0.016114366641495355,0.8280415687087431,0.7751307928520517,0.8986208764902223,-0.866271928072374,1.01053786897636
TER00088,terreno,disponible,venta,290000.0,dolar,0,0,Urubó,Santa Cruz de la Sierra,270000.0,-17.47191,-63.270985,12.577639650232573,12.577639650232573,12.506180941677357,10.819798284210286,0.0,0.0,0.0,0.0,1,2,0,687663.6869501647,338544.4936065574,363867.0815300617,4.322844519460755,-1.7747055502094886,-1.8276372100843195,1.7525844210160881,-0.016114366641495355,0.8280415687087431,0.7751307928520517,0.8986208764902223,-0.4783243992877048,0.9890499766314188
CAS00242,casa,disponible,alquiler,630.0,dolar,4,3,Entre 4to y 5to anillo Norte,Santa Cruz de la Sierra,190.0,-17.746193,-63.169582,6.447305862541213,6.447305862541213,5.25227342804663,5.25227342804663,1.6094379124341003,1.6094379124341003,1.3862943611198906,1.3862943611198906,1,0,0,293318.67804873566,338544.4936065574,326892.80690165295,-0.19470113906809491,0.6137811675983271,0.2859237748832662,0.11763177455760256,-0.016114366641495355,-1.222499172317344,0.5113397556737347,0.8986208764902223,-0.8885603534927028,1.0307728769732938
CAS00243,casa,disponible,alquiler,2200.0,dolar,5,5,Urubó,Santa Cruz de la Sierra,450.0,-17.752054,-63.218857,7.696667081526462,7.696667081526462,6.111467339502679,6.111467339502679,1.791759469228055,1.791759469228055,1.791759469228055,1.791759469228055,1,0,0,293318.67804873566,338544.4936065574,363867.0815300617,0.5024574412363376,0.8843555174431118,0.9041007344799207,0.11763177455760256,-0.016114366641495355,-1.222499172317344,0.7751307928520517,0.8986208764902223,-0.8973264561224511,1.0104983691742557
OFI00085,oficina,disponible,alquiler,4500.0,dolar,7,2,Sirari,Santa Cruz de la Sierra,350.0,-17.75939,-63.199867,8.412054873292933,8.412054873292933,5.860786223465865,5.860786223465865,2.0794415416798357,2.0794415416798357,1.0986122886681098,1.0986122886681098,1,0,0,127588.56880770384,338544.4936065574,216778.5354302577,0.29905226269033564,1.3112901656789684,-0.152679758003872,-0.5694845184983812,-0.016114366641495355,-1.222499172317344,-0.27426478076404176,0.8986208764902223,-0.9082986671601286,1.0183119237780867
CAS00244,casa,disponible,alquiler,1500.0,dolar,3,4,Entre 2do y 3er anillo Sur,Santa Cruz de la Sierra,350.0,-17.809551,-63.180843,7.313886831633462,7.313886831633462,5.860786223465865,5.860786223465865,1.3862943611198906,1.3862943611198906,1.6094379124341003,1.6094379124341003,1,0,0,293318.67804873566,338544.4936065574,265911.77041615,0.29905226269033564,0.2826249270494829,0.6261311055427021,0.11763177455760256,-0.016114366641495355,-1.222499172317344,0.07627372599806595,0.8986208764902223,-0.9833228053636504,1.0261394678951596
TER00089,terreno,disponible,venta,500000.0,dolar,0,0,Entre 2do y 3er anillo Norte,Santa Cruz de la Sierra,582.0,-17.763206,-63.179195,13.122365377402328,13.122365377402328,6.368187186350492,6.368187186350492,0.0,0.0,0.0,0.0,1,2,0,687663.6869501647,338544.4936065574,401212.6233841972,0.7107625066913414,-1.7747055502094886,-1.8276372100843195,1.7525844210160881,-0.016114366641495355,0.8280415687087431,1.0415706167213592,0.8986208764902223,-0.9140061313531208,1.026817547831291
TER00090,terreno,disponible,venta,10584000.0,dolar,0,0,Entre 3er y 4to anillo Norte,Santa Cruz de la Sierra,6828.0,-17.753929,-63.175613,16.174854079259163,15.520258832020865,8.82893352896109,8.82893352896109,0.0,0.0,0.0,0.0,1,2,0,687663.6869501647,338544.4936065574,544356.7072126968,2.70743683576855,-1.7747055502094886,-1.8276372100843195,1.7525844210160881,-0.016114366641495355,0.8280415687087431,2.062824629641123,0.8986208764902223,-0.9001308312172753,1.0282913841973222
DEP00348,departamento,disponible,alquiler,630.0,dolar,4,3,Entre 4to y 5to anillo Norte,Santa Cruz de la Sierra,190.0,-17.745724,-63.164261,6.447305862541213,6.447305862541213,5.25227342804663,5.25227342804663,1.6094379124341003,1.6094379124341003,1.3862943611198906,1.3862943611198906,1,0,0,71095.44020000269,338544.4936065574,326892.80690165295,-0.19470113906809491,0.6137811675983271,0.2859237748832662,-0.8037047775075877,-0.016114366641495355,-1.222499172317344,0.5113397556737347,0.8986208764902223,-0.887858885802313,1.0329622357961974
GAL00004,galpon,disponible,alquiler,2500.0,dolar,4,4,Carretera Norte,Santa Cruz de la Sierra,1700.0,-17.518011,-63.164932,7.824445930877619,7.824445930877619,7.438971592395862,7.438971592395862,1.6094379124341003,1.6094379124341003,1.6094379124341003,1.6094379124341003,1,0,0,367581.7512828929,338544.4936065574,241093.2232523852,1.5796077421814694,0.6137811675983271,0.6261311055427021,0.42552614465897515,-0.016114366641495355,-1.222499172317344,-0.10079290650209513,0.8986208764902223,-0.5472761306192298,1.0326861486377379
DEP00349,departamento,disponible,venta,135000.0,dolar,3,2,Entre 7mo y 8vo anillo Norte,Santa Cruz de la Sierra,86.0,-17.721699,-63.168385,11.813037464800539,11.813037464800539,4.465908118654584,4.465908118654584,1.3862943611198906,1.3862943611198906,1.0986122886681098,1.0986122886681098,1,2,0,71095.44020000269,338544.4936065574,299803.402354987,-0.8327658592514134,0.2826249270494829,-0.152679758003872,-0.8037047775075877,-0.016114366641495355,0.8280415687087431,0.3180718094131331,0.8986208764902223,-0.8519254929206022,1.0312653901307853
TER00091,terreno,disponible,venta,846000.0,dolar,0,0,Entre 4to y 5to anillo Norte,Santa Cruz de la Sierra,736.0,-17.749359,-63.178089,13.648275820620759,13.648275820620759,6.602587892189336,6.602587892189336,0.0,0.0,0.0,0.0,1,2,0,687663.6869501647,338544.4936065574,326892.80690165295,0.9009575966775266,-1.7747055502094886,-1.8276372100843195,1.7525844210160881,-0.016114366641495355,0.8280415687087431,0.5113397556737347,0.8986208764902223,-0.8932956343194826,1.0272726184680387
DEP00350,departamento,disponible,venta,78000.0,dolar,1,1,Sirari,Santa Cruz de la Sierra,37.0,-17.759636,-63.201324,11.264476926102367,11.264476926102367,3.6375861597263857,3.6375861597263857,0.6931471805599453,0.6931471805599453,0.6931471805599453,0.6931471805599453,1,2,0,71095.44020000269,338544.4936065574,216778.5354302577,-1.5048746268086066,-0.7460403115800028,-0.7708567176005267,-0.8037047775075877,-0.016114366641495355,0.8280415687087431,-0.27426478076404176,0.8986208764902223,-0.9086666011725709,1.017712431989893
DEP00351,departamento,disponible,alquiler,230.0,dolar,1,1,Barrio Urbari,Santa Cruz de la Sierra,30.0,-17.795933,-63.197739,5.442417710521793,5.5254529391317835,3.4339872044851463,3.4339872044851463,0.6931471805599453,0.6931471805599453,0.6931471805599453,0.6931471805599453,1,0,0,71095.44020000269,338544.4936065574,236906.37987131116,-1.6700768665997447,-0.7460403115800028,-0.7708567176005267,-0.8037047775075877,-0.016114366641495355,-1.222499172317344,-0.13066372260589781,0.8986208764902223,-0.962954816008267,1.0191875027247397
CAS00245,casa,disponible,venta,325000.0,dolar,4,4,Entre 6to y 7mo anillo Norte,Santa Cruz de la Sierra,296.0,-17.736273,-63.153835,12.691583538230217,12.691583538230217,5.6937321388027,5.6937321388027,1.6094379124341003,1.6094379124341003,1.6094379124341003,1.6094379124341003,1,2,0,293318.67804873566,338544.4936065574,557886.4069768668,0.16350289840252016,0.6137811675983271,0.6261311055427021,0.11763177455760256,-0.016114366641495355,0.8280415687087431,2.159351568150943,0.8986208764902223,-0.873723339657671,1.0372520788872743
CAS00246,casa,disponible,venta,180000.0,dolar,3,2,Carretera Norte,Santa Cruz de la Sierra,233.0,-17.700815,-63.177635,12.100717685412471,12.100717685412471,5.455321115357702,5.455321115357702,1.3862943611198906,1.3862943611198906,1.0986122886681098,1.0986122886681098,1,2,0,293318.67804873566,338544.4936065574,241093.2232523852,-0.029946203619362562,0.2826249270494829,-0.152679758003872,0.11763177455760256,-0.016114366641495355,0.8280415687087431,-0.10079290650209513,0.8986208764902223,-0.8206899891977388,1.0274594196154911
TER00092,terreno,disponible,venta,283000.0,dolar,0,0,Entre 5to y 6to anillo Oeste,Santa Cruz de la Sierra,951.0,-17.80825,-63.227058,12.553205710188037,12.553205710188037,6.858565034791365,6.858565034791365,0.0,0.0,0.0,0.0,1,2,0,687663.6869501647,338544.4936065574,334089.19898291264,1.1086600244384386,-1.7747055502094886,-1.8276372100843195,1.7525844210160881,-0.016114366641495355,0.8280415687087431,0.5626820402793331,0.8986208764902223,-0.9813769429645229,1.00712401628821
TER00093,terreno,disponible,venta,97700.0,dolar,0,0,Urubó,Santa Cruz de la Sierra,648.0,-17.762482,-63.223091,11.489667073393028,11.489667073393028,6.47543271670409,6.47543271670409,0.0,0.0,0.0,0.0,1,2,0,687663.6869501647,338544.4936065574,363867.0815300617,0.7977826085430934,-1.7747055502094886,-1.8276372100843195,1.7525844210160881,-0.016114366641495355,0.8280415687087431,0.7751307928520517,0.8986208764902223,-0.9129232686498358,1.0087562633189324
CAS00247,casa,disponible,venta,225000.0,dolar,4,3,Entre 7mo y 8vo anillo Norte,Santa Cruz de la Sierra,213.0,-17.726307,-63.146217,12.323860125621126,12.323860125621126,5.365976015021851,5.365976015021851,1.6094379124341003,1.6094379124341003,1.3862943611198906,1.3862943611198906,1,2,0,293318.67804873566,338544.4936065574,299803.402354987,-0.10244171653767646,0.6137811675983271,0.2859237748832662,0.11763177455760256,-0.016114366641495355,0.8280415687087431,0.3180718094131331,0.8986208764902223,-0.8588175251536446,1.040386552766789
TER00094,terreno,disponible,venta,7000.0,dolar,0,0,Urubó,Santa Cruz de la Sierra,600.0,-17.511532,-63.354069,8.853808274977197,8.853808274977197,6.398594934535208,6.398594934535208,0.0,0.0,0.0,0.0,1,2,0,687663.6869501647,338544.4936065574,363867.0815300617,0.7354356593662545,-1.7747055502094886,-1.8276372100843195,1.7525844210160881,-0.016114366641495355,0.8280415687087431,0.7751307928520517,0.8986208764902223,-0.5375857059582222,0.9548645437349151
TER00095,terreno,disponible,venta,125000.0,dolar,0,0,Entre 8vo y 9no anillo Sur,Santa Cruz de la Sierra,193.0,-17.845442,-63.228573,11.736077016252437,11.736077016252437,5.267858159063328,5.267858159063328,0.0,0.0,0.0,0.0,1,2,0,687663.6869501647,338544.4936065574,243796.34922976192,-0.18205553159211169,-1.7747055502094886,-1.8276372100843195,1.7525844210160881,-0.016114366641495355,0.8280415687087431,-0.08150759496151438,0.8986208764902223,-1.0370037795121443,1.0065006600362467
CAS00248,casa,disponible,venta,325000.0,dolar,4,4,Entre 6to y 7mo anillo Norte,Santa Cruz de la Sierra,309.0,-17.733112,-63.155167,12.691583538230217,12.691583538230217,5.736572297479192,5.736572297479192,1.6094379124341003,1.6094379124341003,1.6094379124341003,1.6094379124341003,1,2,0,293318.67804873566,338544.4936065574,557886.4069768668,0.19826383397794392,0.6137811675983271,0.6261311055427021,0.11763177455760256,-0.016114366641495355,0.8280415687087431,2.159351568150943,0.8986208764902223,-0.8689955371644692,1.036704019133073
TER00096,terreno,disponible,venta,750000.0,dolar,0,0,Entre 1er y 2do anillo Sur,Santa Cruz de la Sierra,1017.0,-17.799093,-63.189651,13.527829818844937,13.527829818844937,6.925595197110468,6.925595197110468,0.0,0.0,0.0,0.0,1,2,0,687663.6869501647,338544.4936065574,294155.68177753733,1.1630489722380903,-1.7747055502094886,-1.8276372100843195,1.7525844210160881,-0.016114366641495355,0.8280415687087431,0.277778441016013,0.8986208764902223,-0.9676811228347448,1.0225153610520583
TER00097,terreno,disponible,venta,122000.0,dolar,0,0,Urubó,Santa Cruz de la Sierra,871.0,-17.694595,-63.208584,11.711784520403112,11.711784520403112,6.77078942390898,6.77078942390898,0.0,0.0,0.0,0.0,1,2,0,687663.6869501647,338544.4936065574,363867.0815300617,1.0374380110463566,-1.7747055502094886,-1.8276372100843195,1.7525844210160881,-0.016114366641495355,0.8280415687087431,0.7751307928520517,0.8986208764902223,-0.8113869422165016,1.0147252594557263
TER00098,terreno,disponible,venta,99000.0,dolar,0,0,Carretera Norte,Santa Cruz de la Sierra,587.0,-17.698402,-63.128799,11.502885230075814,11.502885230075814,6.376726947898627,6.376726947898627,0.0,0.0,0.0,0.0,1,2,0,687663.6869501647,338544.4936065574,241093.2232523852,0.7176917550922602,-1.7747055502094886,-1.8276372100843195,1.7525844210160881,-0.016114366641495355,0.8280415687087431,-0.10079290650209513,0.8986208764902223,-0.8170809454090407,1.0475532981111546
LOC00030,local comercial,disponible,alquiler,750.0,dolar,1,1,Entre 2do y 3er anillo Norte,Santa Cruz de la Sierra,200.0,-17.767294,-63.170269,6.621405651764134,6.621405651764134,5.303304908059076,5.303304908059076,0.6931471805599453,0.6931471805599453,0.6931471805599453,0.6931471805599453,1,0,0,225639.55594352554,338544.4936065574,401212.6233841972,-0.15329368298403176,-0.7460403115800028,-0.7708567176005267,-0.16296556355542782,-0.016114366641495355,-1.222499172317344,1.0415706167213592,0.8986208764902223,-0.9201204168932009,1.0304902065144825
CAS00249,casa,disponible,venta,780000.0,dolar,5,6,Urubó,Santa Cruz de la Sierra,750.0,-17.740494,-63.220001,13.567050480716235,13.567050480716235,6.621405651764134,6.621405651764134,1.791759469228055,1.791759469228055,1.9459101490553132,1.9459101490553132,1,2,0,293318.67804873566,338544.4936065574,363867.0815300617,0.9162265160387497,0.8843555174431118,1.1391207070245153,0.11763177455760256,-0.016114366641495355,0.8280415687087431,0.7751307928520517,0.8986208764902223,-0.8800365488711468,1.0100276631991736
DEP00352,departamento,disponible,venta,70900.0,dolar,1,1,Equipetrol,Santa Cruz de la Sierra,40.0,-17.768112,-63.194595,11.16903981679311,11.16903981679311,3.713572066704308,3.713572066704308,0.6931471805599453,0.6931471805599453,0.6931471805599453,0.6931471805599453,1,2,0,71095.44020000269,338544.4936065574,109656.35558668687,-1.4432188977286609,-0.7460403115800028,-0.7708567176005267,-0.8037047775075877,-0.016114366641495355,0.8280415687087431,-1.0385223952738374,0.8986208764902223,-0.9213438722679024,1.020481121243667
GAL00005,galpon,disponible,alquiler,3000.0,dolar,4,5,Carretera Norte,Santa Cruz de la Sierra,802.0,-17.665215,-63.164413,8.006700845440367,8.006700845440367,6.688354713946762,6.688354713946762,1.6094379124341003,1.6094379124341003,1.791759469228055,1.791759469228055,1,0,0,367581.7512828929,338544.4936065574,241093.2232523852,0.9705496583720752,0.6137811675983271,0.9041007344799207,0.42552614465897515,-0.016114366641495355,-1.222499172317344,-0.10079290650209513,0.8986208764902223,-0.7674442540639631,1.032899694442865
CAS00250,casa,disponible,venta,240000.0,dolar,4,5,Entre 2do y 3er anillo Norte,Santa Cruz de la Sierra,270.0,-17.769049,-63.162693,12.388398368982115,12.388398368982115,5.602118820879701,5.602118820879701,1.6094379124341003,1.6094379124341003,1.791759469228055,1.791759469228055,1,2,0,293318.67804873566,338544.4936065574,401212.6233841972,0.0891669309234913,0.6137811675983271,0.9041007344799207,0.11763177455760256,-0.016114366641495355,0.8280415687087431,1.0415706167213592,0.8986208764902223,-0.9227453119819577,1.033607399230576
CAS00251,casa,disponible,venta,145000.0,dolar,3,3,Distrito 12,Santa Cruz de la Sierra,222.0,-17.846174,-63.1502,11.884495917930655,11.884495917930655,5.407171771460119,5.407171771460119,1.3862943611198906,1.3862943611198906,1.3862943611198906,1.3862943611198906,1,2,0,293318.67804873566,338544.4936065574,270627.0917822349,-0.06901506547540456,0.2826249270494829,0.2859237748832662,0.11763177455760256,-0.016114366641495355,0.8280415687087431,0.10991494076940084,0.8986208764902223,-1.0380986075491687,1.0387477224357178
CAS00252,casa,disponible,venta,680000.0,dolar,5,5,Urubó,Santa Cruz de la Sierra,678.0,-17.753244,-63.221794,13.429849547739444,13.429849547739444,6.520621127558696,6.520621127558696,1.791759469228055,1.791759469228055,1.791759469228055,1.791759469228055,1,2,0,293318.67804873566,338544.4936065574,363867.0815300617,0.8344489395512152,0.8843555174431118,0.9041007344799207,0.11763177455760256,-0.016114366641495355,0.8280415687087431,0.7751307928520517,0.8986208764902223,-0.8991062995159642,1.0092899221036147
CAS00253,casa,disponible,venta,46500.0,dolar,2,2,Entre 7mo y 8vo anillo Este,Santa Cruz de la Sierra,70.0,-17.760357,-63.105293,10.747229096720554,10.747229096720554,4.2626798770413155,4.2626798770413155,1.0986122886681098,1.0986122886681098,1.0986122886681098,1.0986122886681098,1,2,0,293318.67804873566,338544.4936065574,232214.31161086995,-0.9976672982767061,-0.1443097211863738,-0.152679758003872,0.11763177455760256,-0.016114366641495355,0.8280415687087431,-0.16413903930574883,0.8986208764902223,-0.9097449768756996,1.0572249892389907
CAS00254,casa,disponible,alquiler,2000.0,dolar,4,4,Sirari,Santa Cruz de la Sierra,200.0,-17.765837,-63.200684,7.601402334583733,7.601402334583733,5.303304908059076,5.303304908059076,1.6094379124341003,1.6094379124341003,1.6094379124341003,1.6094379124341003,1,0,0,293318.67804873566,338544.4936065574,216778.5354302577,-0.15329368298403176,0.6137811675983271,0.6261311055427021,0.11763177455760256,-0.016114366641495355,-1.222499172317344,-0.27426478076404176,0.8986208764902223,-0.9179412304861831,1.0179757640039229
LOC00031,local comercial,disponible,venta,600.0,dolar,1,2,Entre 5to y 6to anillo Norte,Santa Cruz de la Sierra,86.0,-17.737661,-63.163727,6.398594934535208,6.398594934535208,4.465908118654584,4.465908118654584,0.6931471805599453,0.6931471805599453,1.0986122886681098,1.0986122886681098,1,2,0,225639.55594352554,338544.4936065574,371269.9043009016,-0.8327658592514134,-0.7460403115800028,-0.152679758003872,-0.16296556355542782,-0.016114366641495355,0.8280415687087431,0.8279458464641297,0.8986208764902223,-0.8757993250611994,1.0331819534454054
CAS00255,casa,disponible,venta,185000.0,dolar,4,4,Carretera Norte,Santa Cruz de la Sierra,186.0,-17.698357,-63.170525,12.128116509451258,12.128116509451258,5.231108616854587,5.231108616854587,1.6094379124341003,1.6094379124341003,1.6094379124341003,1.6094379124341003,1,2,0,293318.67804873566,338544.4936065574,241093.2232523852,-0.21187447971485399,0.6137811675983271,0.6261311055427021,0.11763177455760256,-0.016114366641495355,0.8280415687087431,-0.10079290650209513,0.8986208764902223,-0.8170136404067647,1.0303848737088699
DEP00353,departamento,disponible,alquiler,600.0,dolar,3,4,Urubó,Santa Cruz de la Sierra,200.0,-17.765261,-63.222748,6.398594934535208,6.398594934535208,5.303304908059076,5.303304908059076,1.3862943611198906,1.3862943611198906,1.6094379124341003,1.6094379124341003,1,0,0,71095.44020000269,338544.4936065574,363867.0815300617,-0.15329368298403176,0.2826249270494829,0.6261311055427021,-0.8037047775075877,-0.016114366641495355,-1.222499172317344,0.7751307928520517,0.8986208764902223,-0.9170797264570488,1.0088973928201996
TER00099,terreno,disponible,venta,90000.0,dolar,0,0,Carretera Norte,Santa Cruz de la Sierra,1750.0,-17.53142,-63.124458,11.407576060361786,11.407576060361786,7.467942332285852,7.467942332285852,0.0,0.0,0.0,0.0,1,2,0,687663.6869501647,338544.4936065574,241093.2232523852,1.6031148918746594,-1.7747055502094886,-1.8276372100843195,1.7525844210160881,-0.016114366641495355,0.8280415687087431,-0.10079290650209513,0.8986208764902223,-0.5673315256307125,1.0493394297875767
GAL00006,galpon,disponible,venta,715000.0,dolar,3,4,Entre 5to y 6to anillo Sur,Santa Cruz de la Sierra,1884.0,-17.843428,-63.178726,13.480039220276565,13.480039220276565,7.541683099882111,7.541683099882111,1.3862943611198906,1.3862943611198906,1.6094379124341003,1.6094379124341003,1,2,0,367581.7512828929,338544.4936065574,284343.1042721047,1.6629488922819085,0.2826249270494829,0.6261311055427021,0.42552614465897515,-0.016114366641495355,0.8280415687087431,0.20777111771988863,0.8986208764902223,-1.0339915067436223,1.0270105208228244
CAS00256,casa,disponible,venta,96000.0,dolar,3,2,Entre 6to y 7mo anillo Sur,Santa Cruz de la Sierra,114.0,-17.850739,-63.194412,11.472113887062386,11.472113887062386,4.74493212836325,4.74493212836325,1.3862943611198906,1.3862943611198906,1.0986122886681098,1.0986122886681098,1,2,0,293318.67804873566,338544.4936065574,252500.43998189725,-0.6063629717476013,0.2826249270494829,-0.152679758003872,0.11763177455760256,-0.016114366641495355,0.8280415687087431,-0.019408712690655153,0.8986208764902223,-1.044926326113373,1.0205564177414292
DEP00354,departamento,disponible,alquiler,250.0,dolar,1,1,Entre 2do y 3er anillo Este,Santa Cruz de la Sierra,50.0,-17.783892,-63.157639,5.5254529391317835,5.5254529391317835,3.9318256327243257,3.9318256327243257,0.6931471805599453,0.6931471805599453,0.6931471805599453,0.6931471805599453,1,0,0,71095.44020000269,338544.4936065574,330053.4060606322,-1.2661257593764128,-0.7460403115800028,-0.7708567176005267,-0.8037047775075877,-0.016114366641495355,-1.222499172317344,0.5338888858089736,0.8986208764902223,-0.9449454930659689,1.035686899228876
DEP00355,departamento,disponible,alquiler,100000.0,dolar,2,2,Equipetrol,Santa Cruz de la Sierra,135.0,-17.794586,-63.178375,11.51293546492023,11.51293546492023,4.912654885736052,4.912654885736052,1.0986122886681098,1.0986122886681098,1.0986122886681098,1.0986122886681098,1,0,0,71095.44020000269,338544.4936065574,109656.35558668687,-0.47027103969862877,-0.1443097211863738,-0.152679758003872,-0.8037047775075877,-0.016114366641495355,-1.222499172317344,-1.0385223952738374,0.8986208764902223,-0.9609401529401395,1.0271549419742674
CAS00257,casa,disponible,venta,593000.0,dolar,4,3,Sirari,Santa Cruz de la Sierra,409.0,-17.762636,-63.200348,13.292951364319082,13.292951364319082,6.016157159698354,6.016157159698354,1.6094379124341003,1.6094379124341003,1.3862943611198906,1.3862943611198906,1,2,0,293318.67804873566,338544.4936065574,216778.5354302577,0.4251218028490278,0.6137811675983271,0.2859237748832662,0.11763177455760256,-0.016114366641495355,0.8280415687087431,-0.27426478076404176,0.8986208764902223,-0.9131536013242939,1.0181140133112911
TER00100,terreno,disponible,venta,2078000.0,dolar,0,0,Entre 5to y 6to anillo Norte,Santa Cruz de la Sierra,61112.0,-17.529127,-63.129353,14.546916931873147,14.546916931873147,11.020479888485667,10.819798284210286,0.0,0.0,0.0,0.0,1,2,0,687663.6869501647,338544.4936065574,371269.9043009016,4.322844519460755,-1.7747055502094886,-1.8276372100843195,1.7525844210160881,-0.016114366641495355,0.8280415687087431,0.8279458464641297,0.8986208764902223,-0.5639019618480766,1.0473253513365084
CAS00258,casa,disponible,venta,690000.0,dolar,4,6,Colinas del Urubó,Santa Cruz de la Sierra,503.0,-17.734791,-63.21928,13.444448325847754,13.444448325847754,6.222576268071369,6.222576268071369,1.6094379124341003,1.6094379124341003,1.9459101490553132,1.9459101490553132,1,2,0,293318.67804873566,338544.4936065574,335393.0740524953,0.5926123432523734,0.6137811675983271,1.1391207070245153,0.11763177455760256,-0.016114366641495355,0.8280415687087431,0.5719844690737547,0.8986208764902223,-0.871506761582721,1.0103243231712329
TER00101,terreno,disponible,venta,2280000.0,dolar,0,0,Entre 2do y 3er anillo Norte,Santa Cruz de la Sierra,2534.0,-17.76153,-63.168091,14.639686439527019,14.639686439527019,7.837948916025283,7.837948916025283,0.0,0.0,0.0,0.0,1,2,0,687663.6869501647,338544.4936065574,401212.6233841972,1.9033419549202175,-1.7747055502094886,-1.8276372100843195,1.7525844210160881,-0.016114366641495355,0.8280415687087431,1.0415706167213592,0.8986208764902223,-0.9114993939350253,1.0313863582747325
CAS00259,casa,disponible,venta,155000.0,dolar,5,4,Entre 6to y 7mo anillo Sur,Santa Cruz de la Sierra,169.0,-17.853291,-63.189865,11.951186847493476,11.951186847493476,5.135798437050262,5.135798437050262,1.791759469228055,1.791759469228055,1.6094379124341003,1.6094379124341003,1,2,0,293318.67804873566,338544.4936065574,252500.43998189725,-0.2892101181021638,0.8843555174431118,0.6261311055427021,0.11763177455760256,-0.016114366641495355,0.8280415687087431,-0.019408712690655153,0.8986208764902223,-1.0487432675757686,1.0224273094098668
CAS00260,casa,disponible,venta,75000.0,dolar,3,2,Distrito 12,Santa Cruz de la Sierra,120.0,-17.864836,-63.150616,11.225256725762893,11.225256725762893,4.795790545596741,4.795790545596741,1.3862943611198906,1.3862943611198906,1.0986122886681098,1.0986122886681098,1,2,0,293318.67804873566,338544.4936065574,270627.0917822349,-0.5650959405428011,0.2826249270494829,-0.152679758003872,0.11763177455760256,-0.016114366641495355,0.8280415687087431,0.10991494076940084,0.8986208764902223,-1.0660107398263179,1.0385765566265972
TER00102,terreno,disponible,venta,2280000.0,dolar,0,0,Entre 2do y 3er anillo Norte,Santa Cruz de la Sierra,2534.0,-17.761763,-63.167999,14.639686439527019,14.639686439527019,7.837948916025283,7.837948916025283,0.0,0.0,0.0,0.0,1,2,0,687663.6869501647,338544.4936065574,401212.6233841972,1.9033419549202175,-1.7747055502094886,-1.8276372100843195,1.7525844210160881,-0.016114366641495355,0.8280415687087431,1.0415706167213592,0.8986208764902223,-0.9118478842801394,1.0314242122517474
CAS00261,casa,disponible,venta,140000.0,dolar,4,3,Carretera Norte,Santa Cruz de la Sierra,184.0,-17.703732,-63.168705,11.849404844423074,11.849404844423074,5.220355825078324,5.220355825078324,1.6094379124341003,1.6094379124341003,1.3862943611198906,1.3862943611198906,1,2,0,293318.67804873566,338544.4936065574,241093.2232523852,-0.2205994030983826,0.6137811675983271,0.2859237748832662,0.11763177455760256,-0.016114366641495355,0.8280415687087431,-0.10079290650209513,0.8986208764902223,-0.8250528490119307,1.031133724123769
CAS00262,casa,disponible,alquiler,1600.0,dolar,3,5,Entre 5to y 6to anillo Norte,Santa Cruz de la Sierra,397.0,-17.740686,-63.163128,7.3783837129967145,7.3783837129967145,5.986452005284438,5.986452005284438,1.3862943611198906,1.3862943611198906,1.791759469228055,1.791759469228055,1,0,0,293318.67804873566,338544.4936065574,371269.9043009016,0.4010187418254289,0.2826249270494829,0.9041007344799207,0.11763177455760256,-0.016114366641495355,-1.222499172317344,0.8279458464641297,0.8986208764902223,-0.8803237168808546,1.0334284157522882
TER00103,terreno,disponible,venta,23000.0,dolar,0,0,Pampa de la isla,Santa Cruz de la Sierra,540.0,-17.725229,-63.073776,10.043292972227004,10.043292972227004,6.293419278846481,6.293419278846481,0.0,0.0,0.0,0.0,1,2,0,687663.6869501647,338544.4936065574,227163.6946854984,0.6500950746334319,-1.7747055502094886,-1.8276372100843195,1.7525844210160881,-0.016114366641495355,0.8280415687087431,-0.20017240278681248,0.8986208764902223,-0.8572051964324594,1.0701928565612084
TER00104,terreno,disponible,venta,50000.0,dolar,0,0,Carretera Norte,Santa Cruz de la Sierra,875.0,-17.558441,-63.157124,10.819798284210286,10.819798284210286,6.775366090936392,6.775366090936392,0.0,0.0,0.0,0.0,1,2,0,687663.6869501647,338544.4936065574,241093.2232523852,1.0411515646979994,-1.7747055502094886,-1.8276372100843195,1.7525844210160881,-0.016114366641495355,0.8280415687087431,-0.10079290650209513,0.8986208764902223,-0.6077459359972767,1.0358987992089166
CAS00263,casa,disponible,alquiler,2000.0,dolar,5,4,Entre 4to y 5to anillo Este,Santa Cruz de la Sierra,220.0,-17.808626,-63.156361,7.601402334583733,7.601402334583733,5.3981627015177525,5.3981627015177525,1.791759469228055,1.791759469228055,1.6094379124341003,1.6094379124341003,1,0,0,293318.67804873566,338544.4936065574,1029073.0044864314,-0.07632511542703853,0.8843555174431118,0.6261311055427021,0.11763177455760256,-0.016114366641495355,-1.222499172317344,5.521007814574497,0.8986208764902223,-0.9819393136502044,1.0362127403443968
CAS00264,casa,disponible,venta,350000.0,dolar,3,7,Entre 3er y 4to anillo Norte,Santa Cruz de la Sierra,471.0,-17.753674,-63.174477,12.765691290604371,12.765691290604371,6.156978985585555,6.156978985585555,1.3862943611198906,1.3862943611198906,2.0794415416798357,2.0794415416798357,1,2,0,293318.67804873566,338544.4936065574,544356.7072126968,0.5393860485593178,0.2826249270494829,1.3427042673670588,0.11763177455760256,-0.016114366641495355,0.8280415687087431,2.062824629641123,0.8986208764902223,-0.89974943620438,1.0287587985222255
CAS00265,casa,disponible,venta,150000.0,dolar,4,3,Carretera Norte,Santa Cruz de la Sierra,150.0,-17.693066,-63.169033,11.918397239722838,11.918397239722838,5.017279836814924,5.017279836814924,1.6094379124341003,1.6094379124341003,1.3862943611198906,1.3862943611198906,1,2,0,293318.67804873566,338544.4936065574,241093.2232523852,-0.38537730222444483,0.6137811675983271,0.2859237748832662,0.11763177455760256,-0.016114366641495355,0.8280415687087431,-0.10079290650209513,0.8986208764902223,-0.8091000678058433,1.0309987664665796
LOC00032,local comercial,disponible,alquiler,350.0,dolar,1,1,Entre 8vo y 9no anillo Sur,Santa Cruz de la Sierra,34.0,-17.849955,-63.227993,5.860786223465865,5.860786223465865,3.5553480614894135,3.5553480614894135,0.6931471805599453,0.6931471805599453,0.6931471805599453,0.6931471805599453,1,0,0,225639.55594352554,338544.4936065574,243796.34922976192,-1.5716034467517828,-0.7460403115800028,-0.7708567176005267,-0.16296556355542782,-0.016114366641495355,-1.222499172317344,-0.08150759496151438,0.8986208764902223,-1.0437537234070569,1.006739304673962
CAS00266,casa,disponible,venta,325000.0,dolar,4,4,Entre 6to y 7mo anillo Norte,Santa Cruz de la Sierra,309.0,-17.733112,-63.154652,12.691583538230217,12.691583538230217,5.736572297479192,5.736572297479192,1.6094379124341003,1.6094379124341003,1.6094379124341003,1.6094379124341003,1,2,0,293318.67804873566,338544.4936065574,557886.4069768668,0.19826383397794392,0.6137811675983271,0.6261311055427021,0.11763177455760256,-0.016114366641495355,0.8280415687087431,2.159351568150943,0.8986208764902223,-0.8689955371644692,1.0369159191131136
OFI00086,oficina,disponible,alquiler,900.0,dolar,3,1,Entre 4to y 5to anillo Norte,Santa Cruz de la Sierra,86.0,-17.748695,-63.16927,6.803505257608338,6.803505257608338,4.465908118654584,4.465908118654584,1.3862943611198906,1.3862943611198906,0.6931471805599453,0.6931471805599453,1,0,0,127588.56880770384,338544.4936065574,326892.80690165295,-0.8327658592514134,0.2826249270494829,-0.7708567176005267,-0.5694845184983812,-0.016114366641495355,-1.222499172317344,0.5113397556737347,0.8986208764902223,-0.8923025116192392,1.0309012513301343
TER00105,terreno,disponible,venta,60000.0,dolar,0,0,Urubó,Santa Cruz de la Sierra,4999.0,-17.745726,-63.231934,11.002116507732017,11.002116507732017,8.517193191416238,8.517193191416238,0.0,0.0,0.0,0.0,1,2,0,687663.6869501647,338544.4936065574,363867.0815300617,2.4544875908442156,-1.7747055502094886,-1.8276372100843195,1.7525844210160881,-0.016114366641495355,0.8280415687087431,0.7751307928520517,0.8986208764902223,-0.8878618771357506,1.005117755506309
LOC00033,local comercial,disponible,anticretico,160000.0,dolar,1,4,Equipetrol,Santa Cruz de la Sierra,308.0,-17.770935,-63.192612,11.982935344196433,11.982935344196433,5.733341276897746,5.733341276897746,0.6931471805599453,0.6931471805599453,1.6094379124341003,1.6094379124341003,1,1,0,225639.55594352554,338544.4936065574,109656.35558668687,0.19564215138515387,-0.7460403115800028,0.6261311055427021,-0.16296556355542782,-0.016114366641495355,-0.1972288018043005,-1.0385223952738374,0.8986208764902223,-0.9255661394106779,1.0212970390308929
CAS00267,casa,disponible,venta,1350000.0,dolar,5,7,Urubó,Santa Cruz de la Sierra,835.0,-17.779238,-63.245235,14.115615891155079,14.115615891155079,6.728628613084702,6.728628613084702,1.791759469228055,1.791759469228055,2.0794415416798357,2.0794415416798357,1,2,0,293318.67804873566,338544.4936065574,363867.0815300617,1.0032283051501332,0.8843555174431118,1.3427042673670588,0.11763177455760256,-0.016114366641495355,0.8280415687087431,0.7751307928520517,0.8986208764902223,-0.9379846601639263,0.9996449756334534
CAS00268,casa,disponible,venta,135000.0,dolar,3,4,Urubó,Santa Cruz de la Sierra,290.0,-17.761763,-63.232803,11.813037464800539,11.813037464800539,5.673323267171493,5.673323267171493,1.3862943611198906,1.3862943611198906,1.6094379124341003,1.6094379124341003,1,2,0,293318.67804873566,338544.4936065574,363867.0815300617,0.1469429347175872,0.2826249270494829,0.6261311055427021,0.11763177455760256,-0.016114366641495355,0.8280415687087431,0.7751307928520517,0.8986208764902223,-0.9118478842801394,1.0047602000060099
CAS00269,casa,disponible,venta,358000.0,dolar,4,6,Entre 5to y 6to anillo Norte,Santa Cruz de la Sierra,360.0,-17.732765,-63.193123,12.788291058675025,12.788291058675025,5.8888779583328805,5.8888779583328805,1.6094379124341003,1.6094379124341003,1.9459101490553132,1.9459101490553132,1,2,0,293318.67804873566,338544.4936065574,371269.9043009016,0.32184617886810246,0.6137811675983271,1.1391207070245153,0.11763177455760256,-0.016114366641495355,0.8280415687087431,0.8279458464641297,0.8986208764902223,-0.8684765408135897,1.0210867848759386
CAS00270,casa,disponible,alquiler,1200.0,dolar,3,4,Equipetrol,Santa Cruz de la Sierra,174.0,-17.755211,-63.193707,7.0909098220799835,7.0909098220799835,5.1647859739235145,5.1647859739235145,1.3862943611198906,1.3862943611198906,1.6094379124341003,1.6094379124341003,1,0,0,293318.67804873566,338544.4936065574,109656.35558668687,-0.26568933916783494,0.2826249270494829,0.6261311055427021,0.11763177455760256,-0.016114366641495355,-1.222499172317344,-1.0385223952738374,0.8986208764902223,-0.9020482759487779,1.020846494413134
DEP00356,departamento,disponible,alquiler,1300.0,dolar,2,3,Equipetrol,Santa Cruz de la Sierra,100.0,-17.757448,-63.197269,7.170888478512505,7.170888478512505,4.61512051684126,4.61512051684126,1.0986122886681098,1.0986122886681098,1.3862943611198906,1.3862943611198906,1,0,0,71095.44020000269,338544.4936065574,109656.35558668687,-0.7116934187969003,-0.1443097211863738,0.2859237748832662,-0.8037047775075877,-0.016114366641495355,-1.222499172317344,-1.0385223952738374,0.8986208764902223,-0.9053940823952472,1.0193808871725438
CAS00271,casa,disponible,venta,255000.0,dolar,3,5,Carretera Norte,Santa Cruz de la Sierra,357.0,-17.659399,-63.172077,12.449022745701502,12.449022745701502,5.8805329864007,5.8805329864007,1.3862943611198906,1.3862943611198906,1.791759469228055,1.791759469228055,1,2,0,293318.67804873566,338544.4936065574,241093.2232523852,0.3150749847204858,0.2826249270494829,0.9041007344799207,0.11763177455760256,-0.016114366641495355,0.8280415687087431,-0.10079290650209513,0.8986208764902223,-0.7587454564364907,1.029746293574843
TER00106,terreno,disponible,venta,195000.0,dolar,0,0,Entre 4to y 5to anillo Sur,Santa Cruz de la Sierra,812.0,-17.818258,-63.207806,12.180759965737863,12.180759965737863,6.70073110954781,6.70073110954781,0.0,0.0,0.0,0.0,1,2,0,687663.6869501647,338544.4936065574,241351.2689727632,0.9805919902269308,-1.7747055502094886,-1.8276372100843195,1.7525844210160881,-0.016114366641495355,0.8280415687087431,-0.09895189274585402,0.8986208764902223,-0.9963455754706689,1.0150453724352846
TER00107,terreno,disponible,venta,800000.0,dolar,0,0,Entre 1er y 2do anillo Sur,Santa Cruz de la Sierra,950.0,-17.798113,-63.175167,13.592368256649284,13.592368256649284,6.85751406254539,6.85751406254539,0.0,0.0,0.0,0.0,1,2,0,687663.6869501647,338544.4936065574,294155.68177753733,1.1078072549888724,-1.7747055502094886,-1.8276372100843195,1.7525844210160881,-0.016114366641495355,0.8280415687087431,0.277778441016013,0.8986208764902223,-0.966215369451851,1.0284748936945989
DEP00357,departamento,disponible,venta,72800.0,dolar,1,1,Entre 4to y 5to anillo Norte,Santa Cruz de la Sierra,34.0,-17.748013,-63.169323,11.195484970354173,11.195484970354173,3.5553480614894135,3.5553480614894135,0.6931471805599453,0.6931471805599453,0.6931471805599453,0.6931471805599453,1,2,0,71095.44020000269,338544.4936065574,326892.80690165295,-1.5716034467517828,-0.7460403115800028,-0.7708567176005267,-0.8037047775075877,-0.016114366641495355,0.8280415687087431,0.5113397556737347,0.8986208764902223,-0.8912824669180792,1.0308794441477218
CAS00272,casa,disponible,alquiler,279.8,dolar,3,2,Urubó,Santa Cruz de la Sierra,130.0,-17.753572,-63.228153,5.637642672151656,5.637642672151656,4.875197323201151,4.875197323201151,1.3862943611198906,1.3862943611198906,1.0986122886681098,1.0986122886681098,1,0,0,293318.67804873566,338544.4936065574,363867.0815300617,-0.5006644826342774,0.2826249270494829,-0.152679758003872,0.11763177455760256,-0.016114366641495355,-1.222499172317344,0.7751307928520517,0.8986208764902223,-0.8995968781992187,1.006673471670454
DEP00358,departamento,disponible,alquiler,10500.0,dolar,2,2,Sirari,Santa Cruz de la Sierra,130.0,-17.759472,-63.201496,9.259225769705994,9.259225769705994,4.875197323201151,4.875197323201151,1.0986122886681098,1.0986122886681098,1.0986122886681098,1.0986122886681098,1,0,0,71095.44020000269,338544.4936065574,216778.5354302577,-0.5006644826342774,-0.1443097211863738,-0.152679758003872,-0.8037047775075877,-0.016114366641495355,-1.222499172317344,-0.27426478076404176,0.8986208764902223,-0.908421311830941,1.0176416615111226
CAS00273,casa,disponible,venta,800000.0,dolar,3,5,Entre 5to y 6to anillo Oeste,Santa Cruz de la Sierra,401.0,-17.811867,-63.22942,13.592368256649284,13.592368256649284,5.996452088619021,5.996452088619021,1.3862943611198906,1.3862943611198906,1.791759469228055,1.791759469228055,1,2,0,293318.67804873566,338544.4936065574,334089.19898291264,0.40913291000970947,0.2826249270494829,0.9041007344799207,0.11763177455760256,-0.016114366641495355,0.8280415687087431,0.5626820402793331,0.8986208764902223,-0.986786769480781,1.0061521565739273
TER00108,terreno,disponible,alquiler,2780.0,dolar,0,0,Doble vía La Guardia,Santa Cruz de la Sierra,5000.0,-17.841269,-63.236111,7.930565854233965,7.930565854233965,8.517393171418904,8.517393171418904,0.0,0.0,0.0,0.0,1,0,0,687663.6869501647,338544.4936065574,262142.00621492576,2.454649856629493,-1.7747055502094886,-1.8276372100843195,1.7525844210160881,-0.016114366641495355,-1.222499172317344,0.0493785395866314,0.8986208764902223,-1.0307623623011009,1.0033991026584848
DEP00359,departamento,disponible,alquiler,100000.0,dolar,2,2,Entre 1er y 2do anillo Sur,Santa Cruz de la Sierra,71.0,-17.794588,-63.178226,11.51293546492023,11.51293546492023,4.276666119016055,4.276666119016055,1.0986122886681098,1.0986122886681098,1.0986122886681098,1.0986122886681098,1,0,0,71095.44020000269,338544.4936065574,294155.68177753733,-0.9863187208846947,-0.1443097211863738,-0.152679758003872,-0.8037047775075877,-0.016114366641495355,-1.222499172317344,0.277778441016013,0.8986208764902223,-0.9609431442735771,1.0272162489587842
DEP00360,departamento,disponible,alquiler,363.0,dolar,2,1,Equipetrol,Santa Cruz de la Sierra,70.0,-17.764784,-63.196606,5.8971538676367405,5.8971538676367405,4.2626798770413155,4.2626798770413155,1.0986122886681098,1.0986122886681098,0.6931471805599453,0.6931471805599453,1,0,0,71095.44020000269,338544.4936065574,109656.35558668687,-0.9976672982767061,-0.1443097211863738,-0.7708567176005267,-0.8037047775075877,-0.016114366641495355,-1.222499172317344,-1.0385223952738374,0.8986208764902223,-0.9163662934329249,1.0196536826808276
CAS00274,casa,disponible,venta,780000.0,dolar,5,6,Urubó,Santa Cruz de la Sierra,750.0,-17.74033,-63.220001,13.567050480716235,13.567050480716235,6.621405651764134,6.621405651764134,1.791759469228055,1.791759469228055,1.9459101490553132,1.9459101490553132,1,2,0,293318.67804873566,338544.4936065574,363867.0815300617,0.9162265160387497,0.8843555174431118,1.1391207070245153,0.11763177455760256,-0.016114366641495355,0.8280415687087431,0.7751307928520517,0.8986208764902223,-0.8797912595295169,1.0100276631991736
DEP00361,departamento,disponible,alquiler,575.0,dolar,2,1,Sirari,Santa Cruz de la Sierra,88.0,-17.763474,-63.200306,6.3561076606958915,6.3561076606958915,4.48863636973214,4.48863636973214,1.0986122886681098,1.0986122886681098,0.6931471805599453,0.6931471805599453,1,0,0,71095.44020000269,338544.4936065574,216778.5354302577,-0.814323927758697,-0.1443097211863738,-0.7708567176005267,-0.8037047775075877,-0.016114366641495355,-1.222499172317344,-0.27426478076404176,0.8986208764902223,-0.9144069700333389,1.018131294474712
DEP00362,departamento,disponible,alquiler,310.0,dolar,1,1,Entre 1er y 2do anillo Oeste,Santa Cruz de la Sierra,28.0,-17.811548,-63.15377,5.739792912179234,5.739792912179234,3.367295829986474,3.4011973816621555,0.6931471805599453,0.6931471805599453,0.6931471805599453,0.6931471805599453,1,0,0,71095.44020000269,338544.4936065574,314160.57736389193,-1.6966828585916696,-0.7460403115800028,-0.7708567176005267,-0.8037047775075877,-0.016114366641495355,-1.222499172317344,0.42050232697194745,0.8986208764902223,-0.9863096517979796,1.037278823544949
TER00109,terreno,disponible,venta,220000.0,dolar,0,0,Urubó,Santa Cruz de la Sierra,4693.0,-17.710863,-63.206097,12.301387370778713,12.301387370778713,8.454040376410969,8.454040376410969,0.0,0.0,0.0,0.0,1,2,0,687663.6869501647,338544.4936065574,363867.0815300617,2.4032447616478474,-1.7747055502094886,-1.8276372100843195,1.7525844210160881,-0.016114366641495355,0.8280415687087431,0.7751307928520517,0.8986208764902223,-0.8357184483725775,1.0157485512040014
OFI00087,oficina,disponible,alquiler,5200.0,dolar,8,2,Equipetrol,Santa Cruz de la Sierra,370.0,-17.755302,-63.198151,8.556606193773073,8.556606193773073,5.916202062607435,5.916202062607435,2.1972245773362196,2.1972245773362196,1.0986122886681098,1.0986122886681098,1,0,0,127588.56880770384,338544.4936065574,109656.35558668687,0.34401723186341115,1.4860861078367409,-0.152679758003872,-0.5694845184983812,-0.016114366641495355,-1.222499172317344,-1.0385223952738374,0.8986208764902223,-0.9021843816200485,1.0190179827407053
CAS00275,casa,disponible,venta,252000.0,dolar,5,4,Entre 2do y 3er anillo Oeste,Santa Cruz de la Sierra,208.0,-17.7864,-63.201557,12.437188334739655,12.437188334739655,5.342334251964811,5.342334251964811,1.791759469228055,1.791759469228055,1.6094379124341003,1.6094379124341003,1,2,0,293318.67804873566,338544.4936065574,220026.08791509928,-0.12162488083734932,0.8843555174431118,0.6261311055427021,0.11763177455760256,-0.016114366641495355,0.8280415687087431,-0.25109528665288033,0.8986208764902223,-0.9486966251928074,1.0176165626785343
TER00110,terreno,disponible,venta,17655.0,dolar,0,0,Urubó,Santa Cruz de la Sierra,330.0,-17.811682,-63.307804,9.778830947936573,9.778830947936573,5.802118375377063,5.802118375377063,0.0,0.0,0.0,0.0,1,2,0,687663.6869501647,338544.4936065574,363867.0815300617,0.25144858075339965,-1.7747055502094886,-1.8276372100843195,1.7525844210160881,-0.016114366641495355,0.8280415687087431,0.7751307928520517,0.8986208764902223,-0.986510071138094,0.9739005681554647
TER00111,terreno,disponible,venta,158200.0,dolar,0,0,Entre 2do y 3er anillo Sur,Santa Cruz de la Sierra,600.0,-17.807047,-63.183754,11.971621655408228,11.971621655408228,6.398594934535208,6.398594934535208,0.0,0.0,0.0,0.0,1,2,0,687663.6869501647,338544.4936065574,265911.77041615,0.7354356593662545,-1.7747055502094886,-1.8276372100843195,1.7525844210160881,-0.016114366641495355,0.8280415687087431,0.07627372599806595,0.8986208764902223,-0.9795776559036816,1.024941718687591
CAS00276,casa,disponible,alquiler,3080.0,dolar,3,5,Las Palmas,Santa Cruz de la Sierra,320.0,-17.803009,-63.210304,8.033009498596668,8.033009498596668,5.771441123130016,5.771441123130016,1.3862943611198906,1.3862943611198906,1.791759469228055,1.791759469228055,1,0,0,293318.67804873566,338544.4936065574,347140.37653496256,0.22655674977202245,0.2826249270494829,0.9041007344799207,0.11763177455760256,-0.016114366641495355,-1.222499172317344,0.6557949869822386,0.8986208764902223,-0.9735381536994607,1.0140175546680184
CAS00277,casa,disponible,venta,330000.0,dolar,5,3,Equipetrol,Santa Cruz de la Sierra,290.0,-17.755875,-63.195576,12.706850963741102,12.706850963741102,5.673323267171493,5.673323267171493,1.791759469228055,1.791759469228055,1.3862943611198906,1.3862943611198906,1,2,0,293318.67804873566,338544.4936065574,109656.35558668687,0.1469429347175872,0.8843555174431118,0.2859237748832662,0.11763177455760256,-0.016114366641495355,0.8280415687087431,-1.0385223952738374,0.8986208764902223,-0.9030413986490265,1.020077482640909
OFI00088,oficina,disponible,alquiler,9000.0,dolar,17,4,Sirari,Santa Cruz de la Sierra,700.0,-17.760042,-63.200726,9.105090961257085,9.105090961257085,6.55250788703459,6.55250788703459,2.8903717578961645,2.8903717578961645,1.6094379124341003,1.6094379124341003,1,0,0,127588.56880770384,338544.4936065574,216778.5354302577,0.8603221768615802,2.5147513464662263,0.6261311055427021,-0.5694845184983812,-0.016114366641495355,-1.222499172317344,-0.27426478076404176,0.8986208764902223,-0.9092738418597679,1.017958482840502
CAS00278,casa,disponible,venta,198000.0,dolar,3,3,Urubó,Santa Cruz de la Sierra,155.0,-17.768673,-63.223465,12.19602736016897,12.19602736016897,5.049856007249537,5.049856007249537,1.3862943611198906,1.3862943611198906,1.3862943611198906,1.3862943611198906,1,2,0,293318.67804873566,338544.4936065574,363867.0815300617,-0.3589446699290615,0.2826249270494829,0.2859237748832662,0.11763177455760256,-0.016114366641495355,0.8280415687087431,0.7751307928520517,0.8986208764902223,-0.9221829412962762,1.0086023786732325
LOC00034,local comercial,disponible,venta,890000.0,dolar,8,8,Entre 3er y 4to anillo Norte,Santa Cruz de la Sierra,997.0,-17.754778,-63.165318,13.698977865303197,13.698977865303197,6.905753276311464,6.905753276311464,2.1972245773362196,2.1972245773362196,2.1972245773362196,2.1972245773362196,1,2,0,225639.55594352554,338544.4936065574,544356.7072126968,1.1469490381599912,1.4860861078367409,1.5222776940765754,-0.16296556355542782,-0.016114366641495355,0.8280415687087431,2.062824629641123,0.8986208764902223,-0.9014006522602164,1.0325273265167758
DEP00363,departamento,disponible,alquiler,547.5,dolar,2,2,Sirari,Santa Cruz de la Sierra,88.0,-17.763474,-63.200306,6.307187279715285,6.307187279715285,4.48863636973214,4.48863636973214,1.0986122886681098,1.0986122886681098,1.0986122886681098,1.0986122886681098,1,0,0,71095.44020000269,338544.4936065574,216778.5354302577,-0.814323927758697,-0.1443097211863738,-0.152679758003872,-0.8037047775075877,-0.016114366641495355,-1.222499172317344,-0.27426478076404176,0.8986208764902223,-0.9144069700333389,1.018131294474712
CAS00279,casa,disponible,venta,250000.0,dolar,4,4,Carretera Norte,Santa Cruz de la Sierra,222.0,-17.69479,-63.170044,12.429220196836383,12.429220196836383,5.407171771460119,5.407171771460119,1.6094379124341003,1.6094379124341003,1.6094379124341003,1.6094379124341003,1,2,0,293318.67804873566,338544.4936065574,241093.2232523852,-0.06901506547540456,0.6137811675983271,0.6261311055427021,0.11763177455760256,-0.016114366641495355,0.8280415687087431,-0.10079290650209513,0.8986208764902223,-0.8116785972263658,1.0305827841756654
TER00112,terreno,disponible,venta,143000.0,dolar,0,0,Urubó,Santa Cruz de la Sierra,853.0,-17.746643,-63.220345,11.870606902224587,11.870606902224587,6.74993119378857,6.74993119378857,0.0,0.0,0.0,0.0,1,2,0,687663.6869501647,338544.4936065574,363867.0815300617,1.020513433364277,-1.7747055502094886,-1.8276372100843195,1.7525844210160881,-0.016114366641495355,0.8280415687087431,0.7751307928520517,0.8986208764902223,-0.889233403515457,1.0098861222416324
DEP00364,departamento,disponible,venta,130000.0,dolar,4,3,Entre 4to y 5to anillo Norte,Santa Cruz de la Sierra,135.0,-17.748686,-63.169109,11.775297421715827,11.775297421715827,4.912654885736052,4.912654885736052,1.6094379124341003,1.6094379124341003,1.3862943611198906,1.3862943611198906,1,2,0,71095.44020000269,338544.4936065574,326892.80690165295,-0.47027103969862877,0.6137811675983271,0.2859237748832662,-0.8037047775075877,-0.016114366641495355,0.8280415687087431,0.5113397556737347,0.8986208764902223,-0.8922890506187808,1.0309674957899135
CAS00280,casa,disponible,venta,355000.0,dolar,4,5,Carretera Norte,Santa Cruz de la Sierra,410.0,-17.703669,-63.152931,12.779875885354993,12.779875885354993,6.018593214496234,6.018593214496234,1.6094379124341003,1.6094379124341003,1.791759469228055,1.791759469228055,1,2,0,293318.67804873566,338544.4936065574,241093.2232523852,0.4270984422103985,0.6137811675983271,0.9041007344799207,0.11763177455760256,-0.016114366641495355,0.8280415687087431,-0.10079290650209513,0.8986208764902223,-0.8249586220087486,1.0376240353570927
DEP00365,departamento,disponible,alquiler,350.0,dolar,1,1,Equipetrol,Santa Cruz de la Sierra,37.0,-17.765383,-63.195393,5.860786223465865,5.860786223465865,3.6375861597263857,3.6375861597263857,0.6931471805599453,0.6931471805599453,0.6931471805599453,0.6931471805599453,1,0,0,71095.44020000269,338544.4936065574,109656.35558668687,-1.5048746268086066,-0.7460403115800028,-0.7708567176005267,-0.8037047775075877,-0.016114366641495355,-1.222499172317344,-1.0385223952738374,0.8986208764902223,-0.9172621977965538,1.0201527791386709
CAS00281,casa,disponible,venta,185000.0,dolar,4,3,Urubó,Santa Cruz de la Sierra,205.0,-17.74259,-63.235142,12.128116509451258,12.128116509451258,5.327876168789581,5.327876168789581,1.6094379124341003,1.6094379124341003,1.3862943611198906,1.3862943611198906,1,2,0,293318.67804873566,338544.4936065574,363867.0815300617,-0.13335631492454506,0.6137811675983271,0.2859237748832662,0.11763177455760256,-0.016114366641495355,0.8280415687087431,0.7751307928520517,0.8986208764902223,-0.8831714663104809,1.0037978037859778
TER00113,terreno,disponible,venta,265000.0,dolar,0,0,Urubó,Santa Cruz de la Sierra,900.0,-17.776459,-63.249336,12.487488878546145,12.487488878546145,6.803505257608338,6.803505257608338,0.0,0.0,0.0,0.0,1,2,0,687663.6869501647,338544.4936065574,363867.0815300617,1.0639839675192886,-1.7747055502094886,-1.8276372100843195,1.7525844210160881,-0.016114366641495355,0.8280415687087431,0.7751307928520517,0.8986208764902223,-0.9338282023567133,0.9979575934622952
CAS00282,casa,disponible,venta,350000.0,dolar,5,5,Entre 3er y 4to anillo Norte,Santa Cruz de la Sierra,380.0,-17.752855,-63.172932,12.765691290604371,12.765691290604371,5.942799375126701,5.942799375126701,1.791759469228055,1.791759469228055,1.791759469228055,1.791759469228055,1,2,0,293318.67804873566,338544.4936065574,544356.7072126968,0.3655985587194424,0.8843555174431118,0.9041007344799207,0.11763177455760256,-0.016114366641495355,0.8280415687087431,2.062824629641123,0.8986208764902223,-0.8985244851629598,1.0293944984623475
CAS00283,casa,disponible,venta,299000.0,dolar,4,4,Urubó,Santa Cruz de la Sierra,415.0,-17.755156,-63.245052,12.608202196848836,12.608202196848836,6.030685260261263,6.030685260261263,1.6094379124341003,1.6094379124341003,1.6094379124341003,1.6094379124341003,1,2,0,293318.67804873566,338544.4936065574,363867.0815300617,0.4369100497487221,0.6137811675983271,0.6261311055427021,0.11763177455760256,-0.016114366641495355,0.8280415687087431,0.7751307928520517,0.8986208764902223,-0.9019660142793301,0.9997202721312154
DEP00366,departamento,disponible,venta,618880.0,dolar,3,5,Las Palmas,Santa Cruz de la Sierra,309.0,-17.79966,-63.212536,13.335668287627836,13.335668287627836,5.736572297479192,5.736572297479192,1.3862943611198906,1.3862943611198906,1.791759469228055,1.791759469228055,1,2,0,71095.44020000269,338544.4936065574,347140.37653496256,0.19826383397794392,0.2826249270494829,0.9041007344799207,-0.8037047775075877,-0.016114366641495355,0.8280415687087431,0.6557949869822386,0.8986208764902223,-0.9685291658634207,1.0130991842690849
TER00114,terreno,disponible,venta,28800.0,dolar,0,0,Urubó,Santa Cruz de la Sierra,300.0,-17.840935,-63.297337,10.268165387743457,10.268165387743457,5.707110264748875,5.707110264748875,0.0,0.0,0.0,0.0,1,2,0,687663.6869501647,338544.4936065574,363867.0815300617,0.1743580443333893,-1.7747055502094886,-1.8276372100843195,1.7525844210160881,-0.016114366641495355,0.8280415687087431,0.7751307928520517,0.8986208764902223,-1.0302628096175441,0.9782072809536887
GAL00007,galpon,disponible,alquiler,2800.0,dolar,4,5,Entre 8vo y 9no anillo Norte,Santa Cruz de la Sierra,1115.0,-17.71438,-63.16581,7.937731775260109,7.937731775260109,7.017506142941256,7.017506142941256,1.6094379124341003,1.6094379124341003,1.791759469228055,1.791759469228055,1,0,0,367581.7512828929,338544.4936065574,261562.36069303774,1.2376264379946174,0.6137811675983271,0.9041007344799207,0.42552614465897515,-0.016114366641495355,-1.222499172317344,0.04524308879141491,0.8986208764902223,-0.8409787082171118,1.032324890030989
CAS00284,casa,disponible,venta,335000.0,dolar,4,6,Carretera Norte,Santa Cruz de la Sierra,410.0,-17.702757,-63.153378,12.721888795877375,12.721888795877375,6.018593214496234,6.018593214496234,1.6094379124341003,1.6094379124341003,1.9459101490553132,1.9459101490553132,1,2,0,293318.67804873566,338544.4936065574,241093.2232523852,0.4270984422103985,0.6137811675983271,1.1391207070245153,0.11763177455760256,-0.016114366641495355,0.8280415687087431,-0.10079290650209513,0.8986208764902223,-0.8235945739626201,1.0374401144035452
DEP00367,departamento,disponible,alquiler,335.0,dolar,1,1,Entre 4to y 5to anillo Norte,Santa Cruz de la Sierra,41.0,-17.747276,-63.178249,5.817111159963204,5.817111159963204,3.7376696182833684,3.7376696182833684,0.6931471805599453,0.6931471805599453,0.6931471805599453,0.6931471805599453,1,0,0,71095.44020000269,338544.4936065574,326892.80690165295,-1.423665902038549,-0.7460403115800028,-0.7708567176005267,-0.8037047775075877,-0.016114366641495355,-1.222499172317344,0.5113397556737347,0.8986208764902223,-0.8901801605474713,1.0272067854645304
CAS00285,casa,disponible,venta,185000.0,dolar,10,2,Entre 2do y 3er anillo Este,Santa Cruz de la Sierra,100.0,-17.78426,-63.155186,12.128116509451258,12.128116509451258,4.61512051684126,4.61512051684126,2.3978952727983707,2.3978952727983707,1.0986122886681098,1.0986122886681098,1,2,0,293318.67804873566,338544.4936065574,330053.4060606322,-0.7116934187969003,1.783891501298435,-0.152679758003872,0.11763177455760256,-0.016114366641495355,0.8280415687087431,0.5338888858089736,0.8986208764902223,-0.9454958984179108,1.0366962014639056
DEP00368,departamento,disponible,alquiler,900.0,dolar,3,2,Entre 3er y 4to anillo Oeste,Santa Cruz de la Sierra,123.0,-17.809366,-63.208981,6.803505257608338,6.803505257608338,4.820281565605037,4.820281565605037,1.3862943611198906,1.3862943611198906,1.0986122886681098,1.0986122886681098,1,0,0,71095.44020000269,338544.4936065574,227097.1951425342,-0.5452236806122623,0.2826249270494829,-0.152679758003872,-0.8037047775075877,-0.016114366641495355,-1.222499172317344,-0.20064684031362548,0.8986208764902223,-0.9830461070209633,1.014561911315773
CAS00286,casa,disponible,venta,325000.0,dolar,3,3,Entre 7mo y 8vo anillo Norte,Santa Cruz de la Sierra,222.0,-17.722771,-63.167503,12.691583538230217,12.691583538230217,5.407171771460119,5.407171771460119,1.3862943611198906,1.3862943611198906,1.3862943611198906,1.3862943611198906,1,2,0,293318.67804873566,338544.4936065574,299803.402354987,-0.06901506547540456,0.2826249270494829,0.2859237748832662,0.11763177455760256,-0.016114366641495355,0.8280415687087431,0.3180718094131331,0.8986208764902223,-0.8535288476414853,1.031628294562621
TER00115,terreno,disponible,venta,2500000.0,dolar,0,0,Entre 4to y 5to anillo Norte,Santa Cruz de la Sierra,3340.0,-17.750055,-63.160656,14.731801689838349,14.731801689838349,8.114025442356757,8.114025442356757,0.0,0.0,0.0,0.0,1,2,0,687663.6869501647,338544.4936065574,326892.80690165295,2.127353224770185,-1.7747055502094886,-1.8276372100843195,1.7525844210160881,-0.016114366641495355,0.8280415687087431,0.5113397556737347,0.8986208764902223,-0.8943366183546844,1.0344455356564823
CAS00287,casa,disponible,venta,350000.0,dolar,4,3,Carretera Norte,Santa Cruz de la Sierra,240.0,-17.703506,-63.1689,12.765691290604371,12.765691290604371,5.484796933490655,5.484796933490655,1.6094379124341003,1.6094379124341003,1.3862943611198906,1.3862943611198906,1,2,0,293318.67804873566,338544.4936065574,241093.2232523852,-0.006029228360474918,0.6137811675983271,0.2859237748832662,0.11763177455760256,-0.016114366641495355,0.8280415687087431,-0.10079290650209513,0.8986208764902223,-0.8247148283338375,1.0310534901507447
CAS00288,casa,disponible,venta,319000.0,dolar,6,4,Entre 3er y 4to anillo Este,Santa Cruz de la Sierra,234.0,-17.781296,-63.147945,12.672949516558306,12.672949516558306,5.459585514144159,5.459585514144159,1.9459101490553132,1.9459101490553132,1.6094379124341003,1.6094379124341003,1,2,0,293318.67804873566,338544.4936065574,269310.7983170117,-0.02648602755878005,1.1131228706065581,0.6261311055427021,0.11763177455760256,-0.016114366641495355,0.8280415687087431,0.10052391357787652,0.8986208764902223,-0.9410627422680107,1.0396755563289048
CAS00289,casa,disponible,venta,155000.0,dolar,3,5,Urubó,Santa Cruz de la Sierra,270.0,-17.762154,-63.232754,11.951186847493476,11.951186847493476,5.602118820879701,5.602118820879701,1.3862943611198906,1.3862943611198906,1.791759469228055,1.791759469228055,1,2,0,293318.67804873566,338544.4936065574,363867.0815300617,0.0891669309234913,0.2826249270494829,0.9041007344799207,0.11763177455760256,-0.016114366641495355,0.8280415687087431,0.7751307928520517,0.8986208764902223,-0.9124326899665812,1.0047803613633328
CAS00290,casa,disponible,venta,1100000.0,dolar,4,8,Entre 2do y 3er anillo Norte,Santa Cruz de la Sierra,550.0,-17.769163,-63.177738,13.910821646859095,13.910821646859095,6.311734809152915,6.311734809152915,1.6094379124341003,1.6094379124341003,2.1972245773362196,2.1972245773362196,1,2,0,293318.67804873566,338544.4936065574,401212.6233841972,0.6649564801155974,0.6137811675983271,1.5222776940765754,0.11763177455760256,-0.016114366641495355,0.8280415687087431,1.0415706167213592,0.8986208764902223,-0.922915817987723,1.0274170396194846
DEP00369,departamento,disponible,alquiler,680.0,dolar,2,3,Entre 1er y 2do anillo Norte,Santa Cruz de la Sierra,101.0,-17.772289,-63.173962,6.523562306149512,6.523562306149512,4.624972813284271,4.624972813284271,1.0986122886681098,1.0986122886681098,1.3862943611198906,1.3862943611198906,1,0,0,71095.44020000269,338544.4936065574,204581.96379801774,-0.7036991663826718,-0.1443097211863738,0.2859237748832662,-0.8037047775075877,-0.016114366641495355,-1.222499172317344,-0.36128058602925733,0.8986208764902223,-0.9275912721458209,1.0289706985022662
GAL00008,galpon,disponible,venta,290000.0,dolar,3,4,Entre 2do y 3er anillo Sur,Santa Cruz de la Sierra,405.0,-17.804371,-63.180958,12.577639650232573,12.577639650232573,6.0063531596017325,6.0063531596017325,1.3862943611198906,1.3862943611198906,1.6094379124341003,1.6094379124341003,1,2,0,367581.7512828929,338544.4936065574,265911.77041615,0.41716673857595576,0.2826249270494829,0.6261311055427021,0.42552614465897515,-0.016114366641495355,0.8280415687087431,0.07627372599806595,0.8986208764902223,-0.9755752517683434,1.0260921504238911
DEP00370,departamento,disponible,venta,100000.0,dolar,2,2,Equipetrol,Santa Cruz de la Sierra,110.0,-17.79332,-63.178463,11.51293546492023,11.51293546492023,4.709530201312334,4.709530201312334,1.0986122886681098,1.0986122886681098,1.0986122886681098,1.0986122886681098,1,2,0,71095.44020000269,338544.4936065574,109656.35558668687,-0.6350884513788899,-0.1443097211863738,-0.152679758003872,-0.8037047775075877,-0.016114366641495355,0.8280415687087431,-1.0385223952738374,0.8986208764902223,-0.9590466388761162,1.0271187338223389
CAS00291,casa,disponible,venta,240000.0,dolar,5,6,Urubó,Santa Cruz de la Sierra,205.0,-17.707201,-63.220634,12.388398368982115,12.388398368982115,5.327876168789581,5.327876168789581,1.791759469228055,1.791759469228055,1.9459101490553132,1.9459101490553132,1,2,0,293318.67804873566,338544.4936065574,363867.0815300617,-0.13335631492454506,0.8843555174431118,1.1391207070245153,0.11763177455760256,-0.016114366641495355,0.8280415687087431,0.7751307928520517,0.8986208764902223,-0.8302413168540435,1.0097672113790486
OFI00089,oficina,disponible,alquiler,804.0,dolar,1,1,Entre 3er y 4to anillo Norte,Santa Cruz de la Sierra,140.0,-17.754328,-63.165035,6.690842277418564,6.690842277418564,4.948759890378168,4.948759890378168,0.6931471805599453,0.6931471805599453,0.6931471805599453,0.6931471805599453,1,0,0,127588.56880770384,338544.4936065574,544356.7072126968,-0.44097507583928736,-0.7460403115800028,-0.7708567176005267,-0.5694845184983812,-0.016114366641495355,-1.222499172317344,2.062824629641123,0.8986208764902223,-0.9007276022374568,1.0326437686417285
CAS00292,casa,disponible,alquiler,1300.0,dolar,4,2,Sirari,Santa Cruz de la Sierra,280.0,-17.766439,-63.203838,7.170888478512505,7.170888478512505,5.638354669333745,5.638354669333745,1.6094379124341003,1.6094379124341003,1.0986122886681098,1.0986122886681098,1,0,0,293318.67804873566,338544.4936065574,216778.5354302577,0.1185690627676721,0.6137811675983271,-0.152679758003872,0.11763177455760256,-0.016114366641495355,-1.222499172317344,-0.27426478076404176,0.8986208764902223,-0.9188416218499579,1.0166780309222778
CAS00293,casa,disponible,venta,290000.0,dolar,4,6,Urubó,Santa Cruz de la Sierra,340.0,-17.75823,-63.235882,12.577639650232573,12.577639650232573,5.831882477283517,5.831882477283517,1.6094379124341003,1.6094379124341003,1.9459101490553132,1.9459101490553132,1,2,0,293318.67804873566,338544.4936065574,363867.0815300617,0.2755994723652537,0.6137811675983271,1.1391207070245153,0.11763177455760256,-0.016114366641495355,0.8280415687087431,0.7751307928520517,0.8986208764902223,-0.9065636937681311,1.003493326144757
DEP00371,departamento,disponible,venta,109000.0,dolar,1,1,Entre 2do y 3er anillo Norte,Santa Cruz de la Sierra,42.0,-17.764557,-63.19421,11.599112335481124,11.599112335481124,3.7612001156935624,3.7612001156935624,0.6931471805599453,0.6931471805599453,0.6931471805599453,0.6931471805599453,1,2,0,71095.44020000269,338544.4936065574,401212.6233841972,-1.4045730198036785,-0.7460403115800028,-0.7708567176005267,-0.8037047775075877,-0.016114366641495355,0.8280415687087431,1.0415706167213592,0.8986208764902223,-0.9160267770881129,1.0206395319083583
DEP00372,departamento,disponible,alquiler,700.0,dolar,2,2,Entre 1er y 2do anillo Norte,Santa Cruz de la Sierra,108.0,-17.773577,-63.183834,6.55250788703459,6.55250788703459,4.6913478822291435,4.6913478822291435,1.0986122886681098,1.0986122886681098,1.0986122886681098,1.0986122886681098,1,0,0,71095.44020000269,338544.4936065574,204581.96379801774,-0.649841767934867,-0.1443097211863738,-0.152679758003872,-0.8037047775075877,-0.016114366641495355,-1.222499172317344,-0.36128058602925733,0.8986208764902223,-0.9295176908776255,1.0249088021858384
CAS00294,casa,disponible,venta,593000.0,dolar,4,5,Sirari,Santa Cruz de la Sierra,409.0,-17.762482,-63.19981,13.292951364319082,13.292951364319082,6.016157159698354,6.016157159698354,1.6094379124341003,1.6094379124341003,1.791759469228055,1.791759469228055,1,2,0,293318.67804873566,338544.4936065574,216778.5354302577,0.4251218028490278,0.6137811675983271,0.9041007344799207,0.11763177455760256,-0.016114366641495355,0.8280415687087431,-0.27426478076404176,0.8986208764902223,-0.9129232686498358,1.0183353767855854
CAS00295,casa,disponible,venta,160000.0,dolar,5,4,Entre 4to y 5to anillo Norte,Santa Cruz de la Sierra,234.0,-17.744333,-63.1716,11.982935344196433,11.982935344196433,5.459585514144159,5.459585514144159,1.791759469228055,1.791759469228055,1.6094379124341003,1.6094379124341003,1,2,0,293318.67804873566,338544.4936065574,326892.80690165295,-0.02648602755878005,0.8843555174431118,0.6261311055427021,0.11763177455760256,-0.016114366641495355,0.8280415687087431,0.5113397556737347,0.8986208764902223,-0.8857784133986336,1.029942558216552
DEP00373,departamento,disponible,venta,136234.0,dolar,2,2,Entre 4to y 5to anillo Oeste,Santa Cruz de la Sierra,74.0,-17.785147,-63.21698,11.822136614721831,11.822136614721831,4.31748811353631,4.31748811353631,1.0986122886681098,1.0986122886681098,1.0986122886681098,1.0986122886681098,1,2,0,71095.44020000269,338544.4936065574,230627.24970349422,-0.9531953440014637,-0.1443097211863738,-0.152679758003872,-0.8037047775075877,-0.016114366641495355,0.8280415687087431,-0.17546184984957416,0.8986208764902223,-0.9468225547961017,1.0112706725966565
OFI00090,oficina,disponible,alquiler,2632.0,dolar,4,1,Equipetrol,Santa Cruz de la Sierra,188.0,-17.755629,-63.19849,7.87587915949631,7.87587915949631,5.241747015059643,5.241747015059643,1.6094379124341003,1.6094379124341003,0.6931471805599453,0.6931471805599453,1,0,0,127588.56880770384,338544.4936065574,109656.35558668687,-0.20324237642541015,0.6137811675983271,-0.7708567176005267,-0.5694845184983812,-0.016114366641495355,-1.222499172317344,-1.0385223952738374,0.8986208764902223,-0.9026734646365843,1.0188784990645245
CAS00296,casa,disponible,venta,269000.0,dolar,4,3,Entre 3er y 4to anillo Este,Santa Cruz de la Sierra,277.0,-17.794214,-63.156376,12.502470376049185,12.502470376049185,5.627621113690637,5.627621113690637,1.6094379124341003,1.6094379124341003,1.3862943611198906,1.3862943611198906,1,2,0,293318.67804873566,338544.4936065574,269310.7983170117,0.1098597477760342,0.6137811675983271,0.2859237748832662,0.11763177455760256,-0.016114366641495355,0.8280415687087431,0.10052391357787652,0.8986208764902223,-0.9603837649213278,1.0362065685003161
TER00116,terreno,disponible,venta,49000.0,dolar,0,0,Urubó,Santa Cruz de la Sierra,1057.0,-17.703865,-63.208157,10.799595985047786,10.799595985047786,6.964135612418245,6.964135612418245,0.0,0.0,0.0,0.0,1,2,0,687663.6869501647,338544.4936065574,363867.0815300617,1.1943210528034416,-1.7747055502094886,-1.8276372100843195,1.7525844210160881,-0.016114366641495355,0.8280415687087431,0.7751307928520517,0.8986208764902223,-0.8252517726853263,1.0149009512838387
DEP00374,departamento,disponible,venta,255000.0,dolar,3,4,Entre 2do y 3er anillo Norte,Santa Cruz de la Sierra,215.0,-17.765005,-63.173359,12.449022745701502,12.449022745701502,5.375278407684165,5.375278407684165,1.3862943611198906,1.3862943611198906,1.6094379124341003,1.6094379124341003,1,2,0,71095.44020000269,338544.4936065574,401212.6233841972,-0.09489366158125462,0.2826249270494829,0.6261311055427021,-0.8037047775075877,-0.016114366641495355,0.8280415687087431,1.0415706167213592,0.8986208764902223,-0.9166968357774348,1.0292188066342385
CAS00297,casa,disponible,venta,520000.0,dolar,4,5,Urubó,Santa Cruz de la Sierra,450.0,-17.769184,-63.225838,13.161586013632684,13.161586013632684,6.111467339502679,6.111467339502679,1.6094379124341003,1.6094379124341003,1.791759469228055,1.791759469228055,1,2,0,293318.67804873566,338544.4936065574,363867.0815300617,0.5024574412363376,0.6137811675983271,0.9041007344799207,0.11763177455760256,-0.016114366641495355,0.8280415687087431,0.7751307928520517,0.8986208764902223,-0.9229472269887855,1.0076259929399554
TER00117,terreno,disponible,venta,160000.0,dolar,0,0,Urubó,Santa Cruz de la Sierra,872.0,-17.743437,-63.221333,11.982935344196433,11.982935344196433,6.771935555839602,6.771935555839602,0.0,0.0,0.0,0.0,1,2,0,687663.6869501647,338544.4936065574,363867.0815300617,1.0383679940210266,-1.7747055502094886,-1.8276372100843195,1.7525844210160881,-0.016114366641495355,0.8280415687087431,0.7751307928520517,0.8986208764902223,-0.8844382960199845,1.0094796034449722
CAS00298,casa,disponible,venta,720000.0,dolar,3,6,Urubó,Santa Cruz de la Sierra,503.0,-17.746317,-63.226093,13.487007879880162,13.487007879880162,6.222576268071369,6.222576268071369,1.3862943611198906,1.3862943611198906,1.9459101490553132,1.9459101490553132,1,2,0,293318.67804873566,338544.4936065574,363867.0815300617,0.5926123432523734,0.2826249270494829,1.1391207070245153,0.11763177455760256,-0.016114366641495355,0.8280415687087431,0.7751307928520517,0.8986208764902223,-0.88874581616564,1.0075210715906167
DEP00375,departamento,disponible,venta,43000.0,dolar,1,1,Entre 2do y 3er anillo Oeste,Santa Cruz de la Sierra,30.0,-17.770672,-63.197426,10.668978650219241,10.668978650219241,3.4339872044851463,3.4339872044851463,0.6931471805599453,0.6931471805599453,0.6931471805599453,0.6931471805599453,1,2,0,71095.44020000269,338544.4936065574,220026.08791509928,-1.6700768665997447,-0.7460403115800028,-0.7708567176005267,-0.8037047775075877,-0.016114366641495355,0.8280415687087431,-0.25109528665288033,0.8986208764902223,-0.9251727790640429,1.019316288537851
CAS00299,casa,disponible,venta,593000.0,dolar,4,2,Sirari,Santa Cruz de la Sierra,409.0,-17.76581,-63.2043,13.292951364319082,13.292951364319082,6.016157159698354,6.016157159698354,1.6094379124341003,1.6094379124341003,1.0986122886681098,1.0986122886681098,1,2,0,293318.67804873566,338544.4936065574,216778.5354302577,0.4251218028490278,0.6137811675983271,-0.152679758003872,0.11763177455760256,-0.016114366641495355,0.8280415687087431,-0.27426478076404176,0.8986208764902223,-0.9179008474848133,1.0164879381246466
TER00118,terreno,disponible,venta,63000.0,dolar,0,0,Doble vía La Guardia,Santa Cruz de la Sierra,1022.0,-17.907763,-63.291149,11.050905878263567,11.050905878263567,6.930494765951626,6.930494765951626,0.0,0.0,0.0,0.0,1,2,0,687663.6869501647,338544.4936065574,262142.00621492576,1.1670245316686931,-1.7747055502094886,-1.8276372100843195,1.7525844210160881,-0.016114366641495355,0.8280415687087431,0.0493785395866314,0.8986208764902223,-1.130215224997318,0.9807533723643529
EDI00015,edificio,disponible,alquiler,4000.0,dolar,1,1,Entre 1er y 2do anillo Este,Santa Cruz de la Sierra,660.0,-17.776243,-63.165676,8.294299608857235,8.294299608857235,6.493753839851686,6.493753839851686,0.6931471805599453,0.6931471805599453,0.6931471805599453,0.6931471805599453,1,0,0,1171175.6402570198,338544.4936065574,284036.80966702325,0.8126485521128224,-0.7460403115800028,-0.7708567176005267,3.757222820917717,-0.016114366641495355,-1.222499172317344,0.20558587480792967,0.8986208764902223,-0.933505138345792,1.0323800251714277
TER00119,terreno,disponible,venta,167000.0,dolar,0,0,Urubó,Santa Cruz de la Sierra,701.0,-17.704641,-63.224548,12.025755079404917,12.025755079404917,6.553933404025811,6.553933404025811,0.0,0.0,0.0,0.0,1,2,0,687663.6869501647,338544.4936065574,363867.0815300617,0.8614788556840769,-1.7747055502094886,-1.8276372100843195,1.7525844210160881,-0.016114366641495355,0.8280415687087431,0.7751307928520517,0.8986208764902223,-0.8264124100579028,1.0081567715307387
TER00120,terreno,disponible,venta,810000.0,dolar,0,0,Carretera Norte,Santa Cruz de la Sierra,5601.0,-17.70229,-63.164394,13.60479076121576,13.60479076121576,8.630878955820053,8.630878955820053,0.0,0.0,0.0,0.0,1,2,0,687663.6869501647,338544.4936065574,241093.2232523852,2.5467333633710174,-1.7747055502094886,-1.8276372100843195,1.7525844210160881,-0.016114366641495355,0.8280415687087431,-0.10079290650209513,0.8986208764902223,-0.8228960976056733,1.0329075121120324
CAS00300,casa,disponible,venta,265000.0,dolar,4,4,Entre 5to y 6to anillo Norte,Santa Cruz de la Sierra,288.0,-17.735065,-63.165272,12.487488878546145,12.487488878546145,5.666426688112432,5.666426688112432,1.6094379124341003,1.6094379124341003,1.6094379124341003,1.6094379124341003,1,2,0,293318.67804873566,338544.4936065574,371269.9043009016,0.14134698111309307,0.6137811675983271,0.6261311055427021,0.11763177455760256,-0.016114366641495355,0.8280415687087431,0.8279458464641297,0.8986208764902223,-0.8719165742632412,1.0325462535052834
TER00121,terreno,disponible,venta,4635600.0,dolar,0,0,Entre 4to y 5to anillo Norte,Santa Cruz de la Sierra,13728.0,-17.760033,-63.146431,15.349276414164155,15.349276414164155,9.527265662897605,9.527265662897605,0.0,0.0,0.0,0.0,1,2,0,687663.6869501647,338544.4936065574,326892.80690165295,3.2740705520749187,-1.7747055502094886,-1.8276372100843195,1.7525844210160881,-0.016114366641495355,0.8280415687087431,0.5113397556737347,0.8986208764902223,-0.9092603808593148,1.0402985011245973
CAS00301,casa,disponible,venta,85000.0,dolar,3,1,Carretera Norte,Santa Cruz de la Sierra,99.0,-17.679207,-63.144356,11.350418300109132,11.350418300109132,4.605170185988092,4.605170185988092,1.3862943611198906,1.3862943611198906,0.6931471805599453,0.6931471805599453,1,2,0,293318.67804873566,338544.4936065574,241093.2232523852,-0.7197672173174207,0.2826249270494829,-0.7708567176005267,0.11763177455760256,-0.016114366641495355,0.8280415687087431,-0.10079290650209513,0.8986208764902223,-0.7883716227716011,1.041152272888838
TER00122,terreno,disponible,venta,1262940.0,dolar,0,0,Las Palmas,Santa Cruz de la Sierra,1053.0,-17.802519,-63.212021,14.048953686068883,14.048953686068883,6.960347729101308,6.960347729101308,0.0,0.0,0.0,0.0,1,2,0,687663.6869501647,338544.4936065574,347140.37653496256,1.191247526186942,-1.7747055502094886,-1.8276372100843195,1.7525844210160881,-0.016114366641495355,0.8280415687087431,0.6557949869822386,0.8986208764902223,-0.9728052770080139,1.0133110842491257
CAS00302,casa,disponible,venta,210000.0,dolar,5,6,Carretera Norte,Santa Cruz de la Sierra,1062.0,-17.660118,-63.172928,12.25486757159303,12.25486757159303,6.968850378341948,6.968850378341948,1.791759469228055,1.791759469228055,1.9459101490553132,1.9459101490553132,1,2,0,293318.67804873566,338544.4936065574,241093.2232523852,1.1981466612883367,0.8843555174431118,1.1391207070245153,0.11763177455760256,-0.016114366641495355,0.8280415687087431,-0.10079290650209513,0.8986208764902223,-0.7598208408061872,1.029396144287437
CAS00303,casa,disponible,alquiler,2000.0,dolar,2,5,Entre 4to y 5to anillo Norte,Santa Cruz de la Sierra,280.0,-17.748198,-63.175335,7.601402334583733,7.601402334583733,5.638354669333745,5.638354669333745,1.0986122886681098,1.0986122886681098,1.791759469228055,1.791759469228055,1,0,0,293318.67804873566,338544.4936065574,326892.80690165295,0.1185690627676721,-0.1443097211863738,0.9041007344799207,0.11763177455760256,-0.016114366641495355,-1.222499172317344,0.5113397556737347,0.8986208764902223,-0.8915591652607663,1.0284057690409176
TER00123,terreno,disponible,venta,40000.0,dolar,0,0,Urubó,Santa Cruz de la Sierra,300.0,-17.645147,-63.237942,10.596659732783579,10.596659732783579,5.707110264748875,5.707110264748875,0.0,0.0,0.0,0.0,1,2,0,687663.6869501647,338544.4936065574,363867.0815300617,0.1743580443333893,-1.7747055502094886,-1.8276372100843195,1.7525844210160881,-0.016114366641495355,0.8280415687087431,0.7751307928520517,0.8986208764902223,-0.7374292143823743,1.0026457262245942
TER00124,terreno,disponible,venta,95850.0,dolar,0,0,Urubó,Santa Cruz de la Sierra,1066.0,-17.692253,-63.212963,11.470550181387546,11.470550181387546,6.9726062513017535,6.9726062513017535,0.0,0.0,0.0,0.0,1,2,0,687663.6869501647,338544.4936065574,363867.0815300617,1.2011942143791456,-1.7747055502094886,-1.8276372100843195,1.7525844210160881,-0.016114366641495355,0.8280415687087431,0.7751307928520517,0.8986208764902223,-0.8078840907647252,1.0129234924409727
TER00125,terreno,disponible,venta,303408.0,dolar,0,0,Urubó,Santa Cruz de la Sierra,778.0,-17.74979,-63.22633,12.622837009266759,12.622837009266759,6.658011045870748,6.658011045870748,0.0,0.0,0.0,0.0,1,2,0,687663.6869501647,338544.4936065574,363867.0815300617,0.9459285009417894,-1.7747055502094886,-1.8276372100843195,1.7525844210160881,-0.016114366641495355,0.8280415687087431,0.7751307928520517,0.8986208764902223,-0.8939402666746172,1.0074235564541714
CAS00304,casa,disponible,venta,530000.0,dolar,4,4,Entre 2do y 3er anillo Norte,Santa Cruz de la Sierra,366.0,-17.765659,-63.174862,13.180634172318978,13.180634172318978,5.905361848054571,5.905361848054571,1.6094379124341003,1.6094379124341003,1.6094379124341003,1.6094379124341003,1,2,0,293318.67804873566,338544.4936065574,401212.6233841972,0.335221372759774,0.6137811675983271,0.6261311055427021,0.11763177455760256,-0.016114366641495355,0.8280415687087431,1.0415706167213592,0.8986208764902223,-0.9176750018105115,1.0286003878575374
DEP00376,departamento,disponible,venta,155000.0,dolar,4,3,Entre 2do y 3er anillo Norte,Santa Cruz de la Sierra,115.0,-17.762941,-63.178642,11.951186847493476,11.951186847493476,4.7535901911063645,4.7535901911063645,1.6094379124341003,1.6094379124341003,1.3862943611198906,1.3862943611198906,1,2,0,71095.44020000269,338544.4936065574,401212.6233841972,-0.5993377325673712,0.6137811675983271,0.2859237748832662,-0.8037047775075877,-0.016114366641495355,0.8280415687087431,1.0415706167213592,0.8986208764902223,-0.9136097796730537,1.0270450831496634
CAS00305,casa,disponible,venta,55000.0,dolar,3,2,Entre 7mo y 8vo anillo Norte,Santa Cruz de la Sierra,96.0,-17.661358,-63.166992,10.915106645867503,10.915106645867503,4.574710978503383,4.574710978503383,1.3862943611198906,1.3862943611198906,1.0986122886681098,1.0986122886681098,1,2,0,293318.67804873566,338544.4936065574,299803.402354987,-0.744482124585853,0.2826249270494829,-0.152679758003872,0.11763177455760256,-0.016114366641495355,0.8280415687087431,0.3180718094131331,0.8986208764902223,-0.7616754675355648,1.0318385487175752
TER00126,terreno,disponible,venta,250000.0,dolar,0,0,Urubó,Santa Cruz de la Sierra,1096.0,-17.736814,-63.219357,12.429220196836383,12.429220196836383,7.00033446027523,7.00033446027523,0.0,0.0,0.0,0.0,1,2,0,687663.6869501647,338544.4936065574,363867.0815300617,1.2236931619910694,-1.7747055502094886,-1.8276372100843195,1.7525844210160881,-0.016114366641495355,0.8280415687087431,0.7751307928520517,0.8986208764902223,-0.874532495351696,1.0102926410382929
TER00127,terreno,disponible,venta,5320820.0,dolar,0,0,Entre 5to y 6to anillo Norte,Santa Cruz de la Sierra,11567.0,-17.739876,-63.162968,15.487138172719481,15.487138172719481,9.355997944398545,9.355997944398545,0.0,0.0,0.0,0.0,1,2,0,687663.6869501647,338544.4936065574,371269.9043009016,3.1351022029179294,-1.7747055502094886,-1.8276372100843195,1.7525844210160881,-0.016114366641495355,0.8280415687087431,0.8279458464641297,0.8986208764902223,-0.8791122268398875,1.0334942487557963
CAS00306,casa,disponible,alquiler,28000.0,dolar,3,5,Las Palmas,Santa Cruz de la Sierra,450.0,-17.802847,-63.209961,10.239995502805316,10.239995502805316,6.111467339502679,6.111467339502679,1.3862943611198906,1.3862943611198906,1.791759469228055,1.791759469228055,1,0,0,293318.67804873566,338544.4936065574,347140.37653496256,0.5024574412363376,0.2826249270494829,0.9041007344799207,0.11763177455760256,-0.016114366641495355,-1.222499172317344,0.6557949869822386,0.8986208764902223,-0.9732958556912684,1.0141586841692884
TER00128,terreno,disponible,venta,8850.0,dolar,0,0,Carretera Norte,Santa Cruz de la Sierra,300.0,-17.59446,-63.06395,9.088285725968877,9.088285725968877,5.707110264748875,5.707110264748875,0.0,0.0,0.0,0.0,1,2,0,687663.6869501647,338544.4936065574,241093.2232523852,0.1743580443333893,-1.7747055502094886,-1.8276372100843195,1.7525844210160881,-0.016114366641495355,0.8280415687087431,-0.10079290650209513,0.8986208764902223,-0.6616183554855828,1.0742358258891318
DEP00377,departamento,disponible,venta,128000.0,dolar,1,1,Equipetrol,Santa Cruz de la Sierra,53.0,-17.756895,-63.197475,11.759793355371237,11.759793355371237,3.9889840465642745,3.9889840465642745,0.6931471805599453,0.6931471805599453,0.6931471805599453,0.6931471805599453,1,2,0,71095.44020000269,338544.4936065574,109656.35558668687,-1.2197468475687372,-0.7460403115800028,-0.7708567176005267,-0.8037047775075877,-0.016114366641495355,0.8280415687087431,-1.0385223952738374,0.8986208764902223,-0.904566978700613,1.019296127180528
TER00129,terreno,disponible,alquiler,1200.0,dolar,0,0,Entre 4to y 5to anillo Norte,Santa Cruz de la Sierra,3338.0,-17.749729,-63.160313,7.0909098220799835,7.0909098220799835,8.113426639943654,8.113426639943654,0.0,0.0,0.0,0.0,1,0,0,687663.6869501647,338544.4936065574,326892.80690165295,2.126867350470291,-1.7747055502094886,-1.8276372100843195,1.7525844210160881,-0.016114366641495355,-1.222499172317344,0.5113397556737347,0.8986208764902223,-0.893849031004862,1.0345866651577524
TER00130,terreno,disponible,venta,580000.0,dolar,0,0,Entre 3er y 4to anillo Norte,Santa Cruz de la Sierra,1105.0,-17.759068,-63.188599,13.270785106659046,13.270785106659046,7.00850518208228,7.00850518208228,0.0,0.0,0.0,0.0,1,2,0,687663.6869501647,338544.4936065574,544356.7072126968,1.230322967834796,-1.7747055502094886,-1.8276372100843195,1.7525844210160881,-0.016114366641495355,0.8280415687087431,2.062824629641123,0.8986208764902223,-0.9078170624771762,1.0229482130501197
TER00131,terreno,disponible,venta,145000.0,dolar,0,0,Urubó,Santa Cruz de la Sierra,667.0,-17.705395,-63.227905,11.884495917930655,11.884495917930655,6.504288173536645,6.504288173536645,0.0,0.0,0.0,0.0,1,2,0,687663.6869501647,338544.4936065574,363867.0815300617,0.8211962164041273,-1.7747055502094886,-1.8276372100843195,1.7525844210160881,-0.016114366641495355,0.8280415687087431,0.7751307928520517,0.8986208764902223,-0.8275401427627034,1.0067755128258906
CAS00307,casa,disponible,alquiler,700.0,dolar,3,5,Entre 5to y 6to anillo Norte,Santa Cruz de la Sierra,280.0,-17.734886,-63.165173,6.55250788703459,6.55250788703459,5.638354669333745,5.638354669333745,1.3862943611198906,1.3862943611198906,1.791759469228055,1.791759469228055,1,0,0,293318.67804873566,338544.4936065574,371269.9043009016,0.1185690627676721,0.2826249270494829,0.9041007344799207,0.11763177455760256,-0.016114366641495355,-1.222499172317344,0.8279458464641297,0.8986208764902223,-0.8716488499208561,1.0325869876762033
GAL00009,galpon,disponible,alquiler,3500.0,dolar,8,5,Entre 2do y 3er anillo Norte,Santa Cruz de la Sierra,1100.0,-17.759691,-63.181255,8.160803920954665,8.160803920954665,7.00397413672268,7.00397413672268,2.1972245773362196,2.1972245773362196,1.791759469228055,1.791759469228055,1,0,0,367581.7512828929,338544.4936065574,401212.6233841972,1.2266464320632133,1.4860861078367409,0.9041007344799207,0.42552614465897515,-0.016114366641495355,-1.222499172317344,1.0415706167213592,0.8986208764902223,-0.9087488628420187,1.0259699479111284
CAS00308,casa,disponible,venta,295000.0,dolar,4,6,Urubó,Santa Cruz de la Sierra,511.0,-17.754707,-63.221268,12.59473402514672,12.59473402514672,6.238324625039508,6.238324625039508,1.6094379124341003,1.6094379124341003,1.9459101490553132,1.9459101490553132,1,2,0,293318.67804873566,338544.4936065574,363867.0815300617,0.6053907184708723,0.6137811675983271,1.1391207070245153,0.11763177455760256,-0.016114366641495355,0.8280415687087431,0.7751307928520517,0.8986208764902223,-0.9012944599232894,1.009506348102647
CAS00309,casa,disponible,alquiler,1280.0,dolar,3,4,Entre 5to y 6to anillo Norte,Santa Cruz de la Sierra,397.0,-17.740656,-63.163147,7.155396301896734,7.155396301896734,5.986452005284438,5.986452005284438,1.3862943611198906,1.3862943611198906,1.6094379124341003,1.6094379124341003,1,0,0,293318.67804873566,338544.4936065574,371269.9043009016,0.4010187418254289,0.2826249270494829,0.6261311055427021,0.11763177455760256,-0.016114366641495355,-1.222499172317344,0.8279458464641297,0.8986208764902223,-0.8802788468793391,1.0334205980831208
CAS00310,casa,disponible,venta,250000.0,dolar,5,5,Carretera Norte,Santa Cruz de la Sierra,296.0,-17.702387,-63.174095,12.429220196836383,12.429220196836383,5.6937321388027,5.6937321388027,1.791759469228055,1.791759469228055,1.791759469228055,1.791759469228055,1,2,0,293318.67804873566,338544.4936065574,241093.2232523852,0.16350289840252016,0.8843555174431118,0.9041007344799207,0.11763177455760256,-0.016114366641495355,0.8280415687087431,-0.10079290650209513,0.8986208764902223,-0.823041177277246,1.0289159748181012
LOC00035,local comercial,disponible,alquiler,800.0,dolar,1,2,Sirari,Santa Cruz de la Sierra,108.0,-17.764626,-63.201595,6.68586094706836,6.68586094706836,4.6913478822291435,4.6913478822291435,0.6931471805599453,0.6931471805599453,1.0986122886681098,1.0986122886681098,1,0,0,225639.55594352554,338544.4936065574,216778.5354302577,-0.649841767934867,-0.7460403115800028,-0.152679758003872,-0.16296556355542782,-0.016114366641495355,-1.222499172317344,-0.27426478076404176,0.8986208764902223,-0.9161299780916022,1.0176009273402025
CAS00311,casa,disponible,alquiler,750.0,dolar,3,4,Entre 8vo y 9no anillo Norte,Santa Cruz de la Sierra,320.0,-17.71232,-63.161709,6.621405651764134,6.621405651764134,5.771441123130016,5.771441123130016,1.3862943611198906,1.3862943611198906,1.6094379124341003,1.6094379124341003,1,0,0,293318.67804873566,338544.4936065574,261562.36069303774,0.22655674977202245,0.2826249270494829,0.6261311055427021,0.11763177455760256,-0.016114366641495355,-1.222499172317344,0.04524308879141491,0.8986208764902223,-0.8378976347795953,1.0340122722021472
DEP00378,departamento,disponible,venta,217250.0,dolar,2,2,Equipetrol,Santa Cruz de la Sierra,79.0,-17.764565,-63.194221,12.28880864610899,12.28880864610899,4.382026634673881,4.382026634673881,1.0986122886681098,1.0986122886681098,1.0986122886681098,1.0986122886681098,1,2,0,71095.44020000269,338544.4936065574,109656.35558668687,-0.9008281389138864,-0.1443097211863738,-0.152679758003872,-0.8037047775075877,-0.016114366641495355,0.8280415687087431,-1.0385223952738374,0.8986208764902223,-0.9160387424218525,1.020635005889367
CAS00312,casa,disponible,alquiler,1600.0,dolar,4,5,Urubó,Santa Cruz de la Sierra,380.0,-17.758837,-63.236156,7.3783837129967145,7.3783837129967145,5.942799375126701,5.942799375126701,1.6094379124341003,1.6094379124341003,1.791759469228055,1.791759469228055,1,0,0,293318.67804873566,338544.4936065574,363867.0815300617,0.3655985587194424,0.6137811675983271,0.9041007344799207,0.11763177455760256,-0.016114366641495355,-1.222499172317344,0.7751307928520517,0.8986208764902223,-0.9074715634654944,1.003380587126248
CAS00313,casa,disponible,alquiler,850.0,dolar,3,3,Sirari,Santa Cruz de la Sierra,50.0,-17.764784,-63.201496,6.7464121285733745,6.7464121285733745,3.9318256327243257,3.9318256327243257,1.3862943611198906,1.3862943611198906,1.3862943611198906,1.3862943611198906,1,0,0,293318.67804873566,338544.4936065574,216778.5354302577,-1.2661257593764128,0.2826249270494829,0.2859237748832662,0.11763177455760256,-0.016114366641495355,-1.222499172317344,-0.27426478076404176,0.8986208764902223,-0.9163662934329249,1.0176416615111226
CAS00314,casa,disponible,venta,310000.0,dolar,4,5,Entre 6to y 7mo anillo Norte,Santa Cruz de la Sierra,392.0,-17.730997,-63.171715,12.644330802262578,12.644330802262578,5.973809611869261,5.973809611869261,1.6094379124341003,1.6094379124341003,1.791759469228055,1.791759469228055,1,2,0,293318.67804873566,338544.4936065574,557886.4069768668,0.3907605766691627,0.6137811675983271,0.9041007344799207,0.11763177455760256,-0.016114366641495355,0.8280415687087431,2.159351568150943,0.8986208764902223,-0.8658322020575048,1.0298952407452804
DEP00379,departamento,disponible,venta,55500.0,dolar,1,1,Entre 3er y 4to anillo Norte,Santa Cruz de la Sierra,29.0,-17.757803,-63.183811,10.92415631759022,10.92415631759022,3.4011973816621555,3.4011973816621555,0.6931471805599453,0.6931471805599453,0.6931471805599453,0.6931471805599453,1,2,0,71095.44020000269,338544.4936065574,544356.7072126968,-1.6966828585916696,-0.7460403115800028,-0.7708567176005267,-0.8037047775075877,-0.016114366641495355,0.8280415687087431,2.062824629641123,0.8986208764902223,-0.9059250440798663,1.0249182656800921
CAS00315,casa,disponible,venta,260000.0,dolar,4,6,Carretera Norte,Santa Cruz de la Sierra,295.0,-17.689722,-63.161331,12.468440756144114,12.468440756144114,5.69035945432406,5.69035945432406,1.6094379124341003,1.6094379124341003,1.9459101490553132,1.9459101490553132,1,2,0,293318.67804873566,338544.4936065574,241093.2232523852,0.16076626829889365,0.6137811675983271,1.1391207070245153,0.11763177455760256,-0.016114366641495355,0.8280415687087431,-0.10079290650209513,0.8986208764902223,-0.8040985583033866,1.0341678026729362
CAS00316,casa,disponible,alquiler,1600.0,dolar,3,5,Entre 4to y 5to anillo Norte,Santa Cruz de la Sierra,190.0,-17.745899,-63.195507,7.3783837129967145,7.3783837129967145,5.25227342804663,5.25227342804663,1.3862943611198906,1.3862943611198906,1.791759469228055,1.791759469228055,1,0,0,293318.67804873566,338544.4936065574,326892.80690165295,-0.19470113906809491,0.2826249270494829,0.9041007344799207,0.11763177455760256,-0.016114366641495355,-1.222499172317344,0.5113397556737347,0.8986208764902223,-0.8881206274778336,1.020105873123673
DEP00380,departamento,disponible,alquiler,390.0,dolar,1,1,Entre 2do y 3er anillo Oeste,Santa Cruz de la Sierra,38.0,-17.770016,-63.197121,5.968707559985366,5.968707559985366,3.6635616461296463,3.6635616461296463,0.6931471805599453,0.6931471805599453,0.6931471805599453,0.6931471805599453,1,0,0,71095.44020000269,338544.4936065574,220026.08791509928,-1.483797855916544,-0.7460403115800028,-0.7708567176005267,-0.8037047775075877,-0.016114366641495355,-1.222499172317344,-0.25109528665288033,0.8986208764902223,-0.9241916216975287,1.0194417827007867
DEP00381,departamento,disponible,alquiler,750.0,dolar,2,3,Entre 4to y 5to anillo Norte,Santa Cruz de la Sierra,132.0,-17.748585,-63.169991,6.621405651764134,6.621405651764134,4.890349128221754,4.890349128221754,1.0986122886681098,1.0986122886681098,1.3862943611198906,1.3862943611198906,1,0,0,71095.44020000269,338544.4936065574,326892.80690165295,-0.48837015566527964,-0.1443097211863738,0.2859237748832662,-0.8037047775075877,-0.016114366641495355,-1.222499172317344,0.5113397556737347,0.8986208764902223,-0.8921379882803384,1.030604591358075
CAS00317,casa,disponible,venta,580000.0,dolar,6,7,Entre 3er y 4to anillo Norte,Santa Cruz de la Sierra,700.0,-17.758823,-63.187523,13.270785106659046,13.270785106659046,6.55250788703459,6.55250788703459,1.9459101490553132,1.9459101490553132,2.0794415416798357,2.0794415416798357,1,2,0,293318.67804873566,338544.4936065574,544356.7072126968,0.8603221768615802,1.1131228706065581,1.3427042673670588,0.11763177455760256,-0.016114366641495355,0.8280415687087431,2.062824629641123,0.8986208764902223,-0.9074506241314527,1.0233909399987116
DEP00382,departamento,disponible,venta,254000.0,dolar,3,4,Entre 2do y 3er anillo Norte,Santa Cruz de la Sierra,275.0,-17.764353,-63.174732,12.445093483000798,12.445093483000798,5.62040086571715,5.62040086571715,1.3862943611198906,1.3862943611198906,1.6094379124341003,1.6094379124341003,1,2,0,71095.44020000269,338544.4936065574,401212.6233841972,0.10400116595937307,0.2826249270494829,0.6261311055427021,-0.8037047775075877,-0.016114366641495355,0.8280415687087431,1.0415706167213592,0.8986208764902223,-0.9157216610777955,1.0286538771728868
DEP00383,departamento,disponible,venta,320000.0,dolar,2,4,Equipetrol,Santa Cruz de la Sierra,220.0,-17.769279,-63.195145,12.676079399771027,12.676079399771027,5.3981627015177525,5.3981627015177525,1.0986122886681098,1.0986122886681098,1.6094379124341003,1.6094379124341003,1,2,0,71095.44020000269,338544.4936065574,109656.35558668687,-0.07632511542703853,-0.1443097211863738,0.6261311055427021,-0.8037047775075877,-0.016114366641495355,0.8280415687087431,-1.0385223952738374,0.8986208764902223,-0.9230893153269261,1.0202548202941104
CAS00318,casa,disponible,alquiler,2000.0,dolar,4,6,Urubó,Santa Cruz de la Sierra,450.0,-17.758549,-63.235645,7.601402334583733,7.601402334583733,6.111467339502679,6.111467339502679,1.6094379124341003,1.6094379124341003,1.9459101490553132,1.9459101490553132,1,0,0,293318.67804873566,338544.4936065574,363867.0815300617,0.5024574412363376,0.6137811675983271,1.1391207070245153,0.11763177455760256,-0.016114366641495355,-1.222499172317344,0.7751307928520517,0.8986208764902223,-0.9070408114509272,1.0035908412812022
TER00132,terreno,disponible,venta,265000.0,dolar,0,0,Urubó,Santa Cruz de la Sierra,750.0,-17.777031,-63.248238,12.487488878546145,12.487488878546145,6.621405651764134,6.621405651764134,0.0,0.0,0.0,0.0,1,2,0,687663.6869501647,338544.4936065574,363867.0815300617,0.9162265160387497,-1.7747055502094886,-1.8276372100843195,1.7525844210160881,-0.016114366641495355,0.8280415687087431,0.7751307928520517,0.8986208764902223,-0.9346837237189778,0.9984093724488668
CAS00319,casa,disponible,alquiler,440.0,dolar,3,2,Carretera Norte,Santa Cruz de la Sierra,140.0,-17.696384,-63.130081,6.089044875446846,6.089044875446846,4.948759890378168,4.948759890378168,1.3862943611198906,1.3862943611198906,1.0986122886681098,1.0986122886681098,1,0,0,293318.67804873566,338544.4936065574,241093.2232523852,-0.44097507583928736,0.2826249270494829,-0.152679758003872,0.11763177455760256,-0.016114366641495355,-1.222499172317344,-0.10079290650209513,0.8986208764902223,-0.8140626899736437,1.0470258111705502
CAS00320,casa,disponible,alquiler,1050.0,dolar,3,5,Urubó,Santa Cruz de la Sierra,340.0,-17.758698,-63.236275,6.957497370876951,6.957497370876951,5.831882477283517,5.831882477283517,1.3862943611198906,1.3862943611198906,1.791759469228055,1.791759469228055,1,0,0,293318.67804873566,338544.4936065574,363867.0815300617,0.2755994723652537,0.2826249270494829,0.9041007344799207,0.11763177455760256,-0.016114366641495355,-1.222499172317344,0.7751307928520517,0.8986208764902223,-0.9072636657917967,1.00333162382989
TER00133,terreno,disponible,venta,490000.0,dolar,0,0,Entre 2do y 3er anillo Oeste,Santa Cruz de la Sierra,548.0,-17.792801,-63.194572,13.102162710901053,13.102162710901053,6.3080984415095305,6.3080984415095305,0.0,0.0,0.0,0.0,1,2,0,687663.6869501647,338544.4936065574,220026.08791509928,0.6620058948403471,-1.7747055502094886,-1.8276372100843195,1.7525844210160881,-0.016114366641495355,0.8280415687087431,-0.25109528665288033,0.8986208764902223,-0.9582703878498672,1.0204905847379209
GAL00010,galpon,disponible,venta,800000.0,dolar,4,5,Distrito 12,Santa Cruz de la Sierra,1008.0,-17.867134,-63.167301,13.592368256649284,13.592368256649284,6.9167150203536085,6.9167150203536085,1.6094379124341003,1.6094379124341003,1.791759469228055,1.791759469228055,1,2,0,367581.7512828929,338544.4936065574,270627.0917822349,1.1558435075134008,0.6137811675983271,0.9041007344799207,0.42552614465897515,-0.016114366641495355,0.8280415687087431,0.10991494076940084,0.8986208764902223,-1.069447781942537,1.03171140872955
LOC00036,local comercial,disponible,alquiler,250.0,dolar,1,1,Entre 8vo y 9no anillo Sur,Santa Cruz de la Sierra,36.0,-17.849955,-63.227993,5.5254529391317835,5.5254529391317835,3.6109179126442243,3.6109179126442243,0.6931471805599453,0.6931471805599453,0.6931471805599453,0.6931471805599453,1,0,0,225639.55594352554,338544.4936065574,243796.34922976192,-1.5265135106823298,-0.7460403115800028,-0.7708567176005267,-0.16296556355542782,-0.016114366641495355,-1.222499172317344,-0.08150759496151438,0.8986208764902223,-1.0437537234070569,1.006739304673962
CAS00321,casa,disponible,alquiler,650.0,dolar,3,3,Entre 6to y 7mo anillo Oeste,Santa Cruz de la Sierra,156.0,-17.816874,-63.235878,6.478509642208569,6.478509642208569,5.056245805348308,5.056245805348308,1.3862943611198906,1.3862943611198906,1.3862943611198906,1.3862943611198906,1,0,0,293318.67804873566,338544.4936065574,234401.0588416865,-0.35375992349222785,0.2826249270494829,0.2859237748832662,0.11763177455760256,-0.016114366641495355,-1.222499172317344,-0.14853780504595088,0.8986208764902223,-0.9942755727340051,1.0034949719698436
EDI00016,edificio,disponible,venta,405000.0,dolar,8,8,Entre 2do y 3er anillo Este,Santa Cruz de la Sierra,649.0,-17.77927,-63.163235,12.91164481522143,12.91164481522143,6.476972362889683,6.476972362889683,2.1972245773362196,2.1972245773362196,2.1972245773362196,2.1972245773362196,1,2,0,1171175.6402570198,338544.4936065574,330053.4060606322,0.7990318929416521,1.4860861078367409,1.5222776940765754,3.757222820917717,-0.016114366641495355,0.8280415687087431,0.5338888858089736,0.8986208764902223,-0.9380325214988794,1.0333843899311923
GAL00011,galpon,disponible,venta,500000.0,dolar,4,6,Entre 2do y 3er anillo Sur,Santa Cruz de la Sierra,410.0,-17.805405,-63.195808,13.122365377402328,13.122365377402328,6.018593214496234,6.018593214496234,1.6094379124341003,1.6094379124341003,1.9459101490553132,1.9459101490553132,1,2,0,367581.7512828929,338544.4936065574,265911.77041615,0.4270984422103985,0.6137811675983271,1.1391207070245153,0.42552614465897515,-0.016114366641495355,0.8280415687087431,0.07627372599806595,0.8986208764902223,-0.9771217711539715,1.0199820247858238
CAS00322,casa,disponible,venta,205000.0,dolar,4,4,Carretera Norte,Santa Cruz de la Sierra,247.0,-17.70236,-63.175762,12.230770136157428,12.230770136157428,5.5134287461649825,5.5134287461649825,1.6094379124341003,1.6094379124341003,1.6094379124341003,1.6094379124341003,1,2,0,293318.67804873566,338544.4936065574,241093.2232523852,0.017202912381478915,0.6137811675983271,0.6261311055427021,0.11763177455760256,-0.016114366641495355,0.8280415687087431,-0.10079290650209513,0.8986208764902223,-0.8230007942758762,1.0282300772128055
DEP00384,departamento,disponible,venta,75850.0,dolar,1,2,Equipetrol,Santa Cruz de la Sierra,42.0,-17.769148,-63.191658,11.236526168605394,11.236526168605394,3.7612001156935624,3.7612001156935624,0.6931471805599453,0.6931471805599453,1.0986122886681098,1.0986122886681098,1,2,0,71095.44020000269,338544.4936065574,109656.35558668687,-1.4045730198036785,-0.7460403115800028,-0.152679758003872,-0.8037047775075877,-0.016114366641495355,0.8280415687087431,-1.0385223952738374,0.8986208764902223,-0.922893382986968,1.0216895683143081
DEP00385,departamento,disponible,venta,94000.0,dolar,2,2,Entre 4to y 5to anillo Oeste,Santa Cruz de la Sierra,92.0,-17.787533,-63.220943,11.451060699493427,11.451060699493427,4.532599493153256,4.532599493153256,1.0986122886681098,1.0986122886681098,1.0986122886681098,1.0986122886681098,1,2,0,71095.44020000269,338544.4936065574,230627.24970349422,-0.7786518072963047,-0.1443097211863738,-0.152679758003872,-0.8037047775075877,-0.016114366641495355,0.8280415687087431,-0.17546184984957416,0.8986208764902223,-0.9503912155834405,1.0096400713910236
DEP00386,departamento,disponible,alquiler,600.0,dolar,1,1,Sirari,Santa Cruz de la Sierra,43.0,-17.764856,-63.20322,6.398594934535208,6.398594934535208,3.784189633918261,3.784189633918261,0.6931471805599453,0.6931471805599453,0.6931471805599453,0.6931471805599453,1,0,0,71095.44020000269,338544.4936065574,216778.5354302577,-1.3859190935203174,-0.7460403115800028,-0.7708567176005267,-0.8037047775075877,-0.016114366641495355,-1.222499172317344,-0.27426478076404176,0.8986208764902223,-0.9164739814365706,1.0169323108983248
OFI00091,oficina,disponible,venta,199000.0,dolar,5,2,Equipetrol,Santa Cruz de la Sierra,119.0,-17.765741,-63.19614,12.201065128819632,12.201065128819632,4.787491742782046,4.787491742782046,1.791759469228055,1.791759469228055,1.0986122886681098,1.0986122886681098,1,2,0,127588.56880770384,338544.4936065574,109656.35558668687,-0.5718296726041875,0.8843555174431118,-0.152679758003872,-0.5694845184983812,-0.016114366641495355,0.8280415687087431,-1.0385223952738374,0.8986208764902223,-0.9177976464813239,1.019845421303545
CAS00323,casa,disponible,alquiler,2600.0,dolar,4,5,Urubó,Santa Cruz de la Sierra,480.0,-17.760662,-63.233295,7.8636512654486515,7.8636512654486515,6.175867270105761,6.175867270105761,1.6094379124341003,1.6094379124341003,1.791759469228055,1.791759469228055,1,0,0,293318.67804873566,338544.4936065574,363867.0815300617,0.5547121925704847,0.6137811675983271,0.9041007344799207,0.11763177455760256,-0.016114366641495355,-1.222499172317344,0.7751307928520517,0.8986208764902223,-0.9102011552244593,1.0045577635202227
CAS00324,casa,disponible,venta,155000.0,dolar,3,5,Urubó,Santa Cruz de la Sierra,280.0,-17.762171,-63.232483,11.951186847493476,11.951186847493476,5.638354669333745,5.638354669333745,1.3862943611198906,1.3862943611198906,1.791759469228055,1.791759469228055,1,2,0,293318.67804873566,338544.4936065574,363867.0815300617,0.1185690627676721,0.2826249270494829,0.9041007344799207,0.11763177455760256,-0.016114366641495355,0.8280415687087431,0.7751307928520517,0.8986208764902223,-0.9124581163007739,1.0048918660130233
TER00134,terreno,disponible,venta,310000.0,dolar,0,0,Colinas del Urubó,Santa Cruz de la Sierra,1107.0,-17.755552,-63.217648,12.644330802262578,12.644330802262578,7.010311867307229,7.010311867307229,0.0,0.0,0.0,0.0,1,2,0,687663.6869501647,338544.4936065574,335393.0740524953,1.231788930395387,-1.7747055502094886,-1.8276372100843195,1.7525844210160881,-0.016114366641495355,0.8280415687087431,0.5719844690737547,0.8986208764902223,-0.9025582982993605,1.0109958198070126
GAL00012,galpon,disponible,alquiler,390.0,dolar,3,3,Urubó,Santa Cruz de la Sierra,245.0,-17.750793,-63.229183,5.968707559985366,5.968707559985366,5.5053315359323625,5.5053315359323625,1.3862943611198906,1.3862943611198906,1.3862943611198906,1.3862943611198906,1,0,0,367581.7512828929,338544.4936065574,363867.0815300617,0.010632754568519774,0.2826249270494829,0.2859237748832662,0.42552614465897515,-0.016114366641495355,-1.222499172317344,0.7751307928520517,0.8986208764902223,-0.895440420392011,1.0062496717103726
LOC00037,local comercial,disponible,alquiler,2500.0,dolar,2,4,Entre 1er y 2do anillo Este,Santa Cruz de la Sierra,319.0,-17.782501,-63.171085,7.824445930877619,7.824445930877619,5.768320995793772,5.768320995793772,1.0986122886681098,1.0986122886681098,1.6094379124341003,1.6094379124341003,1,0,0,225639.55594352554,338544.4936065574,284036.80966702325,0.2240250470735961,-0.1443097211863738,0.6261311055427021,-0.16296556355542782,-0.016114366641495355,-1.222499172317344,0.20558587480792967,0.8986208764902223,-0.9428650206622842,1.0301544581965927
LOC00038,local comercial,disponible,venta,289000.0,dolar,3,4,Centro,Santa Cruz de la Sierra,423.0,-17.785618,-63.172512,12.574185427296195,12.574185427296195,6.049733455231958,6.049733455231958,1.3862943611198906,1.3862943611198906,1.6094379124341003,1.6094379124341003,1,2,0,225639.55594352554,338544.4936065574,288595.4885427981,0.4523659467075667,0.2826249270494829,0.6261311055427021,-0.16296556355542782,-0.016114366641495355,0.8280415687087431,0.2381095318881303,0.8986208764902223,-0.9475270138199237,1.0295673100965579
DEP00387,departamento,disponible,alquiler,350.0,dolar,1,1,Equipetrol,Santa Cruz de la Sierra,36.0,-17.766256,-63.195576,5.860786223465865,5.860786223465865,3.6109179126442243,3.6109179126442243,0.6931471805599453,0.6931471805599453,0.6931471805599453,0.6931471805599453,1,0,0,71095.44020000269,338544.4936065574,109656.35558668687,-1.5265135106823298,-0.7460403115800028,-0.7708567176005267,-0.8037047775075877,-0.016114366641495355,-1.222499172317344,-1.0385223952738374,0.8986208764902223,-0.918567914840703,1.020077482640909
DEP00388,departamento,disponible,alquiler,300.0,dolar,2,3,Entre 4to y 5to anillo Norte,Santa Cruz de la Sierra,81.0,-17.743025,-63.172672,5.707110264748875,5.707110264748875,4.406719247264253,4.406719247264253,1.0986122886681098,1.0986122886681098,1.3862943611198906,1.3862943611198906,1,0,0,71095.44020000269,338544.4936065574,326892.80690165295,-0.8807923047349197,-0.1443097211863738,0.2859237748832662,-0.8037047775075877,-0.016114366641495355,-1.222499172317344,0.5113397556737347,0.8986208764902223,-0.8838220813324801,1.0295014770930495
DEP00389,departamento,disponible,alquiler,300.0,dolar,1,1,Entre 2do y 3er anillo Norte,Santa Cruz de la Sierra,37.0,-17.764261,-63.192196,5.707110264748875,5.707110264748875,3.6375861597263857,3.6375861597263857,0.6931471805599453,0.6931471805599453,0.6931471805599453,0.6931471805599453,1,0,0,71095.44020000269,338544.4936065574,401212.6233841972,-1.5048746268086066,-0.7460403115800028,-0.7708567176005267,-0.8037047775075877,-0.016114366641495355,-1.222499172317344,1.0415706167213592,0.8986208764902223,-0.9155840597398114,1.0214682048400108
CAS00325,casa,disponible,venta,285000.0,dolar,4,4,Carretera Norte,Santa Cruz de la Sierra,337.0,-17.702665,-63.153355,12.560247968016562,12.560247968016562,5.823045895483019,5.823045895483019,1.6094379124341003,1.6094379124341003,1.6094379124341003,1.6094379124341003,1,2,0,293318.67804873566,338544.4936065574,241093.2232523852,0.2684293810265718,0.6137811675983271,0.6261311055427021,0.11763177455760256,-0.016114366641495355,0.8280415687087431,-0.10079290650209513,0.8986208764902223,-0.823456972624636,1.037449577897799
CAS00326,casa,disponible,venta,180000.0,dolar,4,6,Urubó,Santa Cruz de la Sierra,340.0,-17.760641,-63.232998,12.100717685412471,12.100717685412471,5.831882477283517,5.831882477283517,1.6094379124341003,1.6094379124341003,1.9459101490553132,1.9459101490553132,1,2,0,293318.67804873566,338544.4936065574,363867.0815300617,0.2755994723652537,0.6137811675983271,1.1391207070245153,0.11763177455760256,-0.016114366641495355,0.8280415687087431,0.7751307928520517,0.8986208764902223,-0.9101697462233969,1.0046799660329826
DEP00390,departamento,disponible,alquiler,420.0,dolar,1,1,Entre 2do y 3er anillo Norte,Santa Cruz de la Sierra,46.0,-17.76302,-63.178604,6.042632833682381,6.042632833682381,3.8501476017100584,3.8501476017100584,0.6931471805599453,0.6931471805599453,0.6931471805599453,0.6931471805599453,1,0,0,71095.44020000269,338544.4936065574,401212.6233841972,-1.3324001351427275,-0.7460403115800028,-0.7708567176005267,-0.8037047775075877,-0.016114366641495355,-1.222499172317344,1.0415706167213592,0.8986208764902223,-0.9137279373437149,1.027060718487998
DEP00391,departamento,disponible,alquiler,350.0,dolar,1,1,Entre 2do y 3er anillo Norte,Santa Cruz de la Sierra,42.0,-17.763634,-63.178143,5.860786223465865,5.860786223465865,3.7612001156935624,3.7612001156935624,0.6931471805599453,0.6931471805599453,0.6931471805599453,0.6931471805599453,1,0,0,71095.44020000269,338544.4936065574,401212.6233841972,-1.4045730198036785,-0.7460403115800028,-0.7708567176005267,-0.8037047775075877,-0.016114366641495355,-1.222499172317344,1.0415706167213592,0.8986208764902223,-0.9146462767080991,1.0272503998293554
CAS00327,casa,disponible,alquiler,5000.0,dolar,4,5,Entre 3er y 4to anillo Oeste,Santa Cruz de la Sierra,562.0,-17.804264,-63.207832,8.517393171418904,8.517393171418904,6.333279628139691,6.333279628139691,1.6094379124341003,1.6094379124341003,1.791759469228055,1.791759469228055,1,0,0,293318.67804873566,338544.4936065574,227097.1951425342,0.6824381629085798,0.6137811675983271,0.9041007344799207,0.11763177455760256,-0.016114366641495355,-1.222499172317344,-0.20064684031362548,0.8986208764902223,-0.9754152154295987,1.0150346745722123
DEP00392,departamento,disponible,alquiler,375.0,dolar,1,1,Equipetrol,Santa Cruz de la Sierra,67.0,-17.764265,-63.192204,5.929589143389895,5.929589143389895,4.219507705176107,4.219507705176107,0.6931471805599453,0.6931471805599453,0.6931471805599453,0.6931471805599453,1,0,0,71095.44020000269,338544.4936065574,109656.35558668687,-1.03269763269237,-0.7460403115800028,-0.7708567176005267,-0.8037047775075877,-0.016114366641495355,-1.222499172317344,-1.0385223952738374,0.8986208764902223,-0.9155900424066812,1.021464913189838
CAS00328,casa,disponible,venta,186000.0,dolar,6,4,Entre 2do y 3er anillo Este,Santa Cruz de la Sierra,319.0,-17.779297,-63.161175,12.133507329024972,12.133507329024972,5.768320995793772,5.768320995793772,1.9459101490553132,1.9459101490553132,1.6094379124341003,1.6094379124341003,1,2,0,293318.67804873566,338544.4936065574,330053.4060606322,0.2240250470735961,1.1131228706065581,0.6261311055427021,0.11763177455760256,-0.016114366641495355,0.8280415687087431,0.5338888858089736,0.8986208764902223,-0.9380729045002439,1.034231989851355
DEP00393,departamento,disponible,anticretico,21000.0,dolar,2,2,Entre 2do y 3er anillo Norte,Santa Cruz de la Sierra,69.0,-17.762409,-63.175594,9.952325334619427,9.952325334619427,4.248495242049359,4.248495242049359,1.0986122886681098,1.0986122886681098,1.0986122886681098,1.0986122886681098,1,1,0,71095.44020000269,338544.4936065574,401212.6233841972,-1.0091768537580412,-0.1443097211863738,-0.152679758003872,-0.8037047775075877,-0.016114366641495355,-0.1972288018043005,1.0415706167213592,0.8986208764902223,-0.9128140849794819,1.0282992018664896
LOC00039,local comercial,disponible,alquiler,700.0,dolar,1,2,Entre 1er y 2do anillo Sur,Santa Cruz de la Sierra,90.0,-17.798195,-63.179771,6.55250788703459,6.55250788703459,4.51085950651685,4.51085950651685,0.6931471805599453,0.6931471805599453,1.0986122886681098,1.0986122886681098,1,0,0,225639.55594352554,338544.4936065574,294155.68177753733,-0.7962918510829159,-0.7460403115800028,-0.152679758003872,-0.16296556355542782,-0.016114366641495355,-1.222499172317344,0.277778441016013,0.8986208764902223,-0.9663380141226634,1.0265805490186621
CAS00329,casa,disponible,alquiler,1500.0,dolar,3,4,Entre 2do y 3er anillo Sur,Santa Cruz de la Sierra,350.0,-17.810564,-63.180302,7.313886831633462,7.313886831633462,5.860786223465865,5.860786223465865,1.3862943611198906,1.3862943611198906,1.6094379124341003,1.6094379124341003,1,0,0,293318.67804873566,338544.4936065574,265911.77041615,0.29905226269033564,0.2826249270494829,0.6261311055427021,0.11763177455760256,-0.016114366641495355,-1.222499172317344,0.07627372599806595,0.8986208764902223,-0.984837915748216,1.0263620657382726
CAS00330,casa,disponible,venta,399000.0,dolar,4,7,Urubó,Santa Cruz de la Sierra,450.0,-17.759956,-63.23407,12.896719202134523,12.896719202134523,6.111467339502679,6.111467339502679,1.6094379124341003,1.6094379124341003,2.0794415416798357,2.0794415416798357,1,2,0,293318.67804873566,338544.4936065574,363867.0815300617,0.5024574412363376,0.6137811675983271,1.3427042673670588,0.11763177455760256,-0.016114366641495355,0.8280415687087431,0.7751307928520517,0.8986208764902223,-0.9091452145220859,1.00423888490948
DEP00394,departamento,disponible,venta,235000.0,dolar,4,4,Entre 4to y 5to anillo Oeste,Santa Cruz de la Sierra,247.0,-17.798817,-63.21748,12.367345048436391,12.367345048436391,5.5134287461649825,5.5134287461649825,1.6094379124341003,1.6094379124341003,1.6094379124341003,1.6094379124341003,1,2,0,71095.44020000269,338544.4936065574,230627.24970349422,0.017202912381478915,0.6137811675983271,0.6261311055427021,-0.8037047775075877,-0.016114366641495355,0.8280415687087431,-0.17546184984957416,0.8986208764902223,-0.9672683188207871,1.0110649444606936
DEP00395,departamento,disponible,venta,251120.0,dolar,2,3,Equipetrol,Santa Cruz de la Sierra,125.0,-17.765511,-63.195091,12.43369017366783,12.43369017366783,4.836281906951478,4.836281906951478,1.0986122886681098,1.0986122886681098,1.3862943611198906,1.3862943611198906,1,2,0,71095.44020000269,338544.4936065574,109656.35558668687,-0.5322408427351091,-0.1443097211863738,0.2859237748832662,-0.8037047775075877,-0.016114366641495355,0.8280415687087431,-1.0385223952738374,0.8986208764902223,-0.9174536431363609,1.0202770389327938
CAS00331,casa,disponible,venta,509381.0,dolar,7,10,Entre 7mo y 8vo anillo Norte,Santa Cruz de la Sierra,889.0,-17.726206,-63.163162,13.140953505214128,13.140953505214128,6.7912214627261855,6.7912214627261855,2.0794415416798357,2.0794415416798357,2.3978952727983707,2.3978952727983707,1,2,0,293318.67804873566,338544.4936065574,299803.402354987,1.0540167728189918,1.3112901656789684,1.8282226395732084,0.11763177455760256,-0.016114366641495355,0.8280415687087431,0.3180718094131331,0.8986208764902223,-0.8586664628152074,1.033414426239043
CAS00332,casa,disponible,venta,260000.0,dolar,3,4,Entre 4to y 5to anillo Oeste,Santa Cruz de la Sierra,257.0,-17.791634,-63.223904,12.468440756144114,12.468440756144114,5.552959584921617,5.552959584921617,1.3862943611198906,1.3862943611198906,1.6094379124341003,1.6094379124341003,1,2,0,293318.67804873566,338544.4936065574,230627.24970349422,0.04927863249350252,0.2826249270494829,0.6261311055427021,0.11763177455760256,-0.016114366641495355,0.8280415687087431,-0.17546184984957416,0.8986208764902223,-0.9565249447908435,1.0084217493698582
DEP00396,departamento,disponible,venta,99536.0,dolar,1,1,Equipetrol,Santa Cruz de la Sierra,62.0,-17.769035,-63.19437,11.508284713320634,11.508284713320634,4.143134726391533,4.143134726391533,0.6931471805599453,0.6931471805599453,0.6931471805599453,0.6931471805599453,1,2,0,71095.44020000269,338544.4936065574,109656.35558668687,-1.0946674357288504,-0.7460403115800028,-0.7708567176005267,-0.8037047775075877,-0.016114366641495355,0.8280415687087431,-1.0385223952738374,0.8986208764902223,-0.9227243726479161,1.0205736989048502
DEP00397,departamento,disponible,venta,72000.0,dolar,1,1,Equipetrol,Santa Cruz de la Sierra,30.0,-17.755711,-63.193214,11.184435286790631,11.184435286790631,3.4339872044851463,3.4339872044851463,0.6931471805599453,0.6931471805599453,0.6931471805599453,0.6931471805599453,1,2,0,71095.44020000269,338544.4936065574,109656.35558668687,-1.6700768665997447,-0.7460403115800028,-0.7708567176005267,-0.8037047775075877,-0.016114366641495355,0.8280415687087431,-1.0385223952738374,0.8986208764902223,-0.902796109307402,1.0210493423551945
DEP00398,departamento,disponible,venta,90000.0,dolar,2,2,Centro,Santa Cruz de la Sierra,100.0,-17.789696,-63.177376,11.407576060361786,11.407576060361786,4.61512051684126,4.61512051684126,1.0986122886681098,1.0986122886681098,1.0986122886681098,1.0986122886681098,1,2,0,71095.44020000269,338544.4936065574,288595.4885427981,-0.7116934187969003,-0.1443097211863738,-0.152679758003872,-0.8037047775075877,-0.016114366641495355,0.8280415687087431,0.2381095318881303,0.8986208764902223,-0.9536263426928319,1.0275659867899192
CAS00333,casa,disponible,venta,320000.0,dolar,4,3,Entre 1er y 2do anillo Sur,Santa Cruz de la Sierra,230.0,-17.793169,-63.176991,12.676079399771027,12.676079399771027,5.442417710521793,5.442417710521793,1.6094379124341003,1.6094379124341003,1.3862943611198906,1.3862943611198906,1,2,0,293318.67804873566,338544.4936065574,294155.68177753733,-0.04041615606729196,0.6137811675983271,0.2859237748832662,0.11763177455760256,-0.016114366641495355,0.8280415687087431,0.277778441016013,0.8986208764902223,-0.9588207932018091,1.0277243974546104
CAS00334,casa,disponible,venta,189000.0,dolar,5,5,Entre 5to y 6to anillo Sur,Santa Cruz de la Sierra,210.0,-17.839506,-63.181644,12.149507585033072,12.149507585033072,5.351858133476067,5.351858133476067,1.791759469228055,1.791759469228055,1.791759469228055,1.791759469228055,1,2,0,293318.67804873566,338544.4936065574,284343.1042721047,-0.11389710760147681,0.8843555174431118,0.9041007344799207,0.11763177455760256,-0.016114366641495355,0.8280415687087431,0.20777111771988863,0.8986208764902223,-1.0281255018786044,1.0258098914213507
CAS00335,casa,disponible,venta,68000.0,dolar,3,2,Entre 6to y 7mo anillo Sur,Santa Cruz de la Sierra,100.0,-17.830685,-63.227119,11.127277689932466,11.127277689932466,4.61512051684126,4.61512051684126,1.3862943611198906,1.3862943611198906,1.0986122886681098,1.0986122886681098,1,2,0,293318.67804873566,338544.4936065574,252500.43998189725,-0.7116934187969003,0.2826249270494829,-0.152679758003872,0.11763177455760256,-0.016114366641495355,0.8280415687087431,-0.019408712690655153,0.8986208764902223,-1.0149322257658204,1.0070989174556217
CAS00336,casa,disponible,venta,450000.0,dolar,9,4,Entre 1er y 2do anillo Este,Santa Cruz de la Sierra,663.0,-17.7827,-63.168118,13.017005083966255,13.017005083966255,6.498282149476434,6.498282149476434,2.302585092994046,2.302585092994046,1.6094379124341003,1.6094379124341003,1,2,0,293318.67804873566,338544.4936065574,284036.80966702325,0.8163228680816332,1.6424464062278135,0.6261311055427021,0.11763177455760256,-0.016114366641495355,0.8280415687087431,0.20558587480792967,0.8986208764902223,-0.9431626583390129,1.0313752489553893
TER00135,terreno,disponible,venta,86000.0,dolar,0,0,Urubó,Santa Cruz de la Sierra,325.0,-17.745644,-63.222919,11.362114203075018,11.362114203075018,5.786897381366708,5.786897381366708,0.0,0.0,0.0,0.0,1,2,0,687663.6869501647,338544.4936065574,363867.0815300617,0.2390981131423122,-1.7747055502094886,-1.8276372100843195,1.7525844210160881,-0.016114366641495355,0.8280415687087431,0.7751307928520517,0.8986208764902223,-0.8877392324649329,1.0088270337977028
DEP00399,departamento,disponible,venta,260000.0,dolar,3,3,Entre 4to y 5to anillo Norte,Santa Cruz de la Sierra,152.0,-17.751114,-63.19125,12.468440756144114,12.468440756144114,5.030437921392435,5.030437921392435,1.3862943611198906,1.3862943611198906,1.3862943611198906,1.3862943611198906,1,2,0,71095.44020000269,338544.4936065574,326892.80690165295,-0.3747007000729729,0.2826249270494829,0.2859237748832662,-0.8037047775075877,-0.016114366641495355,0.8280415687087431,0.5113397556737347,0.8986208764902223,-0.8959205294082447,1.021857442473253
TER00136,terreno,disponible,venta,84000.0,dolar,0,0,Carretera Norte,Santa Cruz de la Sierra,371.0,-17.689653,-63.161259,11.338583982516495,11.338583982516495,5.918893854273146,5.918893854273146,0.0,0.0,0.0,0.0,1,2,0,687663.6869501647,338544.4936065574,241093.2232523852,0.3462013786911771,-1.7747055502094886,-1.8276372100843195,1.7525844210160881,-0.016114366641495355,0.8280415687087431,-0.10079290650209513,0.8986208764902223,-0.8039953572998972,1.0341974275245132
DEP00400,departamento,disponible,alquiler,250.0,dolar,1,1,Entre 2do y 3er anillo Norte,Santa Cruz de la Sierra,33.0,-17.76198,-63.188293,5.5254529391317835,5.5254529391317835,3.5263605246161616,3.5263605246161616,0.6931471805599453,0.6931471805599453,0.6931471805599453,0.6931471805599453,1,0,0,71095.44020000269,338544.4936065574,401212.6233841972,-1.5951242256861113,-0.7460403115800028,-0.7708567176005267,-0.8037047775075877,-0.016114366641495355,-1.222499172317344,1.0415706167213592,0.8986208764902223,-0.9121724439577849,1.023074118669329
DEP00401,departamento,disponible,alquiler,320.0,dolar,2,1,Equipetrol,Santa Cruz de la Sierra,55.0,-17.76041,-63.1964,5.771441123130016,5.771441123130016,4.02535169073515,4.02535169073515,1.0986122886681098,1.0986122886681098,0.6931471805599453,0.6931471805599453,1,0,0,71095.44020000269,338544.4936065574,109656.35558668687,-1.1902377753545061,-0.1443097211863738,-0.7708567176005267,-0.8037047775075877,-0.016114366641495355,-1.222499172317344,-1.0385223952738374,0.8986208764902223,-0.9098242472117151,1.0197384426728462
OFI00092,oficina,disponible,venta,102477.0,dolar,1,2,Centro,Santa Cruz de la Sierra,117.0,-17.790289,-63.176983,11.537403420377053,11.537403420377053,4.770684624465665,4.770684624465665,0.6931471805599453,0.6931471805599453,1.0986122886681098,1.0986122886681098,1,2,0,127588.56880770384,338544.4936065574,288595.4885427981,-0.5854671374281639,-0.7460403115800028,-0.152679758003872,-0.5694845184983812,-0.016114366641495355,0.8280415687087431,0.2381095318881303,0.8986208764902223,-0.9545132730561589,1.0277276891047862
DEP00402,departamento,disponible,alquiler,350.0,dolar,3,2,Entre 6to y 7mo anillo Norte,Santa Cruz de la Sierra,95.0,-17.725752,-63.167744,5.860786223465865,5.860786223465865,4.564348191467836,4.564348191467836,1.3862943611198906,1.3862943611198906,1.0986122886681098,1.0986122886681098,1,0,0,71095.44020000269,338544.4936065574,557886.4069768668,-0.7528905942006524,0.2826249270494829,-0.152679758003872,-0.8037047775075877,-0.016114366641495355,-1.222499172317344,2.159351568150943,0.8986208764902223,-0.8579874301255781,1.0315291336010892
CAS00337,casa,disponible,alquiler,696.0,dolar,3,4,Equipetrol,Santa Cruz de la Sierra,163.0,-17.770561,-63.19096,6.546785410760524,6.546785410760524,5.099866427824199,5.099866427824199,1.3862943611198906,1.3862943611198906,1.6094379124341003,1.6094379124341003,1,0,0,293318.67804873566,338544.4936065574,109656.35558668687,-0.3183657117411784,0.2826249270494829,0.6261311055427021,0.11763177455760256,-0.016114366641495355,-1.222499172317344,-1.0385223952738374,0.8986208764902223,-0.9250067600584286,1.0219767647921107
TER00137,terreno,disponible,venta,1850000.0,dolar,0,0,Entre 1er y 2do anillo Sur,Santa Cruz de la Sierra,2313.0,-17.79295,-63.176945,14.430696737594902,14.430696737594902,7.746732907753622,7.746732907753622,0.0,0.0,0.0,0.0,1,2,0,687663.6869501647,338544.4936065574,294155.68177753733,1.829328368487859,-1.7747055502094886,-1.8276372100843195,1.7525844210160881,-0.016114366641495355,0.8280415687087431,0.277778441016013,0.8986208764902223,-0.9584932421907367,1.0277433244431178
TER00138,terreno,disponible,venta,1260000.0,dolar,0,0,Urubó,Santa Cruz de la Sierra,40000.0,-17.718782,-63.217571,14.04662307257814,14.04662307257814,10.596659732783579,10.596659732783579,0.0,0.0,0.0,0.0,1,2,0,687663.6869501647,338544.4936065574,363867.0815300617,4.1417876548232915,-1.7747055502094886,-1.8276372100843195,1.7525844210160881,-0.016114366641495355,0.8280415687087431,0.7751307928520517,0.8986208764902223,-0.8475626331064102,1.0110275019399497
CAS00338,casa,disponible,alquiler,2500.0,dolar,3,4,Urubó,Santa Cruz de la Sierra,330.0,-17.763462,-63.224033,7.824445930877619,7.824445930877619,5.802118375377063,5.802118375377063,1.3862943611198906,1.3862943611198906,1.6094379124341003,1.6094379124341003,1,0,0,293318.67804873566,338544.4936065574,363867.0815300617,0.25144858075339965,0.2826249270494829,0.6261311055427021,0.11763177455760256,-0.016114366641495355,-1.222499172317344,0.7751307928520517,0.8986208764902223,-0.9143890220327349,1.0083686715107794
LOC00040,local comercial,disponible,venta,78000.0,dolar,1,1,Entre 3er y 4to anillo Este,Santa Cruz de la Sierra,623.0,-17.788168,-63.149071,11.264476926102367,11.264476926102367,6.436150368369428,6.436150368369428,0.6931471805599453,0.6931471805599453,0.6931471805599453,0.6931471805599453,1,2,0,225639.55594352554,338544.4936065574,269310.7983170117,0.765908516058421,-0.7460403115800028,-0.7708567176005267,-0.16296556355542782,-0.016114366641495355,0.8280415687087431,0.10052391357787652,0.8986208764902223,-0.9513409639488871,1.0392122565667192
TER00139,terreno,disponible,venta,550000.0,dolar,0,0,Carretera Norte,Santa Cruz de la Sierra,22200.0,-17.415705,-63.196522,13.217675375388819,13.217675375388819,10.007892611890918,10.007892611890918,0.0,0.0,0.0,0.0,1,2,0,687663.6869501647,338544.4936065574,241093.2232523852,3.6640560919496035,-1.7747055502094886,-1.8276372100843195,1.7525844210160881,-0.016114366641495355,0.8280415687087431,-0.10079290650209513,0.8986208764902223,-0.39426045144517463,1.0196882450076694
DEP00403,departamento,disponible,alquiler,700.0,dolar,2,2,Entre 2do y 3er anillo Oeste,Santa Cruz de la Sierra,85.0,-17.771851,-63.203659,6.55250788703459,6.55250788703459,4.454347296253507,4.454347296253507,1.0986122886681098,1.0986122886681098,1.0986122886681098,1.0986122886681098,1,0,0,71095.44020000269,338544.4936065574,220026.08791509928,-0.8421464268099377,-0.1443097211863738,-0.152679758003872,-0.8037047775075877,-0.016114366641495355,-1.222499172317344,-0.25109528665288033,0.8986208764902223,-0.9269361701236708,1.0167516815949504
DEP00404,departamento,disponible,alquiler,250.0,dolar,1,2,Centro,Santa Cruz de la Sierra,65.0,-17.785103,-63.17952,5.5254529391317835,5.5254529391317835,4.189654742026425,4.189654742026425,0.6931471805599453,0.6931471805599453,1.0986122886681098,1.0986122886681098,1,0,0,71095.44020000269,338544.4936065574,288595.4885427981,-1.0569206272106189,-0.7460403115800028,-0.152679758003872,-0.8037047775075877,-0.016114366641495355,-1.222499172317344,0.2381095318881303,0.8986208764902223,-0.9467567454605444,1.0266838245429173
CAS00339,casa,disponible,alquiler,313.2,dolar,2,2,Carretera Norte,Santa Cruz de la Sierra,80.0,-17.699326,-63.168941,5.750029725821521,5.750029725821521,4.394449154672439,4.394449154672439,1.0986122886681098,1.0986122886681098,1.0986122886681098,1.0986122886681098,1,0,0,293318.67804873566,338544.4936065574,241093.2232523852,-0.8907483812590382,-0.1443097211863738,-0.152679758003872,0.11763177455760256,-0.016114366641495355,-1.222499172317344,-0.10079290650209513,0.8986208764902223,-0.8184629414557679,1.0310366204435975
DEP00405,departamento,disponible,alquiler,320.0,dolar,2,1,Entre 6to y 7mo anillo Norte,Santa Cruz de la Sierra,70.0,-17.722076,-63.177677,5.771441123130016,5.771441123130016,4.2626798770413155,4.2626798770413155,1.0986122886681098,1.0986122886681098,0.6931471805599453,0.6931471805599453,1,0,0,71095.44020000269,338544.4936065574,557886.4069768668,-0.9976672982767061,-0.1443097211863738,-0.7708567176005267,-0.8037047775075877,-0.016114366641495355,-1.222499172317344,2.159351568150943,0.8986208764902223,-0.8524893592730024,1.02744213845207
CAS00340,casa,disponible,venta,360000.0,dolar,4,5,Urubó,Santa Cruz de la Sierra,359.0,-17.758877,-63.235775,12.793862088206213,12.793862088206213,5.886104031450156,5.886104031450156,1.6094379124341003,1.6094379124341003,1.791759469228055,1.791759469228055,1,2,0,293318.67804873566,338544.4936065574,363867.0815300617,0.3195953866992527,0.6137811675983271,0.9041007344799207,0.11763177455760256,-0.016114366641495355,0.8280415687087431,0.7751307928520517,0.8986208764902223,-0.9075313901341817,1.0035373519658528
DEP00406,departamento,disponible,venta,105000.0,dolar,1,1,Equipetrol,Santa Cruz de la Sierra,36.0,-17.771547,-63.191025,11.561725152903833,11.561725152903833,3.6109179126442243,3.6109179126442243,0.6931471805599453,0.6931471805599453,0.6931471805599453,0.6931471805599453,1,2,0,71095.44020000269,338544.4936065574,109656.35558668687,-1.5265135106823298,-0.7460403115800028,-0.7708567176005267,-0.8037047775075877,-0.016114366641495355,0.8280415687087431,-1.0385223952738374,0.8986208764902223,-0.9264814874416297,1.0219500201344331
DEP00407,departamento,disponible,alquiler,243.6,dolar,1,1,Entre 1er y 2do anillo Sur,Santa Cruz de la Sierra,62.0,-17.79277,-63.176186,5.499624223253072,5.5254529391317835,4.143134726391533,4.143134726391533,0.6931471805599453,0.6931471805599453,0.6931471805599453,0.6931471805599453,1,0,0,71095.44020000269,338544.4936065574,294155.68177753733,-1.0946674357288504,-0.7460403115800028,-0.7708567176005267,-0.8037047775075877,-0.016114366641495355,-1.222499172317344,0.277778441016013,0.8986208764902223,-0.9582240221816329,1.028055619753509
CAS00341,casa,disponible,venta,470000.0,dolar,4,5,Urubó,Santa Cruz de la Sierra,390.0,-17.761419,-63.231419,13.060490101343552,13.060490101343552,5.968707559985366,5.968707559985366,1.6094379124341003,1.6094379124341003,1.791759469228055,1.791759469228055,1,2,0,293318.67804873566,338544.4936065574,363867.0815300617,0.3866207204613967,0.6137811675983271,0.9041007344799207,0.11763177455760256,-0.016114366641495355,0.8280415687087431,0.7751307928520517,0.8986208764902223,-0.9113333749294109,1.0053296554863498
GAL00013,galpon,disponible,venta,850000.0,dolar,4,5,Carretera Norte,Santa Cruz de la Sierra,20404.0,-17.564753,-63.161636,13.652992804936396,13.652992804936396,9.923535247839906,9.923535247839906,1.6094379124341003,1.6094379124341003,1.791759469228055,1.791759469228055,1,2,0,367581.7512828929,338544.4936065574,241093.2232523852,3.595607678412357,0.6137811675983271,0.9041007344799207,0.42552614465897515,-0.016114366641495355,0.8280415687087431,-0.10079290650209513,0.8986208764902223,-0.6171865843165033,1.0340423085099977
TER00140,terreno,disponible,venta,145000.0,dolar,0,0,Carretera Cotoca,Santa Cruz de la Sierra,9183.0,-17.915234,-63.056614,11.884495917930655,11.884495917930655,9.125218118559348,9.125218118559348,0.0,0.0,0.0,0.0,1,2,0,687663.6869501647,338544.4936065574,1051546.0699277688,2.947845131377113,-1.7747055502094886,-1.8276372100843195,1.7525844210160881,-0.016114366641495355,0.8280415687087431,5.681340729849371,0.8986208764902223,-1.1413893510418287,1.0772542690999616
CAS00342,casa,disponible,alquiler,690.0,dolar,3,4,Entre 5to y 6to anillo Norte,Santa Cruz de la Sierra,210.0,-17.735073,-63.165131,6.53813982376767,6.53813982376767,5.351858133476067,5.351858133476067,1.3862943611198906,1.3862943611198906,1.6094379124341003,1.6094379124341003,1,0,0,293318.67804873566,338544.4936065574,371269.9043009016,-0.11389710760147681,0.2826249270494829,0.6261311055427021,0.11763177455760256,-0.016114366641495355,-1.222499172317344,0.8279458464641297,0.8986208764902223,-0.8719285395969808,1.0326042688396242
DEP00408,departamento,disponible,alquiler,320.0,dolar,1,1,Entre 2do y 3er anillo Oeste,Santa Cruz de la Sierra,45.0,-17.79505,-63.197918,5.771441123130016,5.771441123130016,3.828641396489095,3.828641396489095,0.6931471805599453,0.6931471805599453,0.6931471805599453,0.6931471805599453,1,0,0,71095.44020000269,338544.4936065574,220026.08791509928,-1.3498504863378076,-0.7460403115800028,-0.7708567176005267,-0.8037047775075877,-0.016114366641495355,-1.222499172317344,-0.25109528665288033,0.8986208764902223,-0.9616341422969407,1.0191138520520642
DEP00409,departamento,disponible,venta,75000.0,dolar,1,1,Sirari,Santa Cruz de la Sierra,40.0,-17.763611,-63.203026,11.225256725762893,11.225256725762893,3.713572066704308,3.713572066704308,0.6931471805599453,0.6931471805599453,0.6931471805599453,0.6931471805599453,1,2,0,71095.44020000269,338544.4936065574,216778.5354302577,-1.4432188977286609,-0.7460403115800028,-0.7708567176005267,-0.8037047775075877,-0.016114366641495355,0.8280415687087431,-0.27426478076404176,0.8986208764902223,-0.9146118763736044,1.0170121334150783
DEP00410,departamento,disponible,alquiler,350.0,dolar,2,2,Entre 7mo y 8vo anillo Norte,Santa Cruz de la Sierra,88.0,-17.720409,-63.17849,5.860786223465865,5.860786223465865,4.48863636973214,4.48863636973214,1.0986122886681098,1.0986122886681098,1.0986122886681098,1.0986122886681098,1,0,0,71095.44020000269,338544.4936065574,299803.402354987,-0.814323927758697,-0.1443097211863738,-0.152679758003872,-0.8037047775075877,-0.016114366641495355,-1.222499172317344,0.3180718094131331,0.8986208764902223,-0.84999608285536,1.0271076245029986
DEP00411,departamento,disponible,venta,103000.0,dolar,3,4,Entre 6to y 7mo anillo Norte,Santa Cruz de la Sierra,78.0,-17.731478,-63.168556,11.542493975902508,11.542493975902508,4.3694478524670215,4.3694478524670215,1.3862943611198906,1.3862943611198906,1.6094379124341003,1.6094379124341003,1,2,0,71095.44020000269,338544.4936065574,557886.4069768668,-0.9110346892960134,0.2826249270494829,0.6261311055427021,-0.8037047775075877,-0.016114366641495355,0.8280415687087431,2.159351568150943,0.8986208764902223,-0.8665516177484986,1.0311950311082858
DEP00412,departamento,alquilado,alquiler,280.0,dolar,1,1,Equipetrol,Santa Cruz de la Sierra,45.0,-17.765682,-63.193428,5.638354669333745,5.638354669333745,3.828641396489095,3.828641396489095,0.6931471805599453,0.6931471805599453,0.6931471805599453,0.6931471805599453,0,0,0,71095.44020000269,338544.4936065574,109656.35558668687,-1.3498504863378076,-0.7460403115800028,-0.7708567176005267,-0.8037047775075877,-6.913063289201752,-1.222499172317344,-1.0385223952738374,0.8986208764902223,-0.9177094021450116,1.020961290713003
DEP00413,departamento,disponible,alquiler,250.0,dolar,1,1,Entre 1er y 2do anillo Oeste,Santa Cruz de la Sierra,60.0,-17.779325,-63.19207,5.5254529391317835,5.5254529391317835,4.110873864173311,4.110873864173311,0.6931471805599453,0.6931471805599453,0.6931471805599453,0.6931471805599453,1,0,0,71095.44020000269,338544.4936065574,314160.57736389193,-1.1208442237665324,-0.7460403115800028,-0.7708567176005267,-0.8037047775075877,-0.016114366641495355,-1.222499172317344,0.42050232697194745,0.8986208764902223,-0.9381147831683272,1.0215200483302738
DEP00414,departamento,disponible,alquiler,635.0,dolar,3,2,Entre 4to y 5to anillo Norte,Santa Cruz de la Sierra,123.0,-17.750126,-63.170677,6.455198563340122,6.455198563340122,4.820281565605037,4.820281565605037,1.3862943611198906,1.3862943611198906,1.0986122886681098,1.0986122886681098,1,0,0,71095.44020000269,338544.4936065574,326892.80690165295,-0.5452236806122623,0.2826249270494829,-0.152679758003872,-0.8037047775075877,-0.016114366641495355,-1.222499172317344,0.5113397556737347,0.8986208764902223,-0.8944428106916114,1.0303223323555377
DEP00415,departamento,disponible,alquiler,320.0,dolar,1,1,Equipetrol,Santa Cruz de la Sierra,45.0,-17.763786,-63.191593,5.771441123130016,5.771441123130016,3.828641396489095,3.828641396489095,0.6931471805599453,0.6931471805599453,0.6931471805599453,0.6931471805599453,1,0,0,71095.44020000269,338544.4936065574,109656.35558668687,-1.3498504863378076,-0.7460403115800028,-0.7708567176005267,-0.8037047775075877,-0.016114366641495355,-1.222499172317344,-1.0385223952738374,0.8986208764902223,-0.9148736180491196,1.0217163129719828
DEP00416,departamento,disponible,venta,63000.0,dolar,1,1,Equipetrol,Santa Cruz de la Sierra,36.0,-17.766256,-63.196346,11.050905878263567,11.050905878263567,3.6109179126442243,3.6109179126442243,0.6931471805599453,0.6931471805599453,0.6931471805599453,0.6931471805599453,1,2,0,71095.44020000269,338544.4936065574,109656.35558668687,-1.5265135106823298,-0.7460403115800028,-0.7708567176005267,-0.8037047775075877,-0.016114366641495355,0.8280415687087431,-1.0385223952738374,0.8986208764902223,-0.918567914840703,1.0197606613115293
TER00141,terreno,disponible,venta,600000.0,dolar,0,0,Urubó,Santa Cruz de la Sierra,1500.0,-17.743031,-63.215237,13.304686600863562,13.304686600863562,7.313886831633462,7.313886831633462,0.0,0.0,0.0,0.0,1,2,0,687663.6869501647,338544.4936065574,363867.0815300617,1.4781127093744368,-1.7747055502094886,-1.8276372100843195,1.7525844210160881,-0.016114366641495355,0.8280415687087431,0.7751307928520517,0.8986208764902223,-0.8838310553327821,1.0119878408786185
OFI00093,oficina,disponible,venta,124000.0,dolar,1,1,Entre 6to y 7mo anillo Norte,Santa Cruz de la Sierra,34.0,-17.763653,-63.192844,11.728044909070785,11.728044909070785,3.5553480614894135,3.5553480614894135,0.6931471805599453,0.6931471805599453,0.6931471805599453,0.6931471805599453,1,2,0,127588.56880770384,338544.4936065574,557886.4069768668,-1.5716034467517828,-0.7460403115800028,-0.7708567176005267,-0.5694845184983812,-0.016114366641495355,0.8280415687087431,2.159351568150943,0.8986208764902223,-0.9146746943757293,1.021201581175805
DEP00417,departamento,disponible,alquiler,350.0,dolar,2,1,Centro,Santa Cruz de la Sierra,70.0,-17.787331,-63.179886,5.860786223465865,5.860786223465865,4.2626798770413155,4.2626798770413155,1.0986122886681098,1.0986122886681098,0.6931471805599453,0.6931471805599453,1,0,0,71095.44020000269,338544.4936065574,288595.4885427981,-0.9976672982767061,-0.1443097211863738,-0.7708567176005267,-0.8037047775075877,-0.016114366641495355,-1.222499172317344,0.2381095318881303,0.8986208764902223,-0.9500890909065555,1.0265332315473905
DEP00418,departamento,disponible,venta,135000.0,dolar,1,2,Equipetrol,Santa Cruz de la Sierra,50.0,-17.767809,-63.193771,11.813037464800539,11.813037464800539,3.9318256327243257,3.9318256327243257,0.6931471805599453,0.6931471805599453,1.0986122886681098,1.0986122886681098,1,2,0,71095.44020000269,338544.4936065574,109656.35558668687,-1.2661257593764128,-0.7460403115800028,-0.152679758003872,-0.8037047775075877,-0.016114366641495355,0.8280415687087431,-1.0385223952738374,0.8986208764902223,-0.9208906852525801,1.020820161211733
CAS00343,casa,disponible,venta,480000.0,dolar,5,7,Urubó,Santa Cruz de la Sierra,478.0,-17.761909,-63.236912,13.081543466215237,13.081543466215237,6.171700597410915,6.171700597410915,1.791759469228055,1.791759469228055,2.0794415416798357,2.0794415416798357,1,2,0,293318.67804873566,338544.4936065574,363867.0815300617,0.5513313124434251,0.8843555174431118,1.3427042673670588,0.11763177455760256,-0.016114366641495355,0.8280415687087431,0.7751307928520517,0.8986208764902223,-0.9120662516208579,1.0030695261846756
CAS00344,casa,disponible,venta,185000.0,dolar,4,4,Entre 5to y 6to anillo Sur,Santa Cruz de la Sierra,210.0,-17.838036,-63.180958,12.128116509451258,12.128116509451258,5.351858133476067,5.351858133476067,1.6094379124341003,1.6094379124341003,1.6094379124341003,1.6094379124341003,1,2,0,293318.67804873566,338544.4936065574,284343.1042721047,-0.11389710760147681,0.6137811675983271,0.6261311055427021,0.11763177455760256,-0.016114366641495355,0.8280415687087431,0.20777111771988863,0.8986208764902223,-1.0259268718042585,1.0260921504238911
CAS00345,casa,disponible,venta,171428.0,dolar,5,3,Entre 1er y 2do anillo Este,Santa Cruz de la Sierra,227.0,-17.787447,-63.165977,12.051924465699791,12.051924465699791,5.429345628954441,5.429345628954441,1.791759469228055,1.791759469228055,1.3862943611198906,1.3862943611198906,1,2,0,293318.67804873566,338544.4936065574,284036.80966702325,-0.05102297451142518,0.8843555174431118,0.2859237748832662,0.11763177455760256,-0.016114366641495355,0.8280415687087431,0.20558587480792967,0.8986208764902223,-0.9502625882457584,1.0322561768335785
CAS00346,casa,disponible,venta,193000.0,dolar,3,3,Entre 2do y 3er anillo Norte,Santa Cruz de la Sierra,152.0,-17.765659,-63.16898,12.170450649220749,12.170450649220749,5.030437921392435,5.030437921392435,1.3862943611198906,1.3862943611198906,1.3862943611198906,1.3862943611198906,1,2,0,293318.67804873566,338544.4936065574,401212.6233841972,-0.3747007000729729,0.2826249270494829,0.2859237748832662,0.11763177455760256,-0.016114366641495355,0.8280415687087431,1.0415706167213592,0.8986208764902223,-0.9176750018105115,1.0310205736489921
DEP00419,departamento,disponible,alquiler,450.0,dolar,3,2,Entre 1er y 2do anillo Norte,Santa Cruz de la Sierra,110.0,-17.773226,-63.184193,6.111467339502679,6.111467339502679,4.709530201312334,4.709530201312334,1.3862943611198906,1.3862943611198906,1.0986122886681098,1.0986122886681098,1,0,0,71095.44020000269,338544.4936065574,204581.96379801774,-0.6350884513788899,0.2826249270494829,-0.152679758003872,-0.8037047775075877,-0.016114366641495355,-1.222499172317344,-0.36128058602925733,0.8986208764902223,-0.9289927118598763,1.0247610893842165
CAS00347,casa,disponible,alquiler,400.0,dolar,4,1,Centro,Santa Cruz de la Sierra,101.0,-17.781065,-63.182842,5.993961427306569,5.993961427306569,4.624972813284271,4.624972813284271,1.6094379124341003,1.6094379124341003,0.6931471805599453,0.6931471805599453,1,0,0,293318.67804873566,338544.4936065574,288595.4885427981,-0.7036991663826718,0.6137811675983271,-0.7708567176005267,0.11763177455760256,-0.016114366641495355,-1.222499172317344,0.2381095318881303,0.8986208764902223,-0.9407172432563289,1.0253169668075852
CAS00348,casa,disponible,venta,390000.0,dolar,7,6,Carretera Norte,Santa Cruz de la Sierra,300.0,-17.655453,-63.168297,12.873904582205107,12.873904582205107,5.707110264748875,5.707110264748875,2.0794415416798357,2.0794415416798357,1.9459101490553132,1.9459101490553132,1,2,0,293318.67804873566,338544.4936065574,241093.2232523852,0.1743580443333893,1.3112901656789684,1.1391207070245153,0.11763177455760256,-0.016114366641495355,0.8280415687087431,-0.10079290650209513,0.8986208764902223,-0.7528435555702593,1.0313015982827138
CAS00349,casa,disponible,venta,620000.0,dolar,4,6,Entre 4to y 5to anillo Norte,Santa Cruz de la Sierra,600.0,-17.748175,-63.174988,13.3374763699232,13.3374763699232,6.398594934535208,6.398594934535208,1.6094379124341003,1.6094379124341003,1.9459101490553132,1.9459101490553132,1,2,0,293318.67804873566,338544.4936065574,326892.80690165295,0.7354356593662545,0.6137811675983271,1.1391207070245153,0.11763177455760256,-0.016114366641495355,0.8280415687087431,0.5113397556737347,0.8986208764902223,-0.8915247649262715,1.0285485443672742
TER00142,terreno,disponible,venta,20000.0,dolar,0,0,Doble vía La Guardia,Santa Cruz de la Sierra,300.0,-17.905893,-63.232708,9.90353755128617,9.90353755128617,5.707110264748875,5.707110264748875,0.0,0.0,0.0,0.0,1,2,0,687663.6869501647,338544.4936065574,262142.00621492576,0.1743580443333893,-1.7747055502094886,-1.8276372100843195,1.7525844210160881,-0.016114366641495355,0.8280415687087431,0.0493785395866314,0.8986208764902223,-1.127418328236077,1.0047992883518404
DEP00420,departamento,disponible,venta,44582.0,dolar,1,1,Entre 4to y 5to anillo Norte,Santa Cruz de la Sierra,34.0,-17.746704,-63.169926,10.705107899426679,10.705107899426679,3.5553480614894135,3.5553480614894135,0.6931471805599453,0.6931471805599453,0.6931471805599453,0.6931471805599453,1,2,0,71095.44020000269,338544.4936065574,326892.80690165295,-1.5716034467517828,-0.7460403115800028,-0.7708567176005267,-0.8037047775075877,-0.016114366641495355,0.8280415687087431,0.5113397556737347,0.8986208764902223,-0.8893246391852121,1.0306313360157526
DEP00421,departamento,disponible,venta,45500.0,dolar,1,1,Carretera Norte,Santa Cruz de la Sierra,35.0,-17.710701,-63.155682,10.725489582719506,10.725489582719506,3.58351893845611,3.58351893845611,0.6931471805599453,0.6931471805599453,0.6931471805599453,0.6931471805599453,1,2,0,71095.44020000269,338544.4936065574,241093.2232523852,-1.548745313878436,-0.7460403115800028,-0.7708567176005267,-0.8037047775075877,-0.016114366641495355,0.8280415687087431,-0.10079290650209513,0.8986208764902223,-0.8354761503643852,1.0364921191530323
TER00143,terreno,disponible,venta,385000.0,dolar,0,0,Urubó,Santa Cruz de la Sierra,1095.0,-17.748423,-63.226181,12.861001210669146,12.861001210669146,6.999422467507961,6.999422467507961,0.0,0.0,0.0,0.0,1,2,0,687663.6869501647,338544.4936065574,363867.0815300617,1.2229531618881828,-1.7747055502094886,-1.8276372100843195,1.7525844210160881,-0.016114366641495355,0.8280415687087431,0.7751307928520517,0.8986208764902223,-0.891895690272146,1.0074848634386881
CAS00350,casa,disponible,venta,320000.0,dolar,4,4,Entre 6to y 7mo anillo Oeste,Santa Cruz de la Sierra,310.0,-17.816471,-63.235802,12.676079399771027,12.676079399771027,5.739792912179234,5.739792912179234,1.6094379124341003,1.6094379124341003,1.6094379124341003,1.6094379124341003,1,2,0,293318.67804873566,338544.4936065574,234401.0588416865,0.20087707313391476,0.6137811675983271,0.6261311055427021,0.11763177455760256,-0.016114366641495355,0.8280415687087431,-0.14853780504595088,0.8986208764902223,-0.993672819046959,1.0035262426465097
DEP00422,departamento,vendido,venta,125000.0,dolar,1,1,Equipetrol,Santa Cruz de la Sierra,48.0,-17.756529,-63.197636,11.736077016252437,11.736077016252437,3.8918202981106265,3.8918202981106265,0.6931471805599453,0.6931471805599453,0.6931471805599453,0.6931471805599453,2,2,0,71095.44020000269,338544.4936065574,109656.35558668687,-1.2985864901986621,-0.7460403115800028,-0.7708567176005267,-0.8037047775075877,6.880834555918761,0.8280415687087431,-1.0385223952738374,0.8986208764902223,-0.9040195646821033,1.019229882720746
CAS00351,casa,disponible,venta,60200.0,dolar,3,1,Entre 7mo y 8vo anillo Sur,Santa Cruz de la Sierra,85.0,-17.855305,-63.204273,11.005444242454628,11.005444242454628,4.454347296253507,4.454347296253507,1.3862943611198906,1.3862943611198906,0.6931471805599453,0.6931471805599453,1,2,0,293318.67804873566,338544.4936065574,235225.9606599173,-0.8421464268099377,0.2826249270494829,-0.7708567176005267,0.11763177455760256,-0.016114366641495355,0.8280415687087431,-0.1426525859743591,0.8986208764902223,-1.0517555403442957,1.01649904744399
CAS00352,casa,disponible,venta,145000.0,dolar,3,3,Entre 3er y 4to anillo Norte,Santa Cruz de la Sierra,180.0,-17.752787,-63.172276,11.884495917930655,11.884495917930655,5.198497031265826,5.198497031265826,1.3862943611198906,1.3862943611198906,1.3862943611198906,1.3862943611198906,1,2,0,293318.67804873566,338544.4936065574,544356.7072126968,-0.2383358482224682,0.2826249270494829,0.2859237748832662,0.11763177455760256,-0.016114366641495355,0.8280415687087431,2.062824629641123,0.8986208764902223,-0.8984227798261891,1.0296644137767321
DEP00423,departamento,disponible,venta,43000.0,dolar,1,1,Entre 8vo y 9no anillo Norte,Santa Cruz de la Sierra,28.0,-17.713358,-63.18821,10.668978650219241,10.668978650219241,3.367295829986474,3.4011973816621555,0.6931471805599453,0.6931471805599453,0.6931471805599453,0.6931471805599453,1,2,0,71095.44020000269,338544.4936065574,261562.36069303774,-1.6966828585916696,-0.7460403115800028,-0.7708567176005267,-0.8037047775075877,-0.016114366641495355,0.8280415687087431,0.04524308879141491,0.8986208764902223,-0.8394501368320932,1.0231082695399003
TER00144,terreno,disponible,venta,39000.0,dolar,0,0,Urubó,Santa Cruz de la Sierra,931.0,-17.788717,-63.291157,10.571342565808699,10.571342565808699,6.837332814685591,6.837332814685591,0.0,0.0,0.0,0.0,1,2,0,687663.6869501647,338544.4936065574,363867.0815300617,1.0914319875211755,-1.7747055502094886,-1.8276372100843195,1.7525844210160881,-0.016114366641495355,0.8280415687087431,0.7751307928520517,0.8986208764902223,-0.9521620849766516,0.980750080714177
TER00145,terreno,disponible,venta,570000.0,dolar,0,0,Equipetrol,Santa Cruz de la Sierra,580.0,-17.766174,-63.194717,13.25339339419516,13.25339339419516,6.364750756851911,6.364750756851911,0.0,0.0,0.0,0.0,1,2,0,687663.6869501647,338544.4936065574,109656.35558668687,0.7079741532374777,-1.7747055502094886,-1.8276372100843195,1.7525844210160881,-0.016114366641495355,0.8280415687087431,-1.0385223952738374,0.8986208764902223,-0.9184452701698907,1.0204309235784934
CAS00353,casa,disponible,venta,720000.0,dolar,4,5,Urubó,Santa Cruz de la Sierra,580.0,-17.749893,-63.226311,13.487007879880162,13.487007879880162,6.364750756851911,6.364750756851911,1.6094379124341003,1.6094379124341003,1.791759469228055,1.791759469228055,1,2,0,293318.67804873566,338544.4936065574,363867.0815300617,0.7079741532374777,0.6137811675983271,0.9041007344799207,0.11763177455760256,-0.016114366641495355,0.8280415687087431,0.7751307928520517,0.8986208764902223,-0.8940943203464919,1.0074313741233358
TER00146,terreno,disponible,venta,36000.0,dolar,0,0,Carretera Norte,Santa Cruz de la Sierra,200.0,-17.696358,-63.165852,10.491301994830229,10.491301994830229,5.303304908059076,5.303304908059076,0.0,0.0,0.0,0.0,1,2,0,687663.6869501647,338544.4936065574,241093.2232523852,-0.15329368298403176,-1.7747055502094886,-1.8276372100843195,1.7525844210160881,-0.016114366641495355,0.8280415687087431,-0.10079290650209513,0.8986208764902223,-0.814023802638998,1.0323076088675678
TER00147,terreno,disponible,venta,360000.0,dolar,0,0,Entre 2do y 3er anillo Sur,Santa Cruz de la Sierra,273.0,-17.799252,-63.19276,12.793862088206213,12.793862088206213,5.6131281063880705,5.6131281063880705,0.0,0.0,0.0,0.0,1,2,0,687663.6869501647,338544.4936065574,265911.77041615,0.0980999759007003,-1.7747055502094886,-1.8276372100843195,1.7525844210160881,-0.016114366641495355,0.8280415687087431,0.07627372599806595,0.8986208764902223,-0.9679189338427862,1.021236143502647
DEP00424,departamento,disponible,venta,59000.0,dolar,1,1,Equipetrol,Santa Cruz de la Sierra,38.0,-17.765448,-63.193535,10.985309671896763,10.985309671896763,3.6635616461296463,3.6635616461296463,0.6931471805599453,0.6931471805599453,0.6931471805599453,0.6931471805599453,1,2,0,71095.44020000269,338544.4936065574,109656.35558668687,-1.483797855916544,-0.7460403115800028,-0.7708567176005267,-0.8037047775075877,-0.016114366641495355,0.8280415687087431,-1.0385223952738374,0.8986208764902223,-0.9173594161331735,1.0209172648919074
DEP00425,departamento,disponible,venta,198260.0,dolar,2,3,Equipetrol,Santa Cruz de la Sierra,127.0,-17.758112,-63.198986,12.197339623455939,12.197339623455939,4.852030263919617,4.852030263919617,1.0986122886681098,1.0986122886681098,1.3862943611198906,1.3862943611198906,1,2,0,71095.44020000269,338544.4936065574,109656.35558668687,-0.5194624675166101,-0.1443097211863738,0.2859237748832662,-0.8037047775075877,-0.016114366641495355,0.8280415687087431,-1.0385223952738374,0.8986208764902223,-0.9063872050954959,1.0186744167536512
CAS00354,casa,alquilado,alquiler,1630.0,dolar,3,4,Entre 4to y 5to anillo Norte,Santa Cruz de la Sierra,260.0,-17.742085,-63.168381,7.396948602621014,7.396948602621014,5.564520407322694,5.564520407322694,1.3862943611198906,1.3862943611198906,1.6094379124341003,1.6094379124341003,0,0,0,293318.67804873566,338544.4936065574,326892.80690165295,0.05865920005202667,0.2826249270494829,0.6261311055427021,0.11763177455760256,-6.913063289201752,-1.222499172317344,0.5113397556737347,0.8986208764902223,-0.8824161546182736,1.0312670359558749
EDI00017,edificio,disponible,venta,2450000.0,dolar,10,6,Equipetrol,Santa Cruz de la Sierra,2187.0,-17.760963,-63.197247,14.711598990684092,14.711598990684092,7.690743163541872,7.690743163541872,2.3978952727983707,2.3978952727983707,1.9459101490553132,1.9459101490553132,1,2,0,1171175.6402570198,338544.4936065574,109656.35558668687,1.7838977269693188,1.783891501298435,1.1391207070245153,3.757222820917717,-0.016114366641495355,0.8280415687087431,-1.0385223952738374,0.8986208764902223,-0.9106513509063494,1.0193899392105266
EDI00018,edificio,disponible,venta,840000.0,dolar,13,10,Centro,Santa Cruz de la Sierra,1120.0,-17.788862,-63.179737,13.641158361294979,13.641158361294979,7.02197642307216,7.02197642307216,2.6390573296152584,2.6390573296152584,2.3978952727983707,2.3978952727983707,1,2,0,1171175.6402570198,338544.4936065574,288595.4885427981,1.241253668248545,2.141788109236044,1.8282226395732084,3.757222820917717,-0.016114366641495355,0.8280415687087431,0.2381095318881303,0.8986208764902223,-0.9523789566506566,1.0265945385319073
CAS00355,casa,disponible,alquiler,1714.0,dolar,4,4,Entre 2do y 3er anillo Norte,Santa Cruz de la Sierra,450.0,-17.76951,-63.167973,7.44716835960004,7.44716835960004,6.111467339502679,6.111467339502679,1.6094379124341003,1.6094379124341003,1.6094379124341003,1.6094379124341003,1,0,0,293318.67804873566,338544.4936065574,401212.6233841972,0.5024574412363376,0.6137811675983271,0.6261311055427021,0.11763177455760256,-0.016114366641495355,-1.222499172317344,1.0415706167213592,0.8986208764902223,-0.9234348143386079,1.0314349101148168
TER00148,terreno,disponible,venta,85000.0,dolar,0,0,Urubó,Santa Cruz de la Sierra,413.0,-17.75349,-63.245537,11.350418300109132,11.350418300109132,6.025865973825314,6.025865973825314,0.0,0.0,0.0,0.0,1,2,0,687663.6869501647,338544.4936065574,363867.0815300617,0.432999632269072,-1.7747055502094886,-1.8276372100843195,1.7525844210160881,-0.016114366641495355,0.8280415687087431,0.7751307928520517,0.8986208764902223,-0.8994742335284064,0.9995207158393334
EDI00019,edificio,disponible,venta,3100000.0,dolar,35,37,Entre 6to y 7mo anillo Norte,Santa Cruz de la Sierra,4500.0,-17.729679,-63.162632,14.946912992035967,14.946912992035967,8.412054873292933,8.412054873292933,3.58351893845611,3.58351893845611,3.6375861597263857,3.044522437723423,1,2,0,1171175.6402570198,338544.4936065574,557886.4069768668,2.369177302187463,3.543416585095712,2.814078159104963,3.757222820917717,-0.016114366641495355,0.8280415687087431,2.159351568150943,0.8986208764902223,-0.8638609133241847,1.0336324980631615
DEP00426,departamento,disponible,alquiler,750.0,dolar,2,2,Equipetrol,Santa Cruz de la Sierra,76.0,-17.768381,-63.194073,6.621405651764134,6.621405651764134,4.343805421853684,4.343805421853684,1.0986122886681098,1.0986122886681098,1.0986122886681098,1.0986122886681098,1,0,0,71095.44020000269,338544.4936065574,109656.35558668687,-0.9318412153707314,-0.1443097211863738,-0.152679758003872,-0.8037047775075877,-0.016114366641495355,-1.222499172317344,-1.0385223952738374,0.8986208764902223,-0.9217462066148445,1.02069590141761
CAS00356,casa,disponible,alquiler,850.0,dolar,5,3,Sirari,Santa Cruz de la Sierra,270.0,-17.762424,-63.200714,6.7464121285733745,6.7464121285733745,5.602118820879701,5.602118820879701,1.791759469228055,1.791759469228055,1.3862943611198906,1.3862943611198906,1,0,0,293318.67804873566,338544.4936065574,216778.5354302577,0.0891669309234913,0.8843555174431118,0.2859237748832662,0.11763177455760256,-0.016114366641495355,-1.222499172317344,-0.27426478076404176,0.8986208764902223,-0.912836519980237,1.0179634203157673
OFI00094,oficina,disponible,alquiler,2400.0,dolar,5,1,Equipetrol,Santa Cruz de la Sierra,188.0,-17.755098,-63.198353,7.783640596221253,7.783640596221253,5.241747015059643,5.241747015059643,1.791759469228055,1.791759469228055,0.6931471805599453,0.6931471805599453,1,0,0,127588.56880770384,338544.4936065574,109656.35558668687,-0.20324237642541015,0.8843555174431118,-0.7708567176005267,-0.5694845184983812,-0.016114366641495355,-1.222499172317344,-1.0385223952738374,0.8986208764902223,-0.9018792656097313,1.0189348685737791
CAS00357,casa,disponible,venta,80000.0,dolar,3,2,Carretera Norte,Santa Cruz de la Sierra,100.0,-17.611053,-63.162788,11.289794413577894,11.289794413577894,4.61512051684126,4.61512051684126,1.3862943611198906,1.3862943611198906,1.0986122886681098,1.0986122886681098,1,2,0,293318.67804873566,338544.4936065574,241093.2232523852,-0.7116934187969003,0.2826249270494829,-0.152679758003872,0.11763177455760256,-0.016114366641495355,0.8280415687087431,-0.10079290650209513,0.8986208764902223,-0.6864359533247568,1.0335683108847427
TER00149,terreno,disponible,venta,15000.0,dolar,0,0,Urubó,Santa Cruz de la Sierra,300.0,-17.791904,-63.295101,9.61587214452889,9.61587214452889,5.707110264748875,5.707110264748875,0.0,0.0,0.0,0.0,1,2,0,687663.6869501647,338544.4936065574,363867.0815300617,0.1743580443333893,-1.7747055502094886,-1.8276372100843195,1.7525844210160881,-0.016114366641495355,0.8280415687087431,0.7751307928520517,0.8986208764902223,-0.9569287748044992,0.9791272971777085
CAS00358,casa,disponible,venta,270000.0,dolar,4,4,Urubó,Santa Cruz de la Sierra,220.0,-17.762178,-63.236423,12.506180941677357,12.506180941677357,5.3981627015177525,5.3981627015177525,1.6094379124341003,1.6094379124341003,1.6094379124341003,1.6094379124341003,1,2,0,293318.67804873566,338544.4936065574,363867.0815300617,-0.07632511542703853,0.6137811675983271,0.6261311055427021,0.11763177455760256,-0.016114366641495355,0.8280415687087431,0.7751307928520517,0.8986208764902223,-0.9124685859677948,1.0032707283016442
DEP00427,departamento,disponible,venta,149000.0,dolar,3,5,Centro,Santa Cruz de la Sierra,175.0,-17.777216,-63.183384,11.91170829631447,11.91170829631447,5.170483995038151,5.170483995038151,1.3862943611198906,1.3862943611198906,1.791759469228055,1.791759469228055,1,2,0,71095.44020000269,338544.4936065574,288595.4885427981,-0.2610659075328353,0.2826249270494829,0.9041007344799207,-0.8037047775075877,-0.016114366641495355,0.8280415687087431,0.2381095318881303,0.8986208764902223,-0.9349604220616649,1.0250939575082043
DEP00428,departamento,disponible,venta,63000.0,dolar,1,1,Equipetrol,Santa Cruz de la Sierra,444.0,-17.765602,-63.199696,11.050905878263567,11.050905878263567,6.09807428216624,6.09807428216624,0.6931471805599453,0.6931471805599453,0.6931471805599453,0.6931471805599453,1,2,0,71095.44020000269,338544.4936065574,109656.35558668687,0.4915901798252505,-0.7460403115800028,-0.7708567176005267,-0.8037047775075877,-0.016114366641495355,0.8280415687087431,-1.0385223952738374,0.8986208764902223,-0.9175897488076316,1.0183822828005833
CAS00359,casa,disponible,alquiler,1200.0,dolar,6,3,Entre 2do y 3er anillo Norte,Santa Cruz de la Sierra,400.0,-17.759672,-63.182056,7.0909098220799835,7.0909098220799835,5.993961427306569,5.993961427306569,1.9459101490553132,1.9459101490553132,1.3862943611198906,1.3862943611198906,1,0,0,293318.67804873566,338544.4936065574,401212.6233841972,0.40711196237326097,1.1131228706065581,0.2859237748832662,0.11763177455760256,-0.016114366641495355,-1.222499172317344,1.0415706167213592,0.8986208764902223,-0.9087204451743884,1.0256403714373163
DEP00429,departamento,disponible,alquiler,490.0,dolar,2,2,Equipetrol,Santa Cruz de la Sierra,105.0,-17.767599,-63.1964,6.19644412779452,6.19644412779452,4.663439094112067,4.663439094112067,1.0986122886681098,1.0986122886681098,1.0986122886681098,1.0986122886681098,1,0,0,71095.44020000269,338544.4936065574,109656.35558668687,-0.6724872392799157,-0.1443097211863738,-0.152679758003872,-0.8037047775075877,-0.016114366641495355,-1.222499172317344,-1.0385223952738374,0.8986208764902223,-0.9205765952419608,1.0197384426728462
TER00150,terreno,disponible,venta,600000.0,dolar,0,0,Doble vía La Guardia,Santa Cruz de la Sierra,15000.0,-17.862194,-63.257942,13.304686600863562,13.304686600863562,9.61587214452889,9.61587214452889,0.0,0.0,0.0,0.0,1,2,0,687663.6869501647,338544.4936065574,262142.00621492576,3.3459667423483728,-1.7747055502094886,-1.8276372100843195,1.7525844210160881,-0.016114366641495355,0.8280415687087431,0.0493785395866314,0.8986208764902223,-1.0620591883593649,0.9944166007861202
CAS00360,casa,disponible,venta,1141506.0,dolar,4,3,Sirari,Santa Cruz de la Sierra,350.0,-17.765102,-63.201759,13.94785987721527,13.94785987721527,5.860786223465865,5.860786223465865,1.6094379124341003,1.6094379124341003,1.3862943611198906,1.3862943611198906,1,2,0,293318.67804873566,338544.4936065574,216778.5354302577,0.29905226269033564,0.6137811675983271,0.2859237748832662,0.11763177455760256,-0.016114366641495355,0.8280415687087431,-0.27426478076404176,0.8986208764902223,-0.9168419154490075,1.017533448511605
DEP00430,departamento,alquilado,alquiler,280.0,dolar,1,1,Barrio Urbari,Santa Cruz de la Sierra,45.0,-17.796371,-63.199932,5.638354669333745,5.638354669333745,3.828641396489095,3.828641396489095,0.6931471805599453,0.6931471805599453,0.6931471805599453,0.6931471805599453,0,0,0,71095.44020000269,338544.4936065574,236906.37987131116,-1.3498504863378076,-0.7460403115800028,-0.7708567176005267,-0.8037047775075877,-6.913063289201752,-1.222499172317344,-0.13066372260589781,0.8986208764902223,-0.9636099180304172,1.018285179120412
CAS00361,casa,disponible,alquiler,850.0,dolar,4,4,Entre 5to y 6to anillo Oeste,Santa Cruz de la Sierra,320.0,-17.815704,-63.222492,6.7464121285733745,6.7464121285733745,5.771441123130016,5.771441123130016,1.6094379124341003,1.6094379124341003,1.6094379124341003,1.6094379124341003,1,0,0,293318.67804873566,338544.4936065574,334089.19898291264,0.22655674977202245,0.6137811675983271,0.6261311055427021,0.11763177455760256,-0.016114366641495355,-1.222499172317344,0.5626820402793331,0.8986208764902223,-0.9925256426748357,1.009002725625812
CAS00362,casa,disponible,venta,169000.0,dolar,3,2,Carretera Norte,Santa Cruz de la Sierra,230.0,-17.700327,-63.163448,12.037659911047468,12.037659911047468,5.442417710521793,5.442417710521793,1.3862943611198906,1.3862943611198906,1.0986122886681098,1.0986122886681098,1,2,0,293318.67804873566,338544.4936065574,241093.2232523852,-0.04041615606729196,0.2826249270494829,-0.152679758003872,0.11763177455760256,-0.016114366641495355,0.8280415687087431,-0.10079290650209513,0.8986208764902223,-0.8199601038397295,1.0332967497452716
DEP00431,departamento,disponible,alquiler,350.0,dolar,2,2,Entre 1er y 2do anillo Norte,Santa Cruz de la Sierra,73.0,-17.771128,-63.181473,5.860786223465865,5.860786223465865,4.30406509320417,4.30406509320417,1.0986122886681098,1.0986122886681098,1.0986122886681098,1.0986122886681098,1,0,0,71095.44020000269,338544.4936065574,204581.96379801774,-0.9640869176885881,-0.1443097211863738,-0.152679758003872,-0.8037047775075877,-0.016114366641495355,-1.222499172317344,-0.36128058602925733,0.8986208764902223,-0.9258548030871045,1.0258802504438502
DEP00432,departamento,disponible,alquiler,500.0,dolar,2,2,Entre 4to y 5to anillo Norte,Santa Cruz de la Sierra,60.0,-17.74507,-63.169411,6.2166061010848646,6.2166061010848646,4.110873864173311,4.110873864173311,1.0986122886681098,1.0986122886681098,1.0986122886681098,1.0986122886681098,1,0,0,71095.44020000269,338544.4936065574,326892.80690165295,-1.1208442237665324,-0.1443097211863738,-0.152679758003872,-0.8037047775075877,-0.016114366641495355,-1.222499172317344,0.5113397556737347,0.8986208764902223,-0.8868807197692362,1.0308432359957933
TER00151,terreno,disponible,venta,1150000.0,dolar,0,0,Carretera Norte,Santa Cruz de la Sierra,6050.0,-17.675976,-63.149914,13.955273369904273,13.955273369904273,8.707978826622321,8.707978826622321,0.0,0.0,0.0,0.0,1,2,0,687663.6869501647,338544.4936065574,241093.2232523852,2.6092929739006996,-1.7747055502094886,-1.8276372100843195,1.7525844210160881,-0.016114366641495355,0.8280415687087431,-0.10079290650209513,0.8986208764902223,-0.783539123608191,1.0388653989294863
DEP00433,departamento,disponible,venta,170000.0,dolar,3,3,Entre 2do y 3er anillo Oeste,Santa Cruz de la Sierra,215.0,-17.79936,-63.195889,12.04355959836804,12.04355959836804,5.375278407684165,5.375278407684165,1.3862943611198906,1.3862943611198906,1.3862943611198906,1.3862943611198906,1,2,0,71095.44020000269,338544.4936065574,220026.08791509928,-0.09489366158125462,0.2826249270494829,0.2859237748832662,-0.8037047775075877,-0.016114366641495355,0.8280415687087431,-0.25109528665288033,0.8986208764902223,-0.9680804658482495,1.0199486968277973
CAS00363,casa,disponible,venta,58000.0,dolar,3,2,Distrito 12,Santa Cruz de la Sierra,210.0,-17.861685,-63.186001,10.968215530759236,10.968215530759236,5.351858133476067,5.351858133476067,1.3862943611198906,1.3862943611198906,1.0986122886681098,1.0986122886681098,1,2,0,293318.67804873566,338544.4936065574,270627.0917822349,-0.11389710760147681,0.2826249270494829,-0.152679758003872,0.11763177455760256,-0.016114366641495355,0.8280415687087431,0.10991494076940084,0.8986208764902223,-1.061297894000293,1.0240171764445798
OFI00095,oficina,disponible,alquiler,4000.0,dolar,10,8,Sirari,Santa Cruz de la Sierra,376.0,-17.759636,-63.200638,8.294299608857235,8.294299608857235,5.932245187448011,5.932245187448011,2.3978952727983707,2.3978952727983707,2.1972245773362196,2.1972245773362196,1,0,0,127588.56880770384,338544.4936065574,216778.5354302577,0.35703478469796107,1.783891501298435,1.5222776940765754,-0.5694845184983812,-0.016114366641495355,-1.222499172317344,-0.27426478076404176,0.8986208764902223,-0.9086666011725709,1.0179946909924333
CAS00364,casa,disponible,venta,200000.0,dolar,3,3,Entre 1er y 2do anillo Sur,Santa Cruz de la Sierra,177.0,-17.797623,-63.182869,12.206077645517674,12.206077645517674,5.181783550292085,5.181783550292085,1.3862943611198906,1.3862943611198906,1.3862943611198906,1.3862943611198906,1,2,0,293318.67804873566,338544.4936065574,294155.68177753733,-0.25189733476495574,0.2826249270494829,0.2859237748832662,0.11763177455760256,-0.016114366641495355,0.8280415687087431,0.277778441016013,0.8986208764902223,-0.9654824927604042,1.025305857488245
TER00152,terreno,disponible,venta,480000.0,dolar,0,0,Colinas del Urubó,Santa Cruz de la Sierra,1541.0,-17.736916,-63.217735,13.081543466215237,13.081543466215237,7.340835554123275,7.340835554123275,0.0,0.0,0.0,0.0,1,2,0,687663.6869501647,338544.4936065574,335393.0740524953,1.4999791738145507,-1.7747055502094886,-1.8276372100843195,1.7525844210160881,-0.016114366641495355,0.8280415687087431,0.5719844690737547,0.8986208764902223,-0.8746850533568572,1.010960023111355
CAS00365,casa,disponible,alquiler,300.0,dolar,3,3,Pampa de la isla,Santa Cruz de la Sierra,180.0,-17.76454,-63.122231,5.707110264748875,5.707110264748875,5.198497031265826,5.198497031265826,1.3862943611198906,1.3862943611198906,1.3862943611198906,1.3862943611198906,1,0,0,293318.67804873566,338544.4936065574,227163.6946854984,-0.2383358482224682,0.2826249270494829,0.2859237748832662,0.11763177455760256,-0.016114366641495355,-1.222499172317344,-0.20017240278681248,0.8986208764902223,-0.9160013507539202,1.0502557429051498
TER00153,terreno,disponible,venta,115000.0,dolar,0,0,Entre 3er y 4to anillo Norte,Santa Cruz de la Sierra,249.0,-17.755625,-63.158009,11.652696102959753,11.652696102959753,5.521460917862246,5.521460917862246,0.0,0.0,0.0,0.0,1,2,0,687663.6869501647,338544.4936065574,544356.7072126968,0.023720297272784855,-1.7747055502094886,-1.8276372100843195,1.7525844210160881,-0.016114366641495355,0.8280415687087431,2.062824629641123,0.8986208764902223,-0.9026674819697145,1.0355346604082654
CAS00366,casa,disponible,venta,198000.0,dolar,4,5,Entre 2do y 3er anillo Oeste,Santa Cruz de la Sierra,350.0,-17.786072,-63.203026,12.19602736016897,12.19602736016897,5.860786223465865,5.860786223465865,1.6094379124341003,1.6094379124341003,1.791759469228055,1.791759469228055,1,2,0,293318.67804873566,338544.4936065574,220026.08791509928,0.29905226269033564,0.6137811675983271,0.9041007344799207,0.11763177455760256,-0.016114366641495355,0.8280415687087431,-0.25109528665288033,0.8986208764902223,-0.948206046509553,1.0170121334150783
CAS00367,casa,alquilado,alquiler,480.0,dolar,3,3,Carretera Norte,Santa Cruz de la Sierra,220.0,-17.682539,-63.18399,6.175867270105761,6.175867270105761,5.3981627015177525,5.3981627015177525,1.3862943611198906,1.3862943611198906,1.3862943611198906,1.3862943611198906,0,0,0,293318.67804873566,338544.4936065574,241093.2232523852,-0.07632511542703853,0.2826249270494829,0.2859237748832662,0.11763177455760256,-6.913063289201752,-1.222499172317344,-0.10079290650209513,0.8986208764902223,-0.7933551842734431,1.0248446150074166
LOC00041,local comercial,disponible,alquiler,1150.0,dolar,2,3,Entre 2do y 3er anillo Oeste,Santa Cruz de la Sierra,120.0,-17.771868,-63.195793,7.048386408721883,7.048386408721883,4.795790545596741,4.795790545596741,1.0986122886681098,1.0986122886681098,1.3862943611198906,1.3862943611198906,1,0,0,225639.55594352554,338544.4936065574,220026.08791509928,-0.5650959405428011,-0.1443097211863738,0.2859237748832662,-0.16296556355542782,-0.016114366641495355,-1.222499172317344,-0.25109528665288033,0.8986208764902223,-0.9269615964578635,1.0199881966299018
OFI00096,oficina,disponible,alquiler,4000.0,dolar,1,4,Centro,Santa Cruz de la Sierra,378.0,-17.790989,-63.178322,8.294299608857235,8.294299608857235,5.937536205082426,5.937536205082426,0.6931471805599453,0.6931471805599453,1.6094379124341003,1.6094379124341003,1,0,0,127588.56880770384,338544.4936065574,288595.4885427981,0.36132796961604746,-0.7460403115800028,0.6261311055427021,-0.5694845184983812,-0.016114366641495355,-1.222499172317344,0.2381095318881303,0.8986208764902223,-0.955560239758225,1.02717674915668
TER00154,terreno,disponible,venta,352000.0,dolar,0,0,Entre 3er y 4to anillo Oeste,Santa Cruz de la Sierra,335.0,-17.770735,-63.20858,12.77138929548529,12.77138929548529,5.817111159963204,5.817111159963204,0.0,0.0,0.0,0.0,1,2,0,687663.6869501647,338544.4936065574,227097.1951425342,0.2636138769426745,-1.7747055502094886,-1.8276372100843195,1.7525844210160881,-0.016114366641495355,0.8280415687087431,-0.20064684031362548,0.8986208764902223,-0.925267006067225,1.0147269052808159
DEP00434,departamento,disponible,venta,100000.0,dolar,1,1,Equipetrol,Santa Cruz de la Sierra,41.0,-17.75997,-63.197735,11.51293546492023,11.51293546492023,3.7376696182833684,3.7376696182833684,0.6931471805599453,0.6931471805599453,0.6931471805599453,0.6931471805599453,1,2,0,71095.44020000269,338544.4936065574,109656.35558668687,-1.423665902038549,-0.7460403115800028,-0.7708567176005267,-0.8037047775075877,-0.016114366641495355,0.8280415687087431,-1.0385223952738374,0.8986208764902223,-0.9091661538561274,1.0191891485498261
CAS00368,casa,disponible,venta,290000.0,dolar,3,3,Urubó,Santa Cruz de la Sierra,280.0,-17.762074,-63.224979,12.577639650232573,12.577639650232573,5.638354669333745,5.638354669333745,1.3862943611198906,1.3862943611198906,1.3862943611198906,1.3862943611198906,1,2,0,293318.67804873566,338544.4936065574,363867.0815300617,0.1185690627676721,0.2826249270494829,0.2859237748832662,0.11763177455760256,-0.016114366641495355,0.8280415687087431,0.7751307928520517,0.8986208764902223,-0.9123130366292013,1.00797943387754
CAS00369,casa,disponible,venta,750000.0,dolar,3,5,Urubó,Santa Cruz de la Sierra,450.0,-17.773516,-63.228413,13.527829818844937,13.527829818844937,6.111467339502679,6.111467339502679,1.3862943611198906,1.3862943611198906,1.791759469228055,1.791759469228055,1,2,0,293318.67804873566,338544.4936065574,363867.0815300617,0.5024574412363376,0.2826249270494829,0.9041007344799207,0.11763177455760256,-0.016114366641495355,0.8280415687087431,0.7751307928520517,0.8986208764902223,-0.9294264552078757,1.006566493039752
OFI00097,oficina,disponible,alquiler,1900.0,dolar,4,4,Equipetrol,Santa Cruz de la Sierra,188.0,-17.75518,-63.198303,7.550135342488429,7.550135342488429,5.241747015059643,5.241747015059643,1.6094379124341003,1.6094379124341003,1.6094379124341003,1.6094379124341003,1,0,0,127588.56880770384,338544.4936065574,109656.35558668687,-0.20324237642541015,0.6137811675983271,0.6261311055427021,-0.5694845184983812,-0.016114366641495355,-1.222499172317344,-1.0385223952738374,0.8986208764902223,-0.9020019102805436,1.018955441387373
TER00155,terreno,disponible,venta,92000.0,dolar,0,0,Urubó,Santa Cruz de la Sierra,5000.0,-17.859562,-63.310207,11.429554725537322,11.429554725537322,8.517393171418904,8.517393171418904,0.0,0.0,0.0,0.0,1,2,0,687663.6869501647,338544.4936065574,363867.0815300617,2.454649856629493,-1.7747055502094886,-1.8276372100843195,1.7525844210160881,-0.016114366641495355,0.8280415687087431,0.7751307928520517,0.8986208764902223,-1.058122593559589,0.9729118387340316
CAS00370,casa,disponible,venta,62900.0,dolar,3,2,Carretera Norte,Santa Cruz de la Sierra,105.0,-17.661264,-63.163822,11.049317340813348,11.049317340813348,4.663439094112067,4.663439094112067,1.3862943611198906,1.3862943611198906,1.0986122886681098,1.0986122886681098,1,2,0,293318.67804873566,338544.4936065574,241093.2232523852,-0.6724872392799157,0.2826249270494829,-0.152679758003872,0.11763177455760256,-0.016114366641495355,0.8280415687087431,-0.10079290650209513,0.8986208764902223,-0.7615348748641432,1.033142865099572
DEP00435,departamento,disponible,venta,191240.0,dolar,2,2,Sirari,Santa Cruz de la Sierra,137.0,-17.765602,-63.200294,12.161289691757952,12.161289691757952,4.927253685157205,4.927253685157205,1.0986122886681098,1.0986122886681098,1.0986122886681098,1.0986122886681098,1,2,0,71095.44020000269,338544.4936065574,216778.5354302577,-0.45842542703436745,-0.1443097211863738,-0.152679758003872,-0.8037047775075877,-0.016114366641495355,0.8280415687087431,-0.27426478076404176,0.8986208764902223,-0.9175897488076316,1.0181362319499745
DEP00436,departamento,disponible,venta,170000.0,dolar,1,1,Entre 2do y 3er anillo Oeste,Santa Cruz de la Sierra,234.0,-17.793837,-63.196621,12.04355959836804,12.04355959836804,5.459585514144159,5.459585514144159,0.6931471805599453,0.6931471805599453,0.6931471805599453,0.6931471805599453,1,2,0,71095.44020000269,338544.4936065574,220026.08791509928,-0.02648602755878005,-0.7460403115800028,-0.7708567176005267,-0.8037047775075877,-0.016114366641495355,0.8280415687087431,-0.25109528665288033,0.8986208764902223,-0.9598198985689276,1.0196475108367495
DEP00437,departamento,disponible,alquiler,600.0,dolar,2,1,Entre 3er y 4to anillo Sur,Santa Cruz de la Sierra,70.0,-17.814287,-63.179562,6.398594934535208,6.398594934535208,4.2626798770413155,4.2626798770413155,1.0986122886681098,1.0986122886681098,0.6931471805599453,0.6931471805599453,1,0,0,71095.44020000269,338544.4936065574,222124.18815457262,-0.9976672982767061,-0.1443097211863738,-0.7708567176005267,-0.8037047775075877,-0.016114366641495355,-1.222499172317344,-0.23612649973719324,0.8986208764902223,-0.9904062829365052,1.0266665433794964
CAS00371,casa,disponible,venta,290000.0,dolar,3,3,Entre 4to y 5to anillo Norte,Santa Cruz de la Sierra,263.0,-17.74,-63.177822,12.577639650232573,12.577639650232573,5.575949103146316,5.575949103146316,1.3862943611198906,1.3862943611198906,1.3862943611198906,1.3862943611198906,1,2,0,293318.67804873566,338544.4936065574,326892.80690165295,0.06793255877686358,0.2826249270494829,0.2859237748832662,0.11763177455760256,-0.016114366641495355,0.8280415687087431,0.5113397556737347,0.8986208764902223,-0.8792976895128248,1.0273824772926428
CAS00372,casa,disponible,venta,168500.0,dolar,3,2,Pampa de la isla,Santa Cruz de la Sierra,340.0,-17.767548,-63.117729,12.034696963475044,12.034696963475044,5.831882477283517,5.831882477283517,1.3862943611198906,1.3862943611198906,1.0986122886681098,1.0986122886681098,1,2,0,293318.67804873566,338544.4936065574,227163.6946854984,0.2755994723652537,0.2826249270494829,-0.152679758003872,0.11763177455760256,-0.016114366641495355,0.8280415687087431,-0.20017240278681248,0.8986208764902223,-0.9205003162393828,1.0521081190413508
DEP00438,departamento,disponible,venta,189000.0,dolar,3,2,Entre 4to y 5to anillo Oeste,Santa Cruz de la Sierra,148.0,-17.793116,-63.22134,12.149507585033072,12.149507585033072,5.003946305945459,5.003946305945459,1.3862943611198906,1.3862943611198906,1.0986122886681098,1.0986122886681098,1,2,0,71095.44020000269,338544.4936065574,230627.24970349422,-0.3961962632615973,0.2826249270494829,-0.152679758003872,-0.8037047775075877,-0.016114366641495355,0.8280415687087431,-0.17546184984957416,0.8986208764902223,-0.9587415228657988,1.0094767232510702
DEP00439,departamento,disponible,venta,150000.0,dolar,2,3,Equipetrol,Santa Cruz de la Sierra,94.0,-17.767645,-63.194801,11.918397239722838,11.918397239722838,4.553876891600541,4.553876891600541,1.0986122886681098,1.0986122886681098,1.3862943611198906,1.3862943611198906,1,2,0,71095.44020000269,338544.4936065574,109656.35558668687,-0.7613871122184004,-0.1443097211863738,0.2859237748832662,-0.8037047775075877,-0.016114366641495355,0.8280415687087431,-1.0385223952738374,0.8986208764902223,-0.9206453959109555,1.0203963612516516
DEP00440,departamento,disponible,alquiler,320.0,dolar,1,1,Entre 1er y 2do anillo Oeste,Santa Cruz de la Sierra,70.0,-17.792177,-63.194111,5.771441123130016,5.771441123130016,4.2626798770413155,4.2626798770413155,0.6931471805599453,0.6931471805599453,0.6931471805599453,0.6931471805599453,1,0,0,71095.44020000269,338544.4936065574,314160.57736389193,-0.9976672982767061,-0.7460403115800028,-0.7708567176005267,-0.8037047775075877,-0.016114366641495355,-1.222499172317344,0.42050232697194745,0.8986208764902223,-0.957337091818306,1.0206802660792782
DEP00441,departamento,disponible,alquiler,350.0,dolar,2,1,Centro,Santa Cruz de la Sierra,70.0,-17.789577,-63.179329,5.860786223465865,5.860786223465865,4.2626798770413155,4.2626798770413155,1.0986122886681098,1.0986122886681098,0.6931471805599453,0.6931471805599453,1,0,0,71095.44020000269,338544.4936065574,288595.4885427981,-0.9976672982767061,-0.1443097211863738,-0.7708567176005267,-0.8037047775075877,-0.016114366641495355,-1.222499172317344,0.2381095318881303,0.8986208764902223,-0.9534483583534832,1.026762412690852
TER00156,terreno,disponible,venta,275000.0,dolar,0,0,Carretera Cotoca,Santa Cruz de la Sierra,1746.0,-17.755335,-62.996449,12.524530013005734,12.524530013005734,7.465655310134056,7.465655310134056,0.0,0.0,0.0,0.0,1,2,0,687663.6869501647,338544.4936065574,1051546.0699277688,1.6012591791010797,-1.7747055502094886,-1.8276372100843195,1.7525844210160881,-0.016114366641495355,0.8280415687087431,5.681340729849371,0.8986208764902223,-0.9022337386217151,1.1020095357002495
DEP00442,departamento,disponible,venta,69160.0,dolar,1,1,Equipetrol,Santa Cruz de la Sierra,49.0,-17.75688,-63.197498,11.144192398917678,11.144192398917678,3.912023005428146,3.912023005428146,0.6931471805599453,0.6931471805599453,0.6931471805599453,0.6931471805599453,1,2,0,71095.44020000269,338544.4936065574,109656.35558668687,-1.2821938103111623,-0.7460403115800028,-0.7708567176005267,-0.8037047775075877,-0.016114366641495355,0.8280415687087431,-1.0385223952738374,0.8986208764902223,-0.9045445436998526,1.0192866636862714
TER00157,terreno,disponible,venta,185000.0,dolar,0,0,Urubó,Santa Cruz de la Sierra,664.0,-17.753387,-63.221748,12.128116509451258,12.128116509451258,6.499787040655854,6.499787040655854,0.0,0.0,0.0,0.0,1,2,0,687663.6869501647,338544.4936065574,363867.0815300617,0.8175439519186678,-1.7747055502094886,-1.8276372100843195,1.7525844210160881,-0.016114366641495355,0.8280415687087431,0.7751307928520517,0.8986208764902223,-0.8993201798565317,1.0093088490921251
EDI00020,edificio,disponible,alquiler,2150.0,dolar,6,6,Centro,Santa Cruz de la Sierra,550.0,-17.783321,-63.175995,7.67368812926773,7.67368812926773,6.311734809152915,6.311734809152915,1.9459101490553132,1.9459101490553132,1.9459101490553132,1.9459101490553132,1,0,0,1171175.6402570198,338544.4936065574,288595.4885427981,0.6649564801155974,1.1131228706065581,1.1391207070245153,3.757222820917717,-0.016114366641495355,-1.222499172317344,0.2381095318881303,0.8986208764902223,-0.9440914673704232,1.0281342079014466
CAS00373,casa,disponible,venta,270000.0,dolar,4,4,Urubó,Santa Cruz de la Sierra,220.0,-17.76236,-63.236706,12.506180941677357,12.506180941677357,5.3981627015177525,5.3981627015177525,1.6094379124341003,1.6094379124341003,1.6094379124341003,1.6094379124341003,1,2,0,293318.67804873566,338544.4936065574,363867.0815300617,-0.07632511542703853,0.6137811675983271,0.6261311055427021,0.11763177455760256,-0.016114366641495355,0.8280415687087431,0.7751307928520517,0.8986208764902223,-0.9127407973103361,1.0031542861766913
TER00158,terreno,disponible,venta,6200000.0,dolar,0,0,Entre 2do y 3er anillo Norte,Santa Cruz de la Sierra,7686.0,-17.759447,-63.177101,15.64006001130563,15.520258832020865,8.947285869349132,8.947285869349132,0.0,0.0,0.0,0.0,1,2,0,687663.6869501647,338544.4936065574,401212.6233841972,2.803469114978731,-1.7747055502094886,-1.8276372100843195,1.7525844210160881,-0.016114366641495355,0.8280415687087431,1.0415706167213592,0.8986208764902223,-0.9083839201630141,1.027679137264699
DEP00443,departamento,disponible,venta,125000.0,dolar,1,1,Equipetrol,Santa Cruz de la Sierra,48.0,-17.756039,-63.196777,11.736077016252437,11.736077016252437,3.8918202981106265,3.8918202981106265,0.6931471805599453,0.6931471805599453,0.6931471805599453,0.6931471805599453,1,2,0,71095.44020000269,338544.4936065574,109656.35558668687,-1.2985864901986621,-0.7460403115800028,-0.7708567176005267,-0.8037047775075877,-0.016114366641495355,0.8280415687087431,-1.0385223952738374,0.8986208764902223,-0.9032866879906565,1.0195833236583307
DEP00444,departamento,disponible,alquiler,267.0,dolar,1,1,Entre 7mo y 8vo anillo Norte,Santa Cruz de la Sierra,31.0,-17.724079,-63.162895,5.5909869805108565,5.5909869805108565,3.4657359027997265,3.4657359027997265,0.6931471805599453,0.6931471805599453,0.6931471805599453,0.6931471805599453,1,0,0,71095.44020000269,338544.4936065574,299803.402354987,-1.6443156535040921,-0.7460403115800028,-0.7708567176005267,-0.8037047775075877,-0.016114366641495355,-1.222499172317344,0.3180718094131331,0.8986208764902223,-0.8554851797076336,1.033524285063647
CAS00374,casa,disponible,alquiler,9000.0,dolar,4,4,Entre 6to y 7mo anillo Oeste,Santa Cruz de la Sierra,320.0,-17.811804,-63.233883,9.105090961257085,9.105090961257085,5.771441123130016,5.771441123130016,1.6094379124341003,1.6094379124341003,1.6094379124341003,1.6094379124341003,1,0,0,293318.67804873566,338544.4936065574,234401.0588416865,0.22655674977202245,0.6137811675983271,0.6261311055427021,0.11763177455760256,-0.016114366641495355,-1.222499172317344,-0.14853780504595088,0.8986208764902223,-0.9866925424775936,1.0043158272323316
DEP00445,departamento,disponible,alquiler,310.0,dolar,1,1,Equipetrol,Santa Cruz de la Sierra,45.0,-17.758204,-63.199097,5.739792912179234,5.739792912179234,3.828641396489095,3.828641396489095,0.6931471805599453,0.6931471805599453,0.6931471805599453,0.6931471805599453,1,0,0,71095.44020000269,338544.4936065574,109656.35558668687,-1.3498504863378076,-0.7460403115800028,-0.7708567176005267,-0.8037047775075877,-0.016114366641495355,-1.222499172317344,-1.0385223952738374,0.8986208764902223,-0.90652480643348,1.018628745107466
OFI00098,oficina,disponible,venta,55857.0,dolar,1,1,Centro,Santa Cruz de la Sierra,64.0,-17.791233,-63.178234,10.930568035062993,10.930568035062993,4.174387269895637,4.174387269895637,0.6931471805599453,0.6931471805599453,0.6931471805599453,0.6931471805599453,1,2,0,127588.56880770384,338544.4936065574,288595.4885427981,-1.0693088076360366,-0.7460403115800028,-0.7708567176005267,-0.5694845184983812,-0.016114366641495355,0.8280415687087431,0.2381095318881303,0.8986208764902223,-0.9559251824372297,1.0272129573086084
CAS00375,casa,disponible,venta,315000.0,dolar,3,2,Entre 4to y 5to anillo Norte,Santa Cruz de la Sierra,245.0,-17.744398,-63.170444,12.660331092405906,12.660331092405906,5.5053315359323625,5.5053315359323625,1.3862943611198906,1.3862943611198906,1.0986122886681098,1.0986122886681098,1,2,0,293318.67804873566,338544.4936065574,326892.80690165295,0.010632754568519774,0.2826249270494829,-0.152679758003872,0.11763177455760256,-0.016114366641495355,0.8280415687087431,0.5113397556737347,0.8986208764902223,-0.8858756317352533,1.0304182016668935
DEP00446,departamento,disponible,venta,65000.0,dolar,1,1,Entre 2do y 3er anillo Norte,Santa Cruz de la Sierra,36.0,-17.768192,-63.179455,11.082157933374816,11.082157933374816,3.6109179126442243,3.6109179126442243,0.6931471805599453,0.6931471805599453,0.6931471805599453,0.6931471805599453,1,2,0,71095.44020000269,338544.4936065574,401212.6233841972,-1.5265135106823298,-0.7460403115800028,-0.7708567176005267,-0.8037047775075877,-0.016114366641495355,0.8280415687087431,1.0415706167213592,0.8986208764902223,-0.9214635256052824,1.026710569200592
DEP00447,departamento,disponible,venta,58500.0,dolar,1,1,Equipetrol,Santa Cruz de la Sierra,31.0,-17.765797,-63.194126,10.97679912709094,10.97679912709094,3.4657359027997265,3.4657359027997265,0.6931471805599453,0.6931471805599453,0.6931471805599453,0.6931471805599453,1,2,0,71095.44020000269,338544.4936065574,109656.35558668687,-1.6443156535040921,-0.7460403115800028,-0.7708567176005267,-0.8037047775075877,-0.016114366641495355,0.8280415687087431,-1.0385223952738374,0.8986208764902223,-0.9178814038174904,1.0206740942352004
TER00159,terreno,disponible,venta,16000.0,dolar,0,0,Doble vía La Guardia,Santa Cruz de la Sierra,3550.0,-17.919289,-63.323772,9.680406499268875,9.680406499268875,8.174984532943087,8.174984532943087,0.0,0.0,0.0,0.0,1,2,0,687663.6869501647,338544.4936065574,262142.00621492576,2.176816043911669,-1.7747055502094886,-1.8276372100843195,1.7525844210160881,-0.016114366641495355,0.8280415687087431,0.0493785395866314,0.8986208764902223,-1.147454279580237,0.9673304344053876
OFI00099,oficina,disponible,alquiler,1000.0,dolar,1,2,Centro,Santa Cruz de la Sierra,117.0,-17.791151,-63.178661,6.90875477931522,6.90875477931522,4.770684624465665,4.770684624465665,0.6931471805599453,0.6931471805599453,1.0986122886681098,1.0986122886681098,1,0,0,127588.56880770384,338544.4936065574,288595.4885427981,-0.5854671374281639,-0.7460403115800028,-0.152679758003872,-0.5694845184983812,-0.016114366641495355,-1.222499172317344,0.2381095318881303,0.8986208764902223,-0.9558025377664174,1.0270372654804991
DEP00448,departamento,disponible,venta,90000.0,dolar,2,2,Entre 5to y 6to anillo Sur,Santa Cruz de la Sierra,93.0,-17.836891,-63.191341,11.407576060361786,11.407576060361786,4.543294782270004,4.543294782270004,1.0986122886681098,1.0986122886681098,1.0986122886681098,1.0986122886681098,1,2,0,71095.44020000269,338544.4936065574,284343.1042721047,-0.7699735421489863,-0.1443097211863738,-0.152679758003872,-0.8037047775075877,-0.016114366641495355,0.8280415687087431,0.20777111771988863,0.8986208764902223,-1.0242143334130211,1.021819999952506
DEP00449,departamento,disponible,alquiler,800.0,dolar,3,4,Urubó,Santa Cruz de la Sierra,230.0,-17.765179,-63.222576,6.68586094706836,6.68586094706836,5.442417710521793,5.442417710521793,1.3862943611198906,1.3862943611198906,1.6094379124341003,1.6094379124341003,1,0,0,71095.44020000269,338544.4936065574,363867.0815300617,-0.04041615606729196,0.2826249270494829,0.6261311055427021,-0.8037047775075877,-0.016114366641495355,-1.222499172317344,0.7751307928520517,0.8986208764902223,-0.9169570817862366,1.008968163298973
DEP00450,departamento,disponible,alquiler,350.0,dolar,1,1,Equipetrol,Santa Cruz de la Sierra,39.0,-17.76507,-63.195145,5.860786223465865,5.860786223465865,3.6888794541139363,3.6888794541139363,0.6931471805599453,0.6931471805599453,0.6931471805599453,0.6931471805599453,1,0,0,71095.44020000269,338544.4936065574,109656.35558668687,-1.4632547319076272,-0.7460403115800028,-0.7708567176005267,-0.8037047775075877,-0.016114366641495355,-1.222499172317344,-1.0385223952738374,0.8986208764902223,-0.9167940541140597,1.0202548202941104
OFI00100,oficina,disponible,alquiler,500.0,dolar,1,1,Centro,Santa Cruz de la Sierra,42.0,-17.790907,-63.177292,6.2166061010848646,6.2166061010848646,3.7612001156935624,3.7612001156935624,0.6931471805599453,0.6931471805599453,0.6931471805599453,0.6931471805599453,1,0,0,127588.56880770384,338544.4936065574,288595.4885427981,-1.4045730198036785,-0.7460403115800028,-0.7708567176005267,-0.5694845184983812,-0.016114366641495355,-1.222499172317344,0.2381095318881303,0.8986208764902223,-0.9554375950874128,1.0276005491167612
CAS00376,casa,disponible,venta,225000.0,dolar,3,4,Equipetrol,Santa Cruz de la Sierra,167.0,-17.771894,-63.192226,12.323860125621126,12.323860125621126,5.123963979403259,5.123963979403259,1.3862943611198906,1.3862943611198906,1.6094379124341003,1.6094379124341003,1,2,0,293318.67804873566,338544.4936065574,109656.35558668687,-0.29881271605106674,0.2826249270494829,0.6261311055427021,0.11763177455760256,-0.016114366641495355,0.8280415687087431,-1.0385223952738374,0.8986208764902223,-0.9270004837925092,1.021455861151855
CAS00377,casa,alquilado,alquiler,290.0,dolar,3,2,Entre 6to y 7mo anillo Este,Santa Cruz de la Sierra,200.0,-17.771229,-63.114483,5.673323267171493,5.673323267171493,5.303304908059076,5.303304908059076,1.3862943611198906,1.3862943611198906,1.0986122886681098,1.0986122886681098,0,0,0,293318.67804873566,338544.4936065574,243363.94598023925,-0.15329368298403176,0.2826249270494829,-0.152679758003872,0.11763177455760256,-6.913063289201752,-1.222499172317344,-0.08459255343107744,0.8986208764902223,-0.9260058654255471,1.053443706100014
CAS00378,casa,disponible,venta,1050.0,dolar,5,3,Hamacas,Santa Cruz de la Sierra,630.0,-17.750975,-63.173405,6.957497370876951,6.957497370876951,6.447305862541213,6.447305862541213,1.791759469228055,1.791759469228055,1.3862943611198906,1.3862943611198906,1,2,0,293318.67804873566,338544.4936065574,218877.34020268283,0.7749601962154838,0.8843555174431118,0.2859237748832662,0.11763177455760256,-0.016114366641495355,0.8280415687087431,-0.2592909673946934,0.8986208764902223,-0.8957126317345471,1.029199879645728
CAS00379,casa,disponible,venta,100000.0,dolar,3,1,Carretera Norte,Santa Cruz de la Sierra,190.0,-17.703485,-63.150658,11.51293546492023,11.51293546492023,5.25227342804663,5.25227342804663,1.3862943611198906,1.3862943611198906,0.6931471805599453,0.6931471805599453,1,2,0,293318.67804873566,338544.4936065574,241093.2232523852,-0.19470113906809491,0.2826249270494829,-0.7708567176005267,0.11763177455760256,-0.016114366641495355,0.8280415687087431,-0.10079290650209513,0.8986208764902223,-0.824683419332775,1.038559275463176
CAS00380,casa,disponible,venta,720000.0,dolar,4,6,Urubó,Santa Cruz de la Sierra,580.0,-17.751856,-63.226608,13.487007879880162,13.487007879880162,6.364750756851911,6.364750756851911,1.6094379124341003,1.6094379124341003,1.9459101490553132,1.9459101490553132,1,2,0,293318.67804873566,338544.4936065574,363867.0815300617,0.7079741532374777,0.6137811675983271,1.1391207070245153,0.11763177455760256,-0.016114366641495355,0.8280415687087431,0.7751307928520517,0.8986208764902223,-0.8970303141124358,1.007309171610576
DEP00451,departamento,disponible,alquiler,840.0,dolar,2,2,Equipetrol,Santa Cruz de la Sierra,108.0,-17.767773,-63.195663,6.734591659972948,6.734591659972948,4.6913478822291435,4.6913478822291435,1.0986122886681098,1.0986122886681098,1.0986122886681098,1.0986122886681098,1,0,0,71095.44020000269,338544.4936065574,109656.35558668687,-0.649841767934867,-0.1443097211863738,-0.152679758003872,-0.8037047775075877,-0.016114366641495355,-1.222499172317344,-1.0385223952738374,0.8986208764902223,-0.9208368412507572,1.0200416859452512
DEP00452,departamento,disponible,alquiler,340.0,dolar,1,1,Equipetrol,Santa Cruz de la Sierra,47.0,-17.767878,-63.199261,5.831882477283517,5.831882477283517,3.871201010907891,3.871201010907891,0.6931471805599453,0.6931471805599453,0.6931471805599453,0.6931471805599453,1,0,0,71095.44020000269,338544.4936065574,109656.35558668687,-1.3153171871943934,-0.7460403115800028,-0.7708567176005267,-0.8037047775075877,-0.016114366641495355,-1.222499172317344,-1.0385223952738374,0.8986208764902223,-0.9209938862560695,1.0185612662788714
OFI00101,oficina,disponible,venta,65600.0,dolar,1,1,Entre 2do y 3er anillo Norte,Santa Cruz de la Sierra,29.0,-17.760508,-63.173901,11.091346218718432,11.091346218718432,3.4011973816621555,3.4011973816621555,0.6931471805599453,0.6931471805599453,0.6931471805599453,0.6931471805599453,1,2,0,127588.56880770384,338544.4936065574,401212.6233841972,-1.6966828585916696,-0.7460403115800028,-0.7708567176005267,-0.5694845184983812,-0.016114366641495355,0.8280415687087431,1.0415706167213592,0.8986208764902223,-0.9099708225500066,1.0289957973348545
TER00160,terreno,disponible,venta,125000.0,dolar,0,0,Plan 3000,Santa Cruz de la Sierra,802.0,-17.826391,-63.092934,11.736077016252437,11.736077016252437,6.688354713946762,6.688354713946762,0.0,0.0,0.0,0.0,1,2,0,687663.6869501647,338544.4936065574,302588.0374980981,0.9705496583720752,-1.7747055502094886,-1.8276372100843195,1.7525844210160881,-0.016114366641495355,0.8280415687087431,0.3379386438526675,0.8986208764902223,-1.0085098328819908,1.0623101773036965
DEP00453,departamento,disponible,alquiler,350.0,dolar,3,2,Entre 1er y 2do anillo Sur,Santa Cruz de la Sierra,90.0,-17.792427,-63.179794,5.860786223465865,5.860786223465865,4.51085950651685,4.51085950651685,1.3862943611198906,1.3862943611198906,1.0986122886681098,1.0986122886681098,1,0,0,71095.44020000269,338544.4936065574,294155.68177753733,-0.7962918510829159,0.2826249270494829,-0.152679758003872,-0.8037047775075877,-0.016114366641495355,-1.222499172317344,0.277778441016013,0.8986208764902223,-0.9577110084976179,1.0265710855244083
DEP00454,departamento,disponible,venta,75000.0,dolar,1,1,Equipetrol,Santa Cruz de la Sierra,32.0,-17.75522,-63.193516,11.225256725762893,11.225256725762893,3.4965075614664802,3.4965075614664802,0.6931471805599453,0.6931471805599453,0.6931471805599453,0.6931471805599453,1,2,0,71095.44020000269,338544.4936065574,109656.35558668687,-1.6193472202043597,-0.7460403115800028,-0.7708567176005267,-0.8037047775075877,-0.016114366641495355,0.8280415687087431,-1.0385223952738374,0.8986208764902223,-0.9020617369492362,1.0209250825610716
DEP00455,departamento,disponible,alquiler,400.0,dolar,3,3,Entre 3er y 4to anillo Norte,Santa Cruz de la Sierra,158.0,-17.754328,-63.17165,5.993961427306569,5.993961427306569,5.0689042022202315,5.0689042022202315,1.3862943611198906,1.3862943611198906,1.3862943611198906,1.3862943611198906,1,0,0,71095.44020000269,338544.4936065574,544356.7072126968,-0.34348877297021685,0.2826249270494829,0.2859237748832662,-0.8037047775075877,-0.016114366641495355,-1.222499172317344,2.062824629641123,0.8986208764902223,-0.9007276022374568,1.029921985402955
DEP00456,departamento,disponible,venta,50000.0,dolar,1,1,Entre 5to y 6to anillo Norte,Santa Cruz de la Sierra,35.8,-17.738802,-63.168659,10.819798284210286,10.819798284210286,3.6054978451748854,3.6054978451748854,0.6931471805599453,0.6931471805599453,0.6931471805599453,0.6931471805599453,1,2,0,71095.44020000269,338544.4936065574,371269.9043009016,-1.5309114079342725,-0.7460403115800028,-0.7708567176005267,-0.8037047775075877,-0.016114366641495355,0.8280415687087431,0.8279458464641297,0.8986208764902223,-0.8775058807855721,1.0311526511122793
CAS00381,casa,disponible,alquiler,2800.0,dolar,3,4,Entre 7mo y 8vo anillo Norte,Santa Cruz de la Sierra,321.0,-17.723087,-63.167095,7.937731775260109,7.937731775260109,5.7745515455444085,5.7745515455444085,1.3862943611198906,1.3862943611198906,1.6094379124341003,1.6094379124341003,1,0,0,293318.67804873566,338544.4936065574,299803.402354987,0.22908057779926058,0.2826249270494829,0.6261311055427021,0.11763177455760256,-0.016114366641495355,-1.222499172317344,0.3180718094131331,0.8986208764902223,-0.8540014783241304,1.0317961687215658
CAS00382,casa,disponible,alquiler,700.0,dolar,3,2,Urubó,Santa Cruz de la Sierra,200.0,-17.795748,-63.27459,6.55250788703459,6.55250788703459,5.303304908059076,5.303304908059076,1.3862943611198906,1.3862943611198906,1.0986122886681098,1.0986122886681098,1,0,0,293318.67804873566,338544.4936065574,363867.0815300617,-0.15329368298403176,0.2826249270494829,-0.152679758003872,0.11763177455760256,-0.016114366641495355,-1.222499172317344,0.7751307928520517,0.8986208764902223,-0.9626781176655747,0.987566676771134
TER00161,terreno,disponible,venta,850000.0,dolar,0,0,Carretera Norte,Santa Cruz de la Sierra,4441.0,-17.675547,-63.14912,13.652992804936396,13.652992804936396,8.398860004454372,8.398860004454372,0.0,0.0,0.0,0.0,1,2,0,687663.6869501647,338544.4936065574,241093.2232523852,2.358470852916652,-1.7747055502094886,-1.8276372100843195,1.7525844210160881,-0.016114366641495355,0.8280415687087431,-0.10079290650209513,0.8986208764902223,-0.7828974825864993,1.0391920952093932
DEP00457,departamento,disponible,alquiler,350.0,dolar,1,1,Sirari,Santa Cruz de la Sierra,38.0,-17.764458,-63.201195,5.860786223465865,5.860786223465865,3.6635616461296463,3.6635616461296463,0.6931471805599453,0.6931471805599453,0.6931471805599453,0.6931471805599453,1,0,0,71095.44020000269,338544.4936065574,216778.5354302577,-1.483797855916544,-0.7460403115800028,-0.7708567176005267,-0.8037047775075877,-0.016114366641495355,-1.222499172317344,-0.27426478076404176,0.8986208764902223,-0.9158787060831078,1.0177655098489717
GAL00014,galpon,disponible,venta,890000.0,dolar,8,8,Entre 6to y 7mo anillo Norte,Santa Cruz de la Sierra,1846.0,-17.73201,-63.168213,13.698977865303197,13.698977865303197,7.52131798019924,7.52131798019924,2.1972245773362196,2.1972245773362196,2.1972245773362196,2.1972245773362196,1,2,0,367581.7512828929,338544.4936065574,557886.4069768668,1.6464244293678496,1.4860861078367409,1.5222776940765754,0.42552614465897515,-0.016114366641495355,0.8280415687087431,2.159351568150943,0.8986208764902223,-0.8673473124420704,1.031336160609556
DEP00458,departamento,disponible,venta,120000.0,dolar,2,2,Equipetrol,Santa Cruz de la Sierra,111.0,-17.770077,-63.196049,11.695255355062795,11.695255355062795,4.718498871295094,4.718498871295094,1.0986122886681098,1.0986122886681098,1.0986122886681098,1.0986122886681098,1,2,0,71095.44020000269,338544.4936065574,109656.35558668687,-0.6278111823607656,-0.1443097211863738,-0.152679758003872,-0.8037047775075877,-0.016114366641495355,0.8280415687087431,-1.0385223952738374,0.8986208764902223,-0.9242828573672838,1.0198828638242892
CAS00383,casa,disponible,venta,600000.0,dolar,4,6,Urubó,Santa Cruz de la Sierra,431.0,-17.745234,-63.22163,13.304686600863562,13.304686600863562,6.068425588244111,6.068425588244111,1.6094379124341003,1.6094379124341003,1.9459101490553132,1.9459101490553132,1,2,0,293318.67804873566,338544.4936065574,363867.0815300617,0.46753293141248664,0.6137811675983271,1.1391207070245153,0.11763177455760256,-0.016114366641495355,0.8280415687087431,0.7751307928520517,0.8986208764902223,-0.8871260091108661,1.0093574009322124
DEP00459,departamento,disponible,alquiler,700.0,dolar,1,2,Equipetrol,Santa Cruz de la Sierra,65.0,-17.756754,-63.197483,6.55250788703459,6.55250788703459,4.189654742026425,4.189654742026425,0.6931471805599453,0.6931471805599453,1.0986122886681098,1.0986122886681098,1,0,0,71095.44020000269,338544.4936065574,109656.35558668687,-1.0569206272106189,-0.7460403115800028,-0.152679758003872,-0.8037047775075877,-0.016114366641495355,-1.222499172317344,-1.0385223952738374,0.8986208764902223,-0.904356089693483,1.0192928355303523
CAS00384,casa,disponible,venta,780000.0,dolar,5,7,Urubó,Santa Cruz de la Sierra,750.0,-17.733871,-63.219486,13.567050480716235,13.567050480716235,6.621405651764134,6.621405651764134,1.791759469228055,1.791759469228055,2.0794415416798357,2.0794415416798357,1,2,0,293318.67804873566,338544.4936065574,363867.0815300617,0.9162265160387497,0.8843555174431118,1.3427042673670588,0.11763177455760256,-0.016114366641495355,0.8280415687087431,0.7751307928520517,0.8986208764902223,-0.8701307482028583,1.0102395631792143
CAS00385,casa,disponible,venta,240000.0,dolar,5,4,Las Palmas,Santa Cruz de la Sierra,250.0,-17.798025,-63.21056,12.388398368982115,12.388398368982115,5.5254529391317835,5.5254529391317835,1.791759469228055,1.791759469228055,1.6094379124341003,1.6094379124341003,1,2,0,293318.67804873566,338544.4936065574,347140.37653496256,0.026959463476953424,0.8843555174431118,0.6261311055427021,0.11763177455760256,-0.016114366641495355,0.8280415687087431,0.6557949869822386,0.8986208764902223,-0.9660837507807314,1.0139122218624057
DEP00460,departamento,disponible,alquiler,14300.0,dolar,2,1,Equipetrol,Santa Cruz de la Sierra,44.0,-17.770262,-63.193172,9.568084743872936,9.568084743872936,3.8066624897703196,3.8066624897703196,1.0986122886681098,1.0986122886681098,0.6931471805599453,0.6931471805599453,1,0,0,71095.44020000269,338544.4936065574,109656.35558668687,-1.367684392281971,-0.1443097211863738,-0.7708567176005267,-0.8037047775075877,-0.016114366641495355,-1.222499172317344,-1.0385223952738374,0.8986208764902223,-0.9245595557099708,1.0210666235186157
DEP00461,departamento,disponible,alquiler,857.0,dolar,2,2,Equipetrol,Santa Cruz de la Sierra,71.0,-17.764847,-63.19392,6.754604099487962,6.754604099487962,4.276666119016055,4.276666119016055,1.0986122886681098,1.0986122886681098,1.0986122886681098,1.0986122886681098,1,0,0,71095.44020000269,338544.4936065574,109656.35558668687,-0.9863187208846947,-0.1443097211863738,-0.152679758003872,-0.8037047775075877,-0.016114366641495355,-1.222499172317344,-1.0385223952738374,0.8986208764902223,-0.9164605204361123,1.0207588542272161
DEP00462,departamento,disponible,alquiler,3500.0,dolar,1,1,Equipetrol,Santa Cruz de la Sierra,41.0,-17.757751,-63.198345,8.160803920954665,8.160803920954665,3.7376696182833684,3.7376696182833684,0.6931471805599453,0.6931471805599453,0.6931471805599453,0.6931471805599453,1,0,0,71095.44020000269,338544.4936065574,109656.35558668687,-1.423665902038549,-0.7460403115800028,-0.7708567176005267,-0.8037047775075877,-0.016114366641495355,-1.222499172317344,-1.0385223952738374,0.8986208764902223,-0.9058472694105695,1.018938160223952
DEP00463,departamento,disponible,alquiler,600.0,dolar,2,2,Equipetrol,Santa Cruz de la Sierra,110.0,-17.768797,-63.191505,6.398594934535208,6.398594934535208,4.709530201312334,4.709530201312334,1.0986122886681098,1.0986122886681098,1.0986122886681098,1.0986122886681098,1,0,0,71095.44020000269,338544.4936065574,109656.35558668687,-0.6350884513788899,-0.1443097211863738,-0.152679758003872,-0.8037047775075877,-0.016114366641495355,-1.222499172317344,-1.0385223952738374,0.8986208764902223,-0.9223684039692135,1.0217525211239114
DEP00464,departamento,disponible,alquiler,240.0,dolar,1,1,Entre 1er y 2do anillo Sur,Santa Cruz de la Sierra,59.0,-17.797701,-63.176514,5.484796933490655,5.5254529391317835,4.0943445622221,4.0943445622221,0.6931471805599453,0.6931471805599453,0.6931471805599453,0.6931471805599453,1,0,0,71095.44020000269,338544.4936065574,294155.68177753733,-1.1342562655979287,-0.7460403115800028,-0.7708567176005267,-0.8037047775075877,-0.016114366641495355,-1.222499172317344,0.277778441016013,0.8986208764902223,-0.9655991547643467,1.0279206620963195
DEP00465,departamento,disponible,venta,138000.0,dolar,1,1,Equipetrol,Santa Cruz de la Sierra,51.0,-17.766022,-63.196701,11.835016210489899,11.835016210489899,3.9512437185814275,3.9512437185814275,0.6931471805599453,0.6931471805599453,0.6931471805599453,0.6931471805599453,1,2,0,71095.44020000269,338544.4936065574,109656.35558668687,-1.2503697292325013,-0.7460403115800028,-0.7708567176005267,-0.8037047775075877,-0.016114366641495355,0.8280415687087431,-1.0385223952738374,0.8986208764902223,-0.9182179288288702,1.019614594334997
CAS00386,casa,disponible,venta,240000.0,dolar,4,5,Entre 5to y 6to anillo Sur,Santa Cruz de la Sierra,226.0,-17.844734,-63.180958,12.388398368982115,12.388398368982115,5.424950017481403,5.424950017481403,1.6094379124341003,1.6094379124341003,1.791759469228055,1.791759469228055,1,2,0,293318.67804873566,338544.4936065574,284343.1042721047,-0.05458961786544981,0.6137811675983271,0.9041007344799207,0.11763177455760256,-0.016114366641495355,0.8280415687087431,0.20777111771988863,0.8986208764902223,-1.0359448474763384,1.0260921504238911
CAS00387,casa,disponible,venta,78000.0,dolar,3,2,Carretera Norte,Santa Cruz de la Sierra,160.0,-17.660294,-63.162872,11.264476926102367,11.264476926102367,5.081404364984463,5.081404364984463,1.3862943611198906,1.3862943611198906,1.0986122886681098,1.0986122886681098,1,2,0,293318.67804873566,338544.4936065574,241093.2232523852,-0.33334601519448065,0.2826249270494829,-0.152679758003872,0.11763177455760256,-0.016114366641495355,0.8280415687087431,-0.10079290650209513,0.8986208764902223,-0.7600840781484212,1.0335337485579006
DEP00466,departamento,disponible,alquiler,390.0,dolar,1,1,Entre 2do y 3er anillo Norte,Santa Cruz de la Sierra,50.0,-17.762798,-63.179367,5.968707559985366,5.968707559985366,3.9318256327243257,3.9318256327243257,0.6931471805599453,0.6931471805599453,0.6931471805599453,0.6931471805599453,1,0,0,71095.44020000269,338544.4936065574,401212.6233841972,-1.2661257593764128,-0.7460403115800028,-0.7708567176005267,-0.8037047775075877,-0.016114366641495355,-1.222499172317344,1.0415706167213592,0.8986208764902223,-0.9133958993324862,1.0267467773525205
TER00162,terreno,disponible,venta,1150680.0,dolar,0,0,Carretera Norte,Santa Cruz de la Sierra,47945.0,-17.524448,-63.158756,13.955864498986694,13.955864498986694,10.777830656602518,10.777830656602518,0.0,0.0,0.0,0.0,1,2,0,687663.6869501647,338544.4936065574,241093.2232523852,4.28879156436917,-1.7747055502094886,-1.8276372100843195,1.7525844210160881,-0.016114366641495355,0.8280415687087431,-0.10079290650209513,0.8986208764902223,-0.556903737278107,1.0352273025731398
DEP00467,departamento,disponible,venta,55000.0,dolar,1,1,Equipetrol,Santa Cruz de la Sierra,50.0,-17.771444,-63.192989,10.915106645867503,10.915106645867503,3.9318256327243257,3.9318256327243257,0.6931471805599453,0.6931471805599453,0.6931471805599453,0.6931471805599453,1,2,0,71095.44020000269,338544.4936065574,109656.35558668687,-1.2661257593764128,-0.7460403115800028,-0.7708567176005267,-0.8037047775075877,-0.016114366641495355,0.8280415687087431,-1.0385223952738374,0.8986208764902223,-0.9263274337697497,1.0211419200163776
DEP00468,departamento,disponible,alquiler,300.0,dolar,1,1,Equipetrol,Santa Cruz de la Sierra,54.0,-17.763426,-63.19339,5.707110264748875,5.707110264748875,4.007333185232471,4.007333185232471,0.6931471805599453,0.6931471805599453,0.6931471805599453,0.6931471805599453,1,0,0,71095.44020000269,338544.4936065574,109656.35558668687,-1.204858171923852,-0.7460403115800028,-0.7708567176005267,-0.8037047775075877,-0.016114366641495355,-1.222499172317344,-1.0385223952738374,0.8986208764902223,-0.914335178030912,1.0209769260513346
DEP00469,departamento,disponible,alquiler,350.0,dolar,1,1,Equipetrol,Santa Cruz de la Sierra,55.0,-17.767937,-63.198895,5.860786223465865,5.860786223465865,4.02535169073515,4.02535169073515,0.6931471805599453,0.6931471805599453,0.6931471805599453,0.6931471805599453,1,0,0,71095.44020000269,338544.4936065574,109656.35558668687,-1.1902377753545061,-0.7460403115800028,-0.7708567176005267,-0.8037047775075877,-0.016114366641495355,-1.222499172317344,-1.0385223952738374,0.8986208764902223,-0.9210821305923871,1.0187118592743953
CAS00388,casa,disponible,alquiler,350.0,dolar,3,2,Entre 3er y 4to anillo Norte,Santa Cruz de la Sierra,180.0,-17.753107,-63.181553,5.860786223465865,5.860786223465865,5.198497031265826,5.198497031265826,1.3862943611198906,1.3862943611198906,1.0986122886681098,1.0986122886681098,1,0,0,293318.67804873566,338544.4936065574,544356.7072126968,-0.2383358482224682,0.2826249270494829,-0.152679758003872,0.11763177455760256,-0.016114366641495355,-1.222499172317344,2.062824629641123,0.8986208764902223,-0.898901393175704,1.0258473339420948
TER00163,terreno,disponible,venta,4160000.0,dolar,0,0,Urubó,Santa Cruz de la Sierra,80000.0,-17.775497,-63.239193,15.241025872622032,15.241025872622032,11.289794413577894,10.819798284210286,0.0,0.0,0.0,0.0,1,2,0,687663.6869501647,338544.4936065574,363867.0815300617,4.322844519460755,-1.7747055502094886,-1.8276372100843195,1.7525844210160881,-0.016114366641495355,0.8280415687087431,0.7751307928520517,0.8986208764902223,-0.932389370974731,1.0021309944284165
DEP00470,departamento,disponible,alquiler,370.0,dolar,2,1,Entre 4to y 5to anillo Oeste,Santa Cruz de la Sierra,75.0,-17.786392,-63.221855,5.916202062607435,5.916202062607435,4.330733340286331,4.330733340286331,1.0986122886681098,1.0986122886681098,0.6931471805599453,0.6931471805599453,1,0,0,71095.44020000269,338544.4936065574,230627.24970349422,-0.9424480338148653,-0.1443097211863738,-0.7708567176005267,-0.8037047775075877,-0.016114366641495355,-1.222499172317344,-0.17546184984957416,0.8986208764902223,-0.9486846598590678,1.0092648232710295
DEP00471,departamento,disponible,alquiler,280.0,dolar,2,1,Equipetrol,Santa Cruz de la Sierra,55.0,-17.760206,-63.196232,5.638354669333745,5.638354669333745,4.02535169073515,4.02535169073515,1.0986122886681098,1.0986122886681098,0.6931471805599453,0.6931471805599453,1,0,0,71095.44020000269,338544.4936065574,109656.35558668687,-1.1902377753545061,-0.1443097211863738,-0.7708567176005267,-0.8037047775075877,-0.016114366641495355,-1.222499172317344,-1.0385223952738374,0.8986208764902223,-0.9095191312013978,1.0198075673265272
DEP00472,departamento,disponible,venta,63000.0,dolar,1,1,Equipetrol,Santa Cruz de la Sierra,36.0,-17.766256,-63.193943,11.050905878263567,11.050905878263567,3.6109179126442243,3.6109179126442243,0.6931471805599453,0.6931471805599453,0.6931471805599453,0.6931471805599453,1,2,0,71095.44020000269,338544.4936065574,109656.35558668687,-1.5265135106823298,-0.7460403115800028,-0.7708567176005267,-0.8037047775075877,-0.016114366641495355,0.8280415687087431,-1.0385223952738374,0.8986208764902223,-0.918567914840703,1.0207493907329623
DEP00473,departamento,disponible,alquiler,1500.0,dolar,3,4,Sirari,Santa Cruz de la Sierra,200.0,-17.761791,-63.20266,7.313886831633462,7.313886831633462,5.303304908059076,5.303304908059076,1.3862943611198906,1.3862943611198906,1.6094379124341003,1.6094379124341003,1,0,0,71095.44020000269,338544.4936065574,216778.5354302577,-0.15329368298403176,0.2826249270494829,0.6261311055427021,-0.8037047775075877,-0.016114366641495355,-1.222499172317344,-0.27426478076404176,0.8986208764902223,-0.9118897629482227,1.0171627264106022
TER00164,terreno,disponible,venta,95000.0,dolar,0,0,Cambodromo,Santa Cruz de la Sierra,336.0,-17.738955,-63.143433,11.461642696843066,11.461642696843066,5.820082930352362,5.820082930352362,0.0,0.0,0.0,0.0,1,2,0,687663.6869501647,338544.4936065574,242875.98890129305,0.26602520132227203,-1.7747055502094886,-1.8276372100843195,1.7525844210160881,-0.016114366641495355,0.8280415687087431,-0.08807385780411361,0.8986208764902223,-0.8777347177933114,1.0415320470278238
EDI00021,edificio,disponible,alquiler,900.0,dolar,4,5,Entre 4to y 5to anillo Sur,Santa Cruz de la Sierra,280.0,-17.827135,-63.184666,6.803505257608338,6.803505257608338,5.638354669333745,5.638354669333745,1.6094379124341003,1.6094379124341003,1.791759469228055,1.791759469228055,1,0,0,1171175.6402570198,338544.4936065574,241351.2689727632,0.1185690627676721,0.6137811675983271,0.9041007344799207,3.757222820917717,-0.016114366641495355,-1.222499172317344,-0.09895189274585402,0.8986208764902223,-1.009622608919614,1.024566470567597
DEP00474,departamento,disponible,alquiler,435.0,dolar,3,2,Entre 1er y 2do anillo Norte,Santa Cruz de la Sierra,102.0,-17.771942,-63.16967,6.077642243349034,6.077642243349034,4.634728988229636,4.634728988229636,1.3862943611198906,1.3862943611198906,1.0986122886681098,1.0986122886681098,1,0,0,71095.44020000269,338544.4936065574,204581.96379801774,-0.6957829079182863,0.2826249270494829,-0.152679758003872,-0.8037047775075877,-0.016114366641495355,-1.222499172317344,-0.36128058602925733,0.8986208764902223,-0.9270722757949361,1.0307366688213624
CAS00389,casa,disponible,venta,184348.0,dolar,3,3,Carretera Norte,Santa Cruz de la Sierra,195.0,-17.705896,-63.128601,12.124585979183244,12.124585979183244,5.278114659230517,5.278114659230517,1.3862943611198906,1.3862943611198906,1.3862943611198906,1.3862943611198906,1,2,0,293318.67804873566,338544.4936065574,241093.2232523852,-0.17373330421117994,0.2826249270494829,0.2859237748832662,0.11763177455760256,-0.016114366641495355,0.8280415687087431,-0.10079290650209513,0.8986208764902223,-0.8282894717880408,1.0476347664529944
DEP00475,departamento,disponible,venta,239500.0,dolar,3,3,Entre 2do y 3er anillo Norte,Santa Cruz de la Sierra,109.0,-17.765305,-63.189014,12.386312871189734,12.386312871189734,4.700480365792417,4.700480365792417,1.3862943611198906,1.3862943611198906,1.3862943611198906,1.3862943611198906,1,2,0,71095.44020000269,338544.4936065574,401212.6233841972,-0.6424315789301108,0.2826249270494829,0.2859237748832662,-0.8037047775075877,-0.016114366641495355,0.8280415687087431,1.0415706167213592,0.8986208764902223,-0.9171455357926113,1.0227774586972729
DEP00476,departamento,disponible,alquiler,370.0,dolar,1,2,Equipetrol,Santa Cruz de la Sierra,40.0,-17.765085,-63.194939,5.916202062607435,5.916202062607435,3.713572066704308,3.713572066704308,0.6931471805599453,0.6931471805599453,1.0986122886681098,1.0986122886681098,1,0,0,71095.44020000269,338544.4936065574,109656.35558668687,-1.4432188977286609,-0.7460403115800028,-0.152679758003872,-0.8037047775075877,-0.016114366641495355,-1.222499172317344,-1.0385223952738374,0.8986208764902223,-0.9168164891148148,1.0203395802861261
DEP00477,departamento,disponible,alquiler,522.0,dolar,3,3,Entre 4to y 5to anillo Oeste,Santa Cruz de la Sierra,147.0,-17.7931,-63.221359,6.259581464064923,6.259581464064923,4.997212273764115,4.997212273764115,1.3862943611198906,1.3862943611198906,1.3862943611198906,1.3862943611198906,1,0,0,71095.44020000269,338544.4936065574,230627.24970349422,-0.4016603246948476,0.2826249270494829,0.2859237748832662,-0.8037047775075877,-0.016114366641495355,-1.222499172317344,-0.17546184984957416,0.8986208764902223,-0.9587175921983196,1.0094689055819028
DEP00478,departamento,disponible,alquiler,280.0,dolar,1,1,Equipetrol,Santa Cruz de la Sierra,30.0,-17.767061,-63.195534,5.638354669333745,5.638354669333745,3.4339872044851463,3.4339872044851463,0.6931471805599453,0.6931471805599453,0.6931471805599453,0.6931471805599453,1,0,0,71095.44020000269,338544.4936065574,109656.35558668687,-1.6700768665997447,-0.7460403115800028,-0.7708567176005267,-0.8037047775075877,-0.016114366641495355,-1.222499172317344,-1.0385223952738374,0.8986208764902223,-0.9197719265480869,1.0200947638043298
OFI00102,oficina,disponible,alquiler,650.0,dolar,1,1,Centro,Santa Cruz de la Sierra,58.0,-17.790335,-63.178146,6.478509642208569,6.478509642208569,4.07753744390572,4.07753744390572,0.6931471805599453,0.6931471805599453,0.6931471805599453,0.6931471805599453,1,0,0,127588.56880770384,338544.4936065574,288595.4885427981,-1.1478937304219052,-0.7460403115800028,-0.7708567176005267,-0.5694845184983812,-0.016114366641495355,-1.222499172317344,0.2381095318881303,0.8986208764902223,-0.9545820737251483,1.0272491654605398
TER00165,terreno,disponible,venta,190000.0,dolar,0,0,Zona Nueva Santa Cruz,Santa Cruz de la Sierra,12430.0,-17.670828,-63.056309,12.154784614286667,12.154784614286667,9.427948631791715,9.427948631791715,0.0,0.0,0.0,0.0,1,2,0,687663.6869501647,338544.4936065574,263759.6866866579,3.1934837142463133,-1.7747055502094886,-1.8276372100843195,1.7525844210160881,-0.016114366641495355,0.8280415687087431,0.06091979668362544,0.8986208764902223,-0.7758394313478371,1.0773797632629
DEP00479,departamento,disponible,venta,86000.0,dolar,2,2,Entre 2do y 3er anillo Norte,Santa Cruz de la Sierra,83.0,-17.76705,-63.185287,11.362114203075018,11.362114203075018,4.430816798843313,4.430816798843313,1.0986122886681098,1.0986122886681098,1.0986122886681098,1.0986122886681098,1,2,0,71095.44020000269,338544.4936065574,401212.6233841972,-0.8612393090448079,-0.1443097211863738,-0.152679758003872,-0.8037047775075877,-0.016114366641495355,0.8280415687087431,1.0415706167213592,0.8986208764902223,-0.9197554742141962,1.0243109562227313
TER00166,terreno,disponible,venta,33553.0,dolar,0,0,Carretera Cotoca,Santa Cruz de la Sierra,479.0,-17.753128,-63.003487,10.420911360330345,10.420911360330345,6.173786103901937,6.173786103901937,0.0,0.0,0.0,0.0,1,2,0,687663.6869501647,338544.4936065574,1051546.0699277688,0.553023513383295,-1.7747055502094886,-1.8276372100843195,1.7525844210160881,-0.016114366641495355,0.8280415687087431,5.681340729849371,0.8986208764902223,-0.8989328021767665,1.0991137064584504
CAS00390,casa,disponible,venta,119900.0,dolar,3,3,Carretera Norte,Santa Cruz de la Sierra,120.0,-17.705877,-63.144951,11.694421681264394,11.694421681264394,4.795790545596741,4.795790545596741,1.3862943611198906,1.3862943611198906,1.3862943611198906,1.3862943611198906,1,2,0,293318.67804873566,338544.4936065574,241093.2232523852,-0.5650959405428011,0.2826249270494829,0.2859237748832662,0.11763177455760256,-0.016114366641495355,0.8280415687087431,-0.10079290650209513,0.8986208764902223,-0.828261054120416,1.0409074564070446
OFI00103,oficina,disponible,alquiler,7000.0,dolar,12,6,Entre 2do y 3er anillo Este,Santa Cruz de la Sierra,824.0,-17.772366,-63.159245,8.853808274977197,8.853808274977197,6.715383386334681,6.715383386334681,2.5649493574615367,2.5649493574615367,1.9459101490553132,1.9459101490553132,1,0,0,127588.56880770384,338544.4936065574,330053.4060606322,0.9924809949635348,2.031808155486145,1.1391207070245153,-0.5694845184983812,-0.016114366641495355,-1.222499172317344,0.5338888858089736,0.8986208764902223,-0.9277064384830499,1.0350261004561683
GAL00015,galpon,disponible,venta,338571.0,dolar,3,3,Entre 1er y 2do anillo Este,Santa Cruz de la Sierra,452.0,-17.785934,-63.169132,12.732492051818289,12.732492051818289,6.115892125483034,6.115892125483034,1.3862943611198906,1.3862943611198906,1.3862943611198906,1.3862943611198906,1,2,0,367581.7512828929,338544.4936065574,284036.80966702325,0.5060477570789953,0.2826249270494829,0.2859237748832662,0.42552614465897515,-0.016114366641495355,0.8280415687087431,0.20558587480792967,0.8986208764902223,-0.947999644502574,1.0309580322956597
TER00167,terreno,disponible,venta,450000.0,dolar,0,0,Entre 3er y 4to anillo Norte,Santa Cruz de la Sierra,783.0,-17.757792,-63.177647,13.017005083966255,13.017005083966255,6.664409020350408,6.664409020350408,0.0,0.0,0.0,0.0,1,2,0,687663.6869501647,338544.4936065574,544356.7072126968,0.9511198817763026,-1.7747055502094886,-1.8276372100843195,1.7525844210160881,-0.016114366641495355,0.8280415687087431,2.062824629641123,0.8986208764902223,-0.9059085917459757,1.0274544821402287
CAS00391,casa,disponible,alquiler,857.0,dolar,3,3,Entre 6to y 7mo anillo Oeste,Santa Cruz de la Sierra,197.0,-17.818106,-63.233002,6.754604099487962,6.754604099487962,5.288267030694535,5.288267030694535,1.3862943611198906,1.3862943611198906,1.3862943611198906,1.3862943611198906,1,0,0,293318.67804873566,338544.4936065574,234401.0588416865,-0.16549556790717876,0.2826249270494829,0.2859237748832662,0.11763177455760256,-0.016114366641495355,-1.222499172317344,-0.14853780504595088,0.8986208764902223,-0.9961182341296484,1.0046783202078962
CAS00392,casa,disponible,venta,196500.0,dolar,7,6,Entre 2do y 3er anillo Oeste,Santa Cruz de la Sierra,218.0,-17.780008,-63.198479,12.188422799337028,12.188422799337028,5.389071729816501,5.389071729816501,2.0794415416798357,2.0794415416798357,1.9459101490553132,1.9459101490553132,1,2,0,293318.67804873566,338544.4936065574,220026.08791509928,-0.08370162128948315,1.3112901656789684,1.1391207070245153,0.11763177455760256,-0.016114366641495355,0.8280415687087431,-0.25109528665288033,0.8986208764902223,-0.9391363235362008,1.0188830250835161
DEP00480,departamento,disponible,venta,137900.0,dolar,2,2,Entre 3er y 4to anillo Norte,Santa Cruz de la Sierra,92.0,-17.752611,-63.180656,11.834291315386718,11.834291315386718,4.532599493153256,4.532599493153256,1.0986122886681098,1.0986122886681098,1.0986122886681098,1.0986122886681098,1,2,0,71095.44020000269,338544.4936065574,544356.7072126968,-0.7786518072963047,-0.1443097211863738,-0.152679758003872,-0.8037047775075877,-0.016114366641495355,0.8280415687087431,2.062824629641123,0.8986208764902223,-0.8981595424839551,1.0262164102180111
DEP00481,departamento,disponible,venta,55000.0,dolar,1,2,Equipetrol,Santa Cruz de la Sierra,50.0,-17.768309,-63.196175,10.915106645867503,10.915106645867503,3.9318256327243257,3.9318256327243257,0.6931471805599453,0.6931471805599453,1.0986122886681098,1.0986122886681098,1,2,0,71095.44020000269,338544.4936065574,109656.35558668687,-1.2661257593764128,-0.7460403115800028,-0.152679758003872,-0.8037047775075877,-0.016114366641495355,0.8280415687087431,-1.0385223952738374,0.8986208764902223,-0.9216385186111988,1.019831020334029
DEP00482,departamento,disponible,venta,155000.0,dolar,4,3,Centro,Santa Cruz de la Sierra,172.0,-17.784637,-63.173317,11.951186847493476,11.951186847493476,5.153291594497779,5.153291594497779,1.6094379124341003,1.6094379124341003,1.3862943611198906,1.3862943611198906,1,2,0,71095.44020000269,338544.4936065574,288595.4885427981,-0.2750159942279784,0.6137811675983271,0.2859237748832662,-0.8037047775075877,-0.016114366641495355,0.8280415687087431,0.2381095318881303,0.8986208764902223,-0.9460597647703111,1.0292360877976594
CAS00393,casa,disponible,venta,140000.0,dolar,2,1,Entre 6to y 7mo anillo Norte,Santa Cruz de la Sierra,119.0,-17.730759,-63.165836,11.849404844423074,11.849404844423074,4.787491742782046,4.787491742782046,1.0986122886681098,1.0986122886681098,0.6931471805599453,0.6931471805599453,1,2,0,293318.67804873566,338544.4936065574,557886.4069768668,-0.5718296726041875,-0.1443097211863738,-0.7708567176005267,0.11763177455760256,-0.016114366641495355,0.8280415687087431,2.159351568150943,0.8986208764902223,-0.8654762333788022,1.0323141921679195
TER00168,terreno,disponible,venta,155000.0,dolar,0,0,Urubó,Santa Cruz de la Sierra,931.0,-17.734976,-63.219616,11.951186847493476,11.951186847493476,6.837332814685591,6.837332814685591,0.0,0.0,0.0,0.0,1,2,0,687663.6869501647,338544.4936065574,363867.0815300617,1.0914319875211755,-1.7747055502094886,-1.8276372100843195,1.7525844210160881,-0.016114366641495355,0.8280415687087431,0.7751307928520517,0.8986208764902223,-0.8717834599254081,1.0101860738638648
CAS00394,casa,disponible,alquiler,750.0,dolar,3,3,Entre 4to y 5to anillo Oeste,Santa Cruz de la Sierra,160.0,-17.800327,-63.218704,6.621405651764134,6.621405651764134,5.081404364984463,5.081404364984463,1.3862943611198906,1.3862943611198906,1.3862943611198906,1.3862943611198906,1,0,0,293318.67804873566,338544.4936065574,230627.24970349422,-0.33334601519448065,0.2826249270494829,0.2859237748832662,0.11763177455760256,-0.016114366641495355,-1.222499172317344,-0.17546184984957416,0.8986208764902223,-0.9695267755638204,1.010561321983859
CAS00395,casa,disponible,venta,310000.0,dolar,3,2,Equipetrol,Santa Cruz de la Sierra,170.0,-17.770378,-63.195541,12.644330802262578,12.644330802262578,5.14166355650266,5.14166355650266,1.3862943611198906,1.3862943611198906,1.0986122886681098,1.0986122886681098,1,2,0,293318.67804873566,338544.4936065574,109656.35558668687,-0.2844511011954675,0.2826249270494829,-0.152679758003872,0.11763177455760256,-0.016114366641495355,0.8280415687087431,-1.0385223952738374,0.8986208764902223,-0.9247330530491737,1.0200918836104278
DEP00483,departamento,disponible,venta,120000.0,dolar,1,1,Equipetrol,Santa Cruz de la Sierra,88.0,-17.766844,-63.194393,11.695255355062795,11.695255355062795,4.48863636973214,4.48863636973214,0.6931471805599453,0.6931471805599453,0.6931471805599453,0.6931471805599453,1,2,0,71095.44020000269,338544.4936065574,109656.35558668687,-0.814323927758697,-0.7460403115800028,-0.7708567176005267,-0.8037047775075877,-0.016114366641495355,0.8280415687087431,-1.0385223952738374,0.8986208764902223,-0.9194473668704414,1.0205642354105964
DEP00484,departamento,disponible,venta,165000.0,dolar,2,2,Entre 2do y 3er anillo Norte,Santa Cruz de la Sierra,112.0,-17.763302,-63.175858,12.013706813470414,12.013706813470414,4.727387818712341,4.727387818712341,1.0986122886681098,1.0986122886681098,1.0986122886681098,1.0986122886681098,1,2,0,71095.44020000269,338544.4936065574,401212.6233841972,-0.6205986010340352,-0.1443097211863738,-0.152679758003872,-0.8037047775075877,-0.016114366641495355,0.8280415687087431,1.0415706167213592,0.8986208764902223,-0.9141497153579747,1.0281905774107012
OFI00104,oficina,disponible,venta,47583.0,dolar,1,1,Centro,Santa Cruz de la Sierra,54.0,-17.791233,-63.177204,10.770251849259882,10.770251849259882,4.007333185232471,4.007333185232471,0.6931471805599453,0.6931471805599453,0.6931471805599453,0.6931471805599453,1,2,0,127588.56880770384,338544.4936065574,288595.4885427981,-1.204858171923852,-0.7460403115800028,-0.7708567176005267,-0.5694845184983812,-0.016114366641495355,0.8280415687087431,0.2381095318881303,0.8986208764902223,-0.9559251824372297,1.0276367572686897
DEP00485,departamento,disponible,venta,112000.0,dolar,2,3,Equipetrol,Santa Cruz de la Sierra,90.0,-17.772329,-63.191868,11.626263078808801,11.626263078808801,4.51085950651685,4.51085950651685,1.0986122886681098,1.0986122886681098,1.3862943611198906,1.3862943611198906,1,2,0,71095.44020000269,338544.4936065574,109656.35558668687,-0.7962918510829159,-0.1443097211863738,0.2859237748832662,-0.8037047775075877,-0.016114366641495355,0.8280415687087431,-1.0385223952738374,0.8986208764902223,-0.9276510988145082,1.021603162497203
CAS00396,casa,disponible,venta,250000.0,dolar,5,4,Entre 4to y 5to anillo Oeste,Santa Cruz de la Sierra,192.0,-17.791067,-63.218433,12.429220196836383,12.429220196836383,5.262690188904886,5.262690188904886,1.791759469228055,1.791759469228055,1.6094379124341003,1.6094379124341003,1,2,0,293318.67804873566,338544.4936065574,230627.24970349422,-0.18624887455075745,0.8843555174431118,0.6261311055427021,0.11763177455760256,-0.016114366641495355,0.8280415687087431,-0.17546184984957416,0.8986208764902223,-0.9556769017621729,1.0106728266335523
DEP00486,departamento,disponible,alquiler,350.0,dolar,1,1,Equipetrol,Santa Cruz de la Sierra,55.0,-17.756952,-63.199104,5.860786223465865,5.860786223465865,4.02535169073515,4.02535169073515,0.6931471805599453,0.6931471805599453,0.6931471805599453,0.6931471805599453,1,0,0,71095.44020000269,338544.4936065574,109656.35558668687,-1.1902377753545061,-0.7460403115800028,-0.7708567176005267,-0.8037047775075877,-0.016114366641495355,-1.222499172317344,-1.0385223952738374,0.8986208764902223,-0.904652231703493,1.018625864913564
TER00169,terreno,disponible,venta,1500000.0,dolar,0,0,Urubó,Santa Cruz de la Sierra,10000.0,-17.761992,-63.222576,14.220976332738882,14.220976332738882,9.210440366976517,9.210440366976517,0.0,0.0,0.0,0.0,1,2,0,687663.6869501647,338544.4936065574,363867.0815300617,3.0169953207868345,-1.7747055502094886,-1.8276372100843195,1.7525844210160881,-0.016114366641495355,0.8280415687087431,0.7751307928520517,0.8986208764902223,-0.9121903919583889,1.008968163298973
DEP00487,departamento,disponible,venta,190000.0,dolar,3,4,Entre 1er y 2do anillo Norte,Santa Cruz de la Sierra,200.0,-17.773577,-63.183918,12.154784614286667,12.154784614286667,5.303304908059076,5.303304908059076,1.3862943611198906,1.3862943611198906,1.6094379124341003,1.6094379124341003,1,2,0,71095.44020000269,338544.4936065574,204581.96379801774,-0.15329368298403176,0.2826249270494829,0.6261311055427021,-0.8037047775075877,-0.016114366641495355,0.8280415687087431,-0.36128058602925733,0.8986208764902223,-0.9295176908776255,1.0248742398589963
TER00170,terreno,disponible,venta,710000.0,dolar,0,0,Entre 8vo y 9no anillo Norte,Santa Cruz de la Sierra,7100.0,-17.723967,-63.131466,13.47302165746721,13.47302165746721,8.867990898182093,8.867990898182093,0.0,0.0,0.0,0.0,1,2,0,687663.6869501647,338544.4936065574,261562.36069303774,2.73912837793788,-1.7747055502094886,-1.8276372100843195,1.7525844210160881,-0.016114366641495355,0.8280415687087431,0.04524308879141491,0.8986208764902223,-0.8553176650353005,1.0464559442339332
EDI00022,edificio,disponible,venta,2000000.0,dolar,72,20,Entre 2do y 3er anillo Este,Santa Cruz de la Sierra,2287.0,-17.789919,-63.162598,14.508658238524095,14.508658238524095,7.7354333524996886,7.7354333524996886,4.290459441148391,3.713572066704308,3.044522437723423,3.044522437723423,1,2,0,1171175.6402570198,338544.4936065574,330053.4060606322,1.8201597957199793,3.7364219610908527,2.814078159104963,3.757222820917717,-0.016114366641495355,0.8280415687087431,0.5338888858089736,0.8986208764902223,-0.9539598763707794,1.0336464875764066
DEP00488,departamento,disponible,venta,255000.0,dolar,3,2,Sirari,Santa Cruz de la Sierra,220.0,-17.759064,-63.201324,12.449022745701502,12.449022745701502,5.3981627015177525,5.3981627015177525,1.3862943611198906,1.3862943611198906,1.0986122886681098,1.0986122886681098,1,2,0,71095.44020000269,338544.4936065574,216778.5354302577,-0.07632511542703853,0.2826249270494829,-0.152679758003872,-0.8037047775075877,-0.016114366641495355,0.8280415687087431,-0.27426478076404176,0.8986208764902223,-0.9078110798103064,1.017712431989893
DEP00489,departamento,disponible,alquiler,350.0,dolar,2,2,Entre 2do y 3er anillo Oeste,Santa Cruz de la Sierra,105.0,-17.794081,-63.194862,5.860786223465865,5.860786223465865,4.663439094112067,4.663439094112067,1.0986122886681098,1.0986122886681098,1.0986122886681098,1.0986122886681098,1,0,0,71095.44020000269,338544.4936065574,220026.08791509928,-0.6724872392799157,-0.1443097211863738,-0.152679758003872,-0.8037047775075877,-0.016114366641495355,-1.222499172317344,-0.25109528665288033,0.8986208764902223,-0.9601848412479322,1.0203712624190633
DEP00490,departamento,disponible,alquiler,550.0,dolar,3,3,Las Palmas,Santa Cruz de la Sierra,148.0,-17.798677,-63.208931,6.311734809152915,6.311734809152915,5.003946305945459,5.003946305945459,1.3862943611198906,1.3862943611198906,1.3862943611198906,1.3862943611198906,1,0,0,71095.44020000269,338544.4936065574,347140.37653496256,-0.3961962632615973,0.2826249270494829,0.2859237748832662,-0.8037047775075877,-0.016114366641495355,-1.222499172317344,0.6557949869822386,0.8986208764902223,-0.967058925480376,1.0145824841293698
DEP00491,departamento,disponible,venta,135000.0,dolar,3,4,Alalay,Cochabamba,165.0,-17.426811,-66.135574,11.813037464800539,11.813037464800539,5.111987788356544,5.111987788356544,1.3862943611198906,1.3862943611198906,1.6094379124341003,1.6094379124341003,1,2,0,71095.44020000269,288562.9015825762,251669.12481092036,-0.30853031790584856,0.2826249270494829,0.6261311055427021,-0.8037047775075877,-0.016114366641495355,0.8280415687087431,-0.025339687493486605,0.14817321660088456,-0.41087132600685494,-0.1896031339020543
GAL00016,galpon,disponible,alquiler,3000.0,dolar,4,5,La Chimba,Cochabamba,960.0,-17.392492,-66.21801,8.006700845440367,8.006700845440367,6.8679744089702925,6.8679744089702925,1.6094379124341003,1.6094379124341003,1.791759469228055,1.791759469228055,1,0,0,367581.7512828929,288562.9015825762,222651.77630915024,1.1162948852733086,0.6137811675983271,0.9041007344799207,0.42552614465897515,-0.016114366641495355,-1.222499172317344,-0.23236244951855575,0.14817321660088456,-0.3595415399378631,-0.22352194313435214
CAS00397,casa,disponible,venta,380000.0,dolar,6,4,Cala Cala,Cochabamba,330.0,-17.379032,-66.17305,12.847929163278053,12.847929163278053,5.802118375377063,5.802118375377063,1.9459101490553132,1.9459101490553132,1.6094379124341003,1.6094379124341003,1,2,0,293318.67804873566,288562.9015825762,305527.0822573876,0.25144858075339965,1.1131228706065581,0.6261311055427021,0.11763177455760256,-0.016114366641495355,0.8280415687087431,0.35890710565910355,0.14817321660088456,-0.339409865923797,-0.2050228691486639
CAS00398,casa,disponible,venta,175000.0,dolar,3,3,Tiquipaya,Cochabamba,170.0,-17.361904,-66.217827,12.07254696717504,12.07254696717504,5.14166355650266,5.14166355650266,1.3862943611198906,1.3862943611198906,1.3862943611198906,1.3862943611198906,1,2,0,293318.67804873566,288562.9015825762,258029.058321659,-0.2844511011954675,0.2826249270494829,0.2859237748832662,0.11763177455760256,-0.016114366641495355,0.8280415687087431,0.020034926993036425,0.14817321660088456,-0.3137920863908948,-0.22344664663658725
CAS00399,casa,disponible,venta,165000.0,dolar,3,3,Tiquipaya,Cochabamba,175.0,-17.344427,-66.224823,12.013706813470414,12.013706813470414,5.170483995038151,5.170483995038151,1.3862943611198906,1.3862943611198906,1.3862943611198906,1.3862943611198906,1,2,0,293318.67804873566,288562.9015825762,258029.058321659,-0.2610659075328353,0.2826249270494829,0.2859237748832662,0.11763177455760256,-0.016114366641495355,0.8280415687087431,0.020034926993036425,0.14817321660088456,-0.28765231917367556,-0.22632519471496543
CAS00400,casa,disponible,venta,160000.0,dolar,6,5,Pacata,Cochabamba,297.0,-17.384478,-66.117729,11.982935344196433,11.982935344196433,5.697093486505405,5.697093486505405,1.9459101490553132,1.9459101490553132,1.791759469228055,1.791759469228055,1,2,0,293318.67804873566,288562.9015825762,247890.44383891596,0.16623032973214397,1.1131228706065581,0.9041007344799207,0.11763177455760256,-0.016114366641495355,0.8280415687087431,-0.0522984901417783,0.14817321660088456,-0.3475552668658952,-0.1822606967295735
CAS00401,casa,disponible,venta,205000.0,dolar,3,3,Sacaba,Cochabamba,244.0,-17.380852,-66.098183,12.230770136157428,12.230770136157428,5.501258210544727,5.501258210544727,1.3862943611198906,1.3862943611198906,1.3862943611198906,1.3862943611198906,1,2,0,293318.67804873566,288562.9015825762,267057.11265276815,0.007327617385285767,0.2826249270494829,0.2859237748832662,0.11763177455760256,-0.016114366641495355,0.8280415687087431,0.08444511055011067,0.14817321660088456,-0.3421319793491787,-0.17421837243855764
CAS00402,casa,disponible,venta,400000.0,dolar,3,2,Villa Tunari (Chapare),Cochabamba,360.0,-17.032192,-65.463188,12.899222326086994,12.899222326086994,5.8888779583328805,5.8888779583328805,1.3862943611198906,1.3862943611198906,1.0986122886681098,1.0986122886681098,1,2,0,293318.67804873566,288562.9015825762,309923.65021220123,0.32184617886810246,0.2826249270494829,-0.152679758003872,0.11763177455760256,-0.016114366641495355,0.8280415687087431,0.39027419081441705,0.14817321660088456,0.17934717828405156,0.08705430295159652
DEP00492,departamento,disponible,venta,190000.0,dolar,4,4,Las Cuadras,Cochabamba,219.0,-17.391134,-66.148277,12.154784614286667,12.154784614286667,5.393627546352362,5.393627546352362,1.6094379124341003,1.6094379124341003,1.6094379124341003,1.6094379124341003,1,2,0,71095.44020000269,288562.9015825762,240684.62034924037,-0.08000498593636962,0.6137811675983271,0.6261311055427021,-0.8037047775075877,-0.016114366641495355,0.8280415687087431,-0.10370806263965011,0.14817321660088456,-0.3575104245358503,-0.19482986292429527
DEP00493,departamento,disponible,anticretico,12500.0,dolar,1,1,Sarco,Cochabamba,51.0,-17.38242,-66.190117,9.433563920090563,9.433563920090563,3.9512437185814275,3.9512437185814275,0.6931471805599453,0.6931471805599453,0.6931471805599453,0.6931471805599453,1,1,0,71095.44020000269,288562.9015825762,224740.14608768673,-1.2503697292325013,-0.7460403115800028,-0.7708567176005267,-0.8037047775075877,-0.016114366641495355,-0.1972288018043005,-0.2174630840697818,0.14817321660088456,-0.3444771847618109,-0.21204519334158356
DEP00494,departamento,disponible,venta,120000.0,dolar,3,3,Villa Taquiña,Cochabamba,135.0,-17.34745,-66.197639,11.695255355062795,11.695255355062795,4.912654885736052,4.912654885736052,1.3862943611198906,1.3862943611198906,1.3862943611198906,1.3862943611198906,1,2,0,71095.44020000269,288562.9015825762,248371.6988448101,-0.47027103969862877,0.2826249270494829,0.2859237748832662,-0.8037047775075877,-0.016114366641495355,0.8280415687087431,-0.04886500135997184,0.14817321660088456,-0.29217371965989325,-0.21514016741899092
CAS00403,casa,disponible,venta,92400.0,dolar,3,3,Pacata,Cochabamba,160.0,-17.367395,-66.128571,11.433893080082035,11.433893080082035,5.081404364984463,5.081404364984463,1.3862943611198906,1.3862943611198906,1.3862943611198906,1.3862943611198906,1,2,0,293318.67804873566,288562.9015825762,247890.44383891596,-0.33334601519448065,0.2826249270494829,0.2859237748832662,0.11763177455760256,-0.016114366641495355,0.8280415687087431,-0.0522984901417783,0.14817321660088456,-0.32200479233526363,-0.18672170562976825
CAS00404,casa,disponible,venta,381000.0,dolar,5,6,Noroeste,Cochabamba,546.0,-17.385492,-66.164177,12.850557278777309,12.850557278777309,6.304448802421981,6.304448802421981,1.791759469228055,1.791759469228055,1.9459101490553132,1.9459101490553132,1,2,0,293318.67804873566,288562.9015825762,268561.18067245366,0.6590445409818363,0.8843555174431118,1.1391207070245153,0.11763177455760256,-0.016114366641495355,0.8280415687087431,0.09517580552349446,0.14817321660088456,-0.34907187291717434,-0.20137201764788198
DEP00495,departamento,disponible,venta,50000.0,dolar,2,2,Noroeste,Cochabamba,65.0,-17.38759,-66.172806,10.819798284210286,10.819798284210286,4.189654742026425,4.189654742026425,1.0986122886681098,1.0986122886681098,1.0986122886681098,1.0986122886681098,1,2,0,71095.44020000269,288562.9015825762,268561.18067245366,-1.0569206272106189,-0.1443097211863738,-0.152679758003872,-0.8037047775075877,-0.016114366641495355,0.8280415687087431,0.09517580552349446,0.14817321660088456,-0.35220978168994604,-0.20492247381831072
DEP00496,departamento,disponible,anticretico,20000.0,dolar,1,1,Muyurina,Cochabamba,52.0,-17.379812,-66.148422,9.90353755128617,9.90353755128617,3.970291913552122,3.970291913552122,0.6931471805599453,0.6931471805599453,0.6931471805599453,0.6931471805599453,1,1,0,71095.44020000269,288562.9015825762,226388.85907074186,-1.2349138322736566,-0.7460403115800028,-0.7708567176005267,-0.8037047775075877,-0.016114366641495355,-0.1972288018043005,-0.20570042713653916,0.14817321660088456,-0.3405764859632486,-0.1948895240837256
DEP00497,departamento,disponible,alquiler,140.0,dolar,1,1,Las Cuadras,Cochabamba,31.0,-17.395742,-66.142418,4.948759890378168,5.5254529391317835,3.4657359027997265,3.4657359027997265,0.6931471805599453,0.6931471805599453,0.6931471805599453,0.6931471805599453,1,0,0,71095.44020000269,288562.9015825762,240684.62034924037,-1.6443156535040921,-0.7460403115800028,-0.7708567176005267,-0.8037047775075877,-0.016114366641495355,-1.222499172317344,-0.10370806263965011,0.14817321660088456,-0.3644024567688928,-0.1924191406271001
CAS00405,casa,disponible,venta,2500000.0,dolar,28,7,Sudoeste,Cochabamba,800.0,-17.39431,-66.155098,14.731801689838349,14.731801689838349,6.68586094706836,6.68586094706836,3.367295829986474,3.367295829986474,2.0794415416798357,2.0794415416798357,1,2,0,293318.67804873566,288562.9015825762,771563.2854676346,0.9685261908481834,3.2225306294009224,1.3427042673670588,0.11763177455760256,-0.016114366641495355,0.8280415687087431,3.6838181321223327,0.14817321660088456,-0.3622606620298073,-0.19763640615508732
TER00171,terreno,disponible,venta,550000.0,dolar,0,0,16 de Julio,El Alto,488.0,-16.494692,-68.172951,13.217675375388819,13.217675375388819,6.192362489474872,6.192362489474872,0.0,0.0,0.0,0.0,1,2,0,687663.6869501647,594690.7557481796,342897.9098733036,0.5680965794520111,-1.7747055502094886,-1.8276372100843195,1.7525844210160881,-0.016114366641495355,0.8280415687087431,0.6255273294792681,4.744524042626908,0.9832680388010544,-1.027894678825024
CAS00406,casa,disponible,venta,160000.0,dolar,2,1,Tejada Rectangular,El Alto,140.0,-16.515451,-68.153603,11.982935344196433,11.982935344196433,4.948759890378168,4.948759890378168,1.0986122886681098,1.0986122886681098,0.6931471805599453,0.6931471805599453,1,2,0,293318.67804873566,594690.7557481796,257164.8347544374,-0.44097507583928736,-0.1443097211863738,-0.7708567176005267,0.11763177455760256,-0.016114366641495355,0.8280415687087431,0.013869168950655176,4.744524042626908,0.9522194934178524,-1.0199338228758479
LOC00042,local comercial,disponible,alquiler,24000.0,dolar,4,2,Ciudad Satélite,El Alto,400.0,-16.524839,-68.148575,10.085850775128717,10.085850775128717,5.993961427306569,5.993961427306569,1.6094379124341003,1.6094379124341003,1.0986122886681098,1.0986122886681098,1,0,0,225639.55594352554,594690.7557481796,227268.1726617046,0.40711196237326097,0.6137811675983271,-0.152679758003872,-0.16296556355542782,-0.016114366641495355,-1.222499172317344,-0.19942701010547648,4.744524042626908,0.9381781742763926,-1.0178650207406117
LOC00043,local comercial,disponible,venta,5500000.0,dolar,5,11,Villa Bolívar,El Alto,5454.0,-16.515665,-68.162292,15.520258832020865,15.520258832020865,8.604287898267172,8.604287898267172,1.791759469228055,1.791759469228055,2.4849066497880004,2.4849066497880004,1,2,0,225639.55594352554,594690.7557481796,953322.7398864848,2.5251571118576144,0.8843555174431118,1.9608812269637137,-0.16296556355542782,-0.016114366641495355,0.8280415687087431,4.980571495913123,4.744524042626908,0.9518994207403633,-1.0235089664225883
GAL00017,galpon,disponible,venta,2900000.0,dolar,12,13,Pedro D. Murillo,El Alto,2790.0,-16.498135,-68.188499,14.88022163978423,14.88022163978423,7.934155233536322,7.934155233536322,2.5649493574615367,2.5649493574615367,2.6390573296152584,2.6390573296152584,1,2,0,367581.7512828929,594690.7557481796,859494.6445639075,1.9814047284548324,2.031808155486145,2.1959011995083078,0.42552614465897515,-0.016114366641495355,0.8280415687087431,4.311159835228603,4.744524042626908,0.9781184582935928,-1.034292000940891
TER00172,terreno,disponible,venta,18000.0,dolar,0,0,Villa Mercedes,El Alto,294.0,-16.594328,-68.213722,9.798182590890704,9.798182590890704,5.68697535633982,5.68697535633982,0.0,0.0,0.0,0.0,1,2,0,687663.6869501647,594690.7557481796,225949.2022752605,0.15802037716204234,-1.7747055502094886,-1.8276372100843195,1.7525844210160881,-0.016114366641495355,0.8280415687087431,-0.20883713565207052,4.744524042626908,0.8342457897620356,-1.0446701624876253
CAS00407,casa,disponible,venta,280000.0,dolar,14,7,Mercedario,El Alto,703.0,-16.524059,-68.232826,12.54254845357358,12.54254845357358,6.556778356158042,6.556778356158042,2.70805020110221,2.70805020110221,2.0794415416798357,2.0794415416798357,1,2,0,293318.67804873566,594690.7557481796,283544.2424833193,0.8637872784546471,2.2441769966214418,1.3427042673670588,0.11763177455760256,-0.016114366641495355,0.8280415687087431,0.20207167988253602,4.744524042626908,0.9393447943158388,-1.0525306231064542
GAL00018,galpon,disponible,venta,847500.0,dolar,4,5,Villa Bolívar,El Alto,1500.0,-16.527334,-68.176468,13.65004729817705,13.65004729817705,7.313886831633462,7.313886831633462,1.6094379124341003,1.6094379124341003,1.791759469228055,1.791759469228055,1,2,0,367581.7512828929,594690.7557481796,953322.7398864848,1.4781127093744368,0.6137811675983271,0.9041007344799207,0.42552614465897515,-0.016114366641495355,0.8280415687087431,4.980571495913123,4.744524042626908,0.9344464858168768,-1.0293417705333803
TER00173,terreno,disponible,venta,6458.0,dolar,0,0,Trinidad,Trinidad,312.0,-14.798318,-64.870636,8.773229786032473,8.773229786032473,5.746203190540153,5.746203190540153,0.0,0.0,0.0,0.0,1,2,0,687663.6869501647,223411.94290853755,223411.94290853755,0.20607843746141688,-1.7747055502094886,-1.8276372100843195,1.7525844210160881,-0.016114366641495355,0.8280415687087431,-0.2269390804952019,-0.8300346094527697,3.52047817059394,0.33086353979249317
TER00174,terreno,disponible,venta,300000.0,dolar,0,0,Miraflores,Tarija,9966.0,-21.552942,-64.739265,12.611541086966115,12.611541086966115,9.207034914967457,9.207034914967457,0.0,0.0,0.0,0.0,1,2,0,687663.6869501647,264817.02869199926,387897.8094654558,3.0142321027794954,-1.7747055502094886,-1.8276372100843195,1.7525844210160881,-0.016114366641495355,0.8280415687087431,0.9465767700871803,-0.20835873888811005,-6.58218813368294,0.38491696169137446
DEP00498,departamento,disponible,venta,170000.0,dolar,3,3,Miraflores,Tarija,174.0,-21.552231,-64.726768,12.04355959836804,12.04355959836804,5.1647859739235145,5.1647859739235145,1.3862943611198906,1.3862943611198906,1.3862943611198906,1.3862943611198906,1,2,0,71095.44020000269,264817.02869199926,387897.8094654558,-0.26568933916783494,0.2826249270494829,0.2859237748832662,-0.8037047775075877,-0.016114366641495355,0.8280415687087431,0.9465767700871803,-0.20835873888811005,-6.581124714646977,0.3900589307216027
DEP00499,departamento,disponible,venta,165000.0,dolar,3,3,Miraflores,Tarija,178.0,-21.552231,-64.726768,12.013706813470414,12.013706813470414,5.187385805840755,5.187385805840755,1.3862943611198906,1.3862943611198906,1.3862943611198906,1.3862943611198906,1,2,0,71095.44020000269,264817.02869199926,387897.8094654558,-0.24735160827325547,0.2826249270494829,0.2859237748832662,-0.8037047775075877,-0.016114366641495355,0.8280415687087431,0.9465767700871803,-0.20835873888811005,-6.581124714646977,0.3900589307216027
DEP00500,departamento,disponible,venta,195000.0,dolar,3,3,Miraflores,Tarija,225.0,-21.552231,-64.726768,12.180759965737863,12.180759965737863,5.420534999272286,5.420534999272286,1.3862943611198906,1.3862943611198906,1.3862943611198906,1.3862943611198906,1,2,0,71095.44020000269,264817.02869199926,387897.8094654558,-0.05817200804029392,0.2826249270494829,0.2859237748832662,-0.8037047775075877,-0.016114366641495355,0.8280415687087431,0.9465767700871803,-0.20835873888811005,-6.581124714646977,0.3900589307216027
QUI00013,quinta propiedad agricola,disponible,venta,3300000.0,dolar,1,12,Porongo,Porongo,9.0,-17.874277,-63.33897,15.009433329466965,15.009433329466965,2.302585092994046,3.4011973816621555,0.6931471805599453,0.6931471805599453,2.5649493574615367,2.5649493574615367,1,2,0,1140720.0707306254,515049.1873235338,515049.1873235338,-1.6966828585916696,-0.7460403115800028,2.0829152976594116,3.6309541656219544,-0.016114366641495355,0.8280415687087431,1.8537316549611982,3.548747232926331,-1.080131329303788,0.96107712198469
TER00175,terreno,disponible,venta,265000.0,dolar,0,0,Porongo,Porongo,752.0,-17.778595,-63.245415,12.487488878546145,12.487488878546145,6.6240652277998935,6.6240652277998935,0.0,0.0,0.0,0.0,1,2,0,687663.6869501647,515049.1873235338,515049.1873235338,0.9183845227803936,-1.7747055502094886,-1.8276372100843195,1.7525844210160881,-0.016114366641495355,0.8280415687087431,1.8537316549611982,3.548747232926331,-0.9370229464647402,0.999570913504507
CAS00408,casa,disponible,venta,128000.0,dolar,2,2,Porongo,Porongo,170.0,-17.848135,-63.301205,11.759793355371237,11.759793355371237,5.14166355650266,5.14166355650266,1.0986122886681098,1.0986122886681098,1.0986122886681098,1.0986122886681098,1,2,0,293318.67804873566,515049.1873235338,515049.1873235338,-0.2844511011954675,-0.1443097211863738,-0.152679758003872,0.11763177455760256,-0.016114366641495355,0.8280415687087431,1.8537316549611982,3.548747232926331,-1.0410316099816752,0.9766157680938864
TER00176,terreno,disponible,venta,590000.0,dolar,0,0,Warnes,Warnes,4513.0,-17.527769,-63.162201,13.28787951079572,13.28787951079572,8.414938957377482,8.414938957377482,0.0,0.0,0.0,0.0,1,2,0,687663.6869501647,291987.10381165665,288266.86401779304,2.3715174770176777,-1.7747055502094886,-1.8276372100843195,1.7525844210160881,-0.016114366641495355,0.8280415687087431,0.23576497732513937,0.19958583564207735,-0.5618708464460638,1.03380983571636
TER00177,terreno,disponible,venta,629155.0,dolar,0,0,Parque Industrial Latinoamericano,Warnes,17.0,-17.537954,-63.126045,13.352134517651109,13.352134517651109,2.8903717578961645,3.4011973816621555,0.0,0.0,0.0,0.0,1,2,0,687663.6869501647,291987.10381165665,296124.6707653494,-1.6966828585916696,-1.7747055502094886,-1.8276372100843195,1.7525844210160881,-0.016114366641495355,0.8280415687087431,0.291826090429223,0.19958583564207735,-0.5771042119611626,1.0486864486840335
TER00178,terreno,disponible,venta,322000.0,dolar,0,0,Warnes,Warnes,144113.0,-17.42486,-63.160915,12.682309930111785,12.682309930111785,11.87835993202204,10.819798284210286,0.0,0.0,0.0,0.0,1,2,0,687663.6869501647,291987.10381165665,288266.86401779304,4.322844519460755,-1.7747055502094886,-1.8276372100843195,1.7525844210160881,-0.016114366641495355,0.8280415687087431,0.23576497732513937,0.19958583564207735,-0.40795328024151517,1.034338968482054
TER00179,terreno,disponible,venta,280000.0,dolar,0,0,Warnes,Warnes,100839.0,-17.428053,-63.158489,12.54254845357358,12.54254845357358,11.521290381301856,10.819798284210286,0.0,0.0,0.0,0.0,1,2,0,687663.6869501647,291987.10381165665,288266.86401779304,4.322844519460755,-1.7747055502094886,-1.8276372100843195,1.7525844210160881,-0.016114366641495355,0.8280415687087431,0.23576497732513937,0.19958583564207735,-0.4127289440696648,1.035337161397741
TER00180,terreno,disponible,venta,4350.0,dolar,0,0,Warnes,Warnes,150.0,-17.453356,-63.178425,8.37816098272068,8.37816098272068,5.017279836814924,5.017279836814924,0.0,0.0,0.0,0.0,1,2,0,687663.6869501647,291987.10381165665,288266.86401779304,-0.38537730222444483,-1.7747055502094886,-1.8276372100843195,1.7525844210160881,-0.016114366641495355,0.8280415687087431,0.23576497732513937,0.19958583564207735,-0.4505737990160138,1.0271343691606736
CAS00409,casa,disponible,venta,40000.0,dolar,2,1,Parque Industrial Latinoamericano,Warnes,77.0,-17.518639,-63.144756,10.596659732783579,10.596659732783579,4.356708826689592,4.356708826689592,1.0986122886681098,1.0986122886681098,0.6931471805599453,0.6931471805599453,1,2,0,293318.67804873566,291987.10381165665,296124.6707653494,-0.9213712629228027,-0.1443097211863738,-0.7708567176005267,0.11763177455760256,-0.016114366641495355,0.8280415687087431,0.291826090429223,0.19958583564207735,-0.5482154093176554,1.040987690380069
CAS00410,casa,disponible,venta,100000.0,dolar,5,1,Cotoca,Cotoca,470.0,-17.75359,-62.996605,11.51293546492023,11.51293546492023,6.154858094016418,6.154858094016418,1.791759469228055,1.791759469228055,0.6931471805599453,0.6931471805599453,1,2,0,293318.67804873566,239742.51621808138,239742.51621808138,0.5376651358112123,0.8843555174431118,-0.7708567176005267,0.11763177455760256,-0.016114366641495355,0.8280415687087431,-0.11042945551039657,-0.5848395280532339,-0.8996238002001301,1.1019453485218278
CAS00411,casa,disponible,venta,82000.0,dolar,2,2,Cotoca,Cotoca,140.0,-17.715412,-63.026646,11.314486721293981,11.314486721293981,4.948759890378168,4.948759890378168,1.0986122886681098,1.0986122886681098,1.0986122886681098,1.0986122886681098,1,2,0,293318.67804873566,239742.51621808138,239742.51621808138,-0.44097507583928736,-0.1443097211863738,-0.152679758003872,0.11763177455760256,-0.016114366641495355,0.8280415687087431,-0.11042945551039657,-0.5848395280532339,-0.8425222362693078,1.089584790656971
EDI00023,edificio,disponible,venta,780000.0,dolar,37,40,Villamontes,Villamontes,2401.0,-21.259079,-63.470444,13.567050480716235,13.567050480716235,7.784057002639929,7.784057002639929,3.6375861597263857,3.6375861597263857,3.713572066704308,3.044522437723423,1,2,0,1171175.6402570198,393458.44135366054,393458.44135366054,1.8596135144312105,3.623655057717201,2.814078159104963,3.757222820917717,-0.016114366641495355,0.8280415687087431,0.9862488087653729,1.7231252972843092,-6.1426670251543625,0.9069813200898023
